file,line,caller,phase,callee,code_or_args,guard,time_loop_stage,prev_call,next_call
ccib.f90,7975,CC_SCALARS::INIT_CUTCELL_DATA,setup,MESH_CC_EXCHANGE,1,,,CC_VELOCITY_CUTFACES,MESH_CC_EXCHANGE
ccib.f90,7976,CC_SCALARS::INIT_CUTCELL_DATA,setup,MESH_CC_EXCHANGE,4,,,MESH_CC_EXCHANGE,MESH_CC_EXCHANGE
ccib.f90,7977,CC_SCALARS::INIT_CUTCELL_DATA,setup,MESH_CC_EXCHANGE,6,,,MESH_CC_EXCHANGE,CC_H_INTERP
main.f90,3135,FDS::MESH_EXCHANGE,runtime+setup,MESH_CC_EXCHANGE,CODE,CC_IBM,,,MPI_SEND_INIT
main.f90,310,FDS,setup(program body),MESH_EXCHANGE,0,,setup,POST_RECEIVES,EXCHANGE_GEOMETRY_INFO
main.f90,399,FDS,setup(program body),MESH_EXCHANGE,1,,setup,VERBOSE_PRINTOUT,MESH_EXCHANGE
main.f90,400,FDS,setup(program body),MESH_EXCHANGE,4,,setup,MESH_EXCHANGE,MESH_EXCHANGE
main.f90,401,FDS,setup(program body),MESH_EXCHANGE,6,,setup,MESH_EXCHANGE,MATCH_VELOCITY
main.f90,429,FDS,setup(program body),MESH_EXCHANGE,14,,setup,INITIALIZE_LEVEL_SET_FIRESPREAD_1,INITIALIZE_LEVEL_SET_FIRESPREAD_2
main.f90,433,FDS,setup(program body),MESH_EXCHANGE,14,,setup,INITIALIZE_LEVEL_SET_FIRESPREAD_2,INITIALIZE_LEVEL_SET_FIRESPREAD_2
main.f90,510,FDS,setup(program body),MESH_EXCHANGE,2,,setup,WALL_BC,VERBOSE_PRINTOUT
main.f90,790,FDS,runtime(MAIN_LOOP),MESH_EXCHANGE,1,LEVEL_SET_MODE/=1,predictor,CC_DENSITY,MESH_EXCHANGE
main.f90,794,FDS,runtime(MAIN_LOOP),MESH_EXCHANGE,14,TERRAIN_CASE,predictor,MESH_EXCHANGE,MPI_ALLREDUCE
main.f90,801,FDS,runtime(MAIN_LOOP),MESH_EXCHANGE,7,,predictor,MPI_ALLREDUCE,POST_RECEIVES
main.f90,803,FDS,runtime(MAIN_LOOP),MESH_EXCHANGE,11,,predictor,POST_RECEIVES,VISCOSITY_BC
main.f90,909,FDS,runtime(MAIN_LOOP),MESH_EXCHANGE,3,LEVEL_SET_MODE/=1,predictor,CC_END_STEP,MATCH_VELOCITY
main.f90,959,FDS,runtime(MAIN_LOOP),MESH_EXCHANGE,4,LEVEL_SET_MODE/=1,corrector,CC_DENSITY,VISCOSITY_BC
main.f90,991,FDS,runtime(MAIN_LOOP),MESH_EXCHANGE,20,NMESHES>1,corrector,MOVE_PARTICLES,PARTICLE_MOMENTUM_TRANSFER
main.f90,1000,FDS,runtime(MAIN_LOOP),MESH_EXCHANGE,7,,corrector,PARTICLE_MOMENTUM_TRANSFER,POST_RECEIVES
main.f90,1002,FDS,runtime(MAIN_LOOP),MESH_EXCHANGE,11,,corrector,POST_RECEIVES,WALL_BC
main.f90,1014,FDS,runtime(MAIN_LOOP),MESH_EXCHANGE,6,,corrector,WALL_BC,HT3D_TEMPERATURE_EXCHANGE
main.f90,1040,FDS,runtime(MAIN_LOOP),MESH_EXCHANGE,2,,corrector,CCCOMPUTE_RADIATION,INITIALIZE_DIVERGENCE_INTEGRALS
main.f90,1074,FDS,runtime(MAIN_LOOP),MESH_EXCHANGE,15,,corrector,GLOBAL_MATRIX_REASSIGN,POST_RECEIVES
main.f90,1076,FDS,runtime(MAIN_LOOP),MESH_EXCHANGE,16,,corrector,POST_RECEIVES,MESH_EXCHANGE
main.f90,1077,FDS,runtime(MAIN_LOOP),MESH_EXCHANGE,17,,corrector,MESH_EXCHANGE,POST_RECEIVES
main.f90,1079,FDS,runtime(MAIN_LOOP),MESH_EXCHANGE,18,,corrector,POST_RECEIVES,DIVERGENCE_PART_2
main.f90,1105,FDS,runtime(MAIN_LOOP),MESH_EXCHANGE,6,LEVEL_SET_MODE/=1,corrector,CC_END_STEP,MESH_EXCHANGE
main.f90,1112,FDS,runtime(MAIN_LOOP),MESH_EXCHANGE,2,,corrector,MESH_EXCHANGE,MATCH_VELOCITY
main.f90,1617,FDS::PRESSURE_ITERATION_SCHEME,runtime,MESH_EXCHANGE,5,,pressure_iteration,,GET_LINKED_FV
main.f90,1636,FDS::PRESSURE_ITERATION_SCHEME,runtime,MESH_EXCHANGE,5,,pressure_iteration,CC_NO_FLUX,MATCH_VELOCITY_FLUX
main.f90,1663,FDS::PRESSURE_ITERATION_SCHEME,runtime,MESH_EXCHANGE,5,,pressure_iteration,GLMAT_SOLVER,COPY_H_OMESH_TO_MESH
main.f90,1687,FDS::PRESSURE_ITERATION_SCHEME,runtime,MESH_EXCHANGE,5,,pressure_iteration,PRESSURE_SOLVER_CHECK_RESIDUALS_U,COMPUTE_VELOCITY_ERROR
main.f90,1822,FDS::GLOBAL_MATRIX_REASSIGN,runtime+setup,MESH_EXCHANGE,3,,,STOP_CHECK,GLMAT_SOLVER_SETUP
main.f90,1824,FDS::GLOBAL_MATRIX_REASSIGN,runtime+setup,MESH_EXCHANGE,3,,,GLMAT_SOLVER_SETUP,GLMAT_SOLVER_SETUP
main.f90,1826,FDS::GLOBAL_MATRIX_REASSIGN,runtime+setup,MESH_EXCHANGE,3,,,GLMAT_SOLVER_SETUP,GLMAT_SOLVER_SETUP
main.f90,1828,FDS::GLOBAL_MATRIX_REASSIGN,runtime+setup,MESH_EXCHANGE,3,,,GLMAT_SOLVER_SETUP,GLMAT_SOLVER_SETUP
main.f90,2370,FDS::INITIALIZE_BACK_WALL_EXCHANGE,setup,MESH_EXCHANGE,8,,,POST_RECEIVES,POST_RECEIVES
main.f90,2395,FDS::INITIALIZE_BACK_WALL_EXCHANGE,setup,MESH_EXCHANGE,9,,,POST_RECEIVES,POST_RECEIVES
main.f90,2477,FDS::INITIALIZE_BACK_WALL_EXCHANGE,setup,MESH_EXCHANGE,19,,,POST_RECEIVES,MPI_BCAST
main.f90,2553,FDS::INITIALIZE_BACK_WALL_EXCHANGE,setup,MESH_EXCHANGE,10,,,POST_RECEIVES,MESH_EXCHANGE
main.f90,2559,FDS::INITIALIZE_BACK_WALL_EXCHANGE,setup,MESH_EXCHANGE,6,,,MESH_EXCHANGE,INITIALIZE_HT3D_WALL_CELLS
main.f90,309,FDS,setup(program body),POST_RECEIVES,0,,setup,ALLOCATE_RADIATION_SEND_PKG,MESH_EXCHANGE
main.f90,802,FDS,runtime(MAIN_LOOP),POST_RECEIVES,11,,predictor,MESH_EXCHANGE,MESH_EXCHANGE
main.f90,1001,FDS,runtime(MAIN_LOOP),POST_RECEIVES,11,,corrector,MESH_EXCHANGE,MESH_EXCHANGE
main.f90,1075,FDS,runtime(MAIN_LOOP),POST_RECEIVES,16,,corrector,MESH_EXCHANGE,MESH_EXCHANGE
main.f90,1078,FDS,runtime(MAIN_LOOP),POST_RECEIVES,18,,corrector,MESH_EXCHANGE,MESH_EXCHANGE
main.f90,2369,FDS::INITIALIZE_BACK_WALL_EXCHANGE,setup,POST_RECEIVES,8,,,ADJUST_HT3D_WALL_CELLS,MESH_EXCHANGE
main.f90,2394,FDS::INITIALIZE_BACK_WALL_EXCHANGE,setup,POST_RECEIVES,9,,,MESH_EXCHANGE,MESH_EXCHANGE
main.f90,2476,FDS::INITIALIZE_BACK_WALL_EXCHANGE,setup,POST_RECEIVES,19,,,MESH_EXCHANGE,MESH_EXCHANGE
main.f90,2552,FDS::INITIALIZE_BACK_WALL_EXCHANGE,setup,POST_RECEIVES,10,,,MPI_REQUEST_FREE,MESH_EXCHANGE
ccib.f90,18096,CC_SCALARS::GET_CRTCFCC_INT_STENCILS,setup,CC_EXCHANGE_UNPACKING_ARRAYS,,,,FILL_IJKO_INTERP_STENCILS,CPU_TIME
geom.f90,8596,COMPLEX_GEOMETRY_GRID::SET_CUTCELLS_3D,setup,CC_GRID_EXCHANGE_AND_REBLOCK,"CC_COMPUTE_MESH,ISTR,IEND,JSTR,JEND,KSTR,KEND",,,CC_GRID_POSTBUILD_BLOCK_AND_LINK_MESH,CC_GRID_POSTPROCESS_AND_CLEANUP
geom.f90,12875,COMPLEX_GEOMETRY_GRID::CC_GRID_EXCHANGE_AND_REBLOCK,setup,CC_GRID_EXCHANGE_REBLOCK_PASS,"CC_COMPUTE_MESH,ISTR,IEND,JSTR,JEND,KSTR,KEND",,,PROMOTE_REFINEMENT_FOOTPRINTS_FROM_BLOCKED_FINE,CC_GRID_FINAL_REBLOCK_PASS
geom.f90,12803,COMPLEX_GEOMETRY_GRID::CC_GRID_EXCHANGE_REBLOCK_PASS,setup,CC_GRID_REBLOCK_MESH_AFTER_NEIGHBOR_EXCHANGE,"NM,ISTR,IEND,JSTR,JEND,KSTR,KEND",,,ADD_NEIGHBOR_BLOCKED_CELLS,EXCHANGE_CC_ELIMINATED_INFO
ccib.f90,3969,CC_SCALARS::MESH_CC_EXCHANGE,runtime+setup,EXCHANGE_BACK_CFACE_DATA,,CODE==6,,,MPI_RECV_INIT
geom.f90,5635,COMPLEX_GEOMETRY_GRID::EXCHANGE_CC_NOADVANCE_INFO,setup,EXCHANGE_CC_BLOCKED_LISTS,,,,GET_BLOCKING_CUTCELL_DONOR,
geom.f90,5663,COMPLEX_GEOMETRY_GRID::EXCHANGE_CC_ELIMINATED_INFO,setup,EXCHANGE_CC_BLOCKED_LISTS,,,,POINT_TO_MESH,
geom.f90,12808,COMPLEX_GEOMETRY_GRID::CC_GRID_EXCHANGE_REBLOCK_PASS,setup,EXCHANGE_CC_ELIMINATED_INFO,,,,CC_GRID_REBLOCK_MESH_AFTER_NEIGHBOR_EXCHANGE,APPLY_OWN_BLOCKED_TO_REPLICAS
geom.f90,12794,COMPLEX_GEOMETRY_GRID::CC_GRID_EXCHANGE_REBLOCK_PASS,setup,EXCHANGE_CC_NOADVANCE_INFO,,,,,APPLY_OWN_BLOCKED_TO_REPLICAS
geom.f90,12831,COMPLEX_GEOMETRY_GRID::CC_GRID_EXCHANGE_REBLOCK_PASS,setup,EXCHANGE_CC_NOADVANCE_INFO,,,,CC_GRID_FINAL_REBLOCK_MESH,APPLY_OWN_BLOCKED_TO_REPLICAS
geom.f90,12847,COMPLEX_GEOMETRY_GRID::CC_GRID_FINAL_REBLOCK_PASS,setup,EXCHANGE_CC_NOADVANCE_INFO,,,,,APPLY_OWN_BLOCKED_TO_REPLICAS
main.f90,1171,FDS,runtime(MAIN_LOOP),EXCHANGE_DIAGNOSTICS,,.NOT.SUPPRESS_DIAGNOSTICS .AND. N_MPI_PROCESSES>1,corrector,WRITE_STRINGS,WRITE_DIAGNOSTICS
main.f90,1914,FDS::STOP_CHECK,runtime+setup,EXCHANGE_DIAGNOSTICS,,.NOT.SUPPRESS_DIAGNOSTICS .AND. N_MPI_PROCESSES>1,,MPI_ALLREDUCE,WRITE_DIAGNOSTICS
main.f90,594,FDS,setup(program body),EXCHANGE_DIVERGENCE_INFO,,N_ZONE>0 .AND. .NOT.SOLID_PHASE_ONLY,setup,DIVERGENCE_PART_1,GLOBAL_MATRIX_REASSIGN
main.f90,845,FDS,runtime(MAIN_LOOP),EXCHANGE_DIVERGENCE_INFO,,N_ZONE>0 .AND. .NOT.SOLID_PHASE_ONLY,predictor,DIVERGENCE_PART_1,DIVERGENCE_PART_2
main.f90,1065,FDS,runtime(MAIN_LOOP),EXCHANGE_DIVERGENCE_INFO,,N_ZONE>0 .AND. .NOT.SOLID_PHASE_ONLY,corrector,CALCULATE_RTE_SOURCE_CORRECTION_FACTOR,GLOBAL_MATRIX_REASSIGN
main.f90,759,FDS,runtime(MAIN_LOOP),EXCHANGE_EXTERNAL,,,predictor,STOP_CHECK,INSERT_ALL_PARTICLES
ccib.f90,7335,CC_SCALARS::CC_SET_DATA,setup,EXCHANGE_GEOMETRY_INFO,,,,GET_SOLID_CUTCELL_EDGES_BC,GET_CRTCFCC_INT_STENCILS
main.f90,193,FDS,setup(program body),EXCHANGE_GEOMETRY_INFO,,,setup,MPI_INITIALIZATION_CHORES,INITIALIZE_ATMOSPHERE
main.f90,312,FDS,setup(program body),EXCHANGE_GEOMETRY_INFO,,,setup,MESH_EXCHANGE,INITIALIZE_MESH_VARIABLES_2
main.f90,1791,FDS::CREATE_OR_REMOVE_OBSTRUCTIONS,runtime+setup,EXCHANGE_GEOMETRY_INFO,,,,MPI_ALLREDUCE,REASSIGN_WALL_CELLS
main.f90,2784,FDS::INITIALIZE_PRESSURE_ZONES,setup,EXCHANGE_GEOMETRY_INFO,,,,REALLOCATE_CELL,
main.f90,644,FDS,setup(program body),EXCHANGE_GLOBAL_OUTPUTS,,,setup,VERBOSE_PRINTOUT,UPDATE_CONTROLS
main.f90,1132,FDS,runtime(MAIN_LOOP),EXCHANGE_GLOBAL_OUTPUTS,,,corrector,UPDATE_GLOBAL_OUTPUTS,UPDATE_CONTROLS
main.f90,570,FDS,setup(program body),EXCHANGE_HVAC_BC,,N_MPI_PROCESSES>1,setup,STOP_CHECK,COLLAPSE_HVAC_BC
main.f90,828,FDS,runtime(MAIN_LOOP),EXCHANGE_HVAC_BC,,FIRST_PASS .AND. N_MPI_PROCESSES>1,predictor,HVAC_BC_IN,HVAC_CALC
main.f90,830,FDS,runtime(MAIN_LOOP),EXCHANGE_HVAC_SOLUTION,,N_MPI_PROCESSES>1,predictor,HVAC_CALC,INITIALIZE_DIVERGENCE_INTEGRALS
main.f90,603,FDS,setup(program body),EXCHANGE_NOBST_INFO,,,setup,VERBOSE_PRINTOUT,WRITE_VTKHDF_GEOM_FILE
main.f90,474,FDS,setup(program body),EXCHANGE_NPATCH_INFO,,,setup,INITIALIZE_MESH_DUMPS,EXCHANGE_NSLICE_INFO
main.f90,477,FDS,setup(program body),EXCHANGE_NSLICE_INFO,,,setup,EXCHANGE_NPATCH_INFO,WRITE_PARAVIEW_STATE_FILE
main.f90,179,FDS,setup(program body),EXCHANGE_VENT_AREA,,N_VENT_TOTAL > 0,setup,MPI_INITIALIZATION_CHORES,INITIALIZE_GLOBAL_VARIABLES
main.f90,1016,FDS,runtime(MAIN_LOOP),HT3D_TEMPERATURE_EXCHANGE,NM,,corrector,MESH_EXCHANGE,CALCULATE_DIRECTION_COEFFICIENTS
main.f90,333,FDS,setup(program body),INITIALIZE_BACK_CFACE_EXCHANGE,,,setup,VERBOSE_PRINTOUT,VERBOSE_PRINTOUT
main.f90,326,FDS,setup(program body),INITIALIZE_BACK_WALL_EXCHANGE,1,,setup,VERBOSE_PRINTOUT,MPI_BARRIER
main.f90,328,FDS,setup(program body),INITIALIZE_BACK_WALL_EXCHANGE,2,,setup,MPI_BARRIER,VERBOSE_PRINTOUT
main.f90,262,FDS,setup(program body),INITIALIZE_MESH_EXCHANGE_1,NM,,setup,WRITE_STATUS_FILES,VERBOSE_PRINTOUT
main.f90,297,FDS,setup(program body),INITIALIZE_RADIATION_EXCHANGE,NM,,setup,MPI_INITIALIZATION_CHORES,CHECK_FOR_MIRROR_BOUNDARY
main.f90,2649,FDS::INITIALIZE_PRESSURE_ZONES,setup,ZONE_BOUNDARY_EXCHANGE,,,,MPI_ALLREDUCE,MPI_ALLREDUCE
main.f90,2681,FDS::INITIALIZE_PRESSURE_ZONES,setup,ZONE_BOUNDARY_EXCHANGE,,,,ASSIGN_PRESSURE_ZONE,MPI_ALLREDUCE
