kind,file,line,routine,phase,call,variables,mpi_op,datatype,order_dependent,feeds,physics_or_output_only,feeds_src,per_process_presum,notes
mpi_collective,ccib.f90,312,INITIALIZE_BACK_CFACE_EXCHANGE,setup,MPI_ALLREDUCE,N_GLOBAL,SUM,MPI_INTEGER,no (integer SUM is exact),control flag / integer bookkeeping (N_GLOBAL),bookkeeping,ccib.f90:312,,
mpi_collective,ccib.f90,8272,FINISH_CC,setup,MPI_ALLREDUCE,T_CC_USED_MIN,MIN,MPI_DOUBLE_PRECISION,no,CPU timing,output_only,ccib.f90:8272-8274,,
mpi_collective,ccib.f90,8273,FINISH_CC,setup,MPI_ALLREDUCE,T_CC_USED_MAX,MAX,MPI_DOUBLE_PRECISION,no,CPU timing,output_only,ccib.f90:8272-8274,,
mpi_collective,ccib.f90,8274,FINISH_CC,setup,MPI_ALLREDUCE,T_CC_USED_MEA,SUM,MPI_DOUBLE_PRECISION,yes,CPU timing,output_only,ccib.f90:8272-8274,,
mpi_collective,ccib.f90,16466,CC_CHECK_DIVERGENCE,runtime+setup,MPI_ALLREDUCE,RESMAXV,SUM,MPI_DOUBLE_PRECISION,yes,CC divergence diagnostics (per-mesh slots; SUM used as gather),output_only,ccib.f90:16466-16482,, | each mesh slot has one non-zero contributor
mpi_collective,ccib.f90,16467,CC_CHECK_DIVERGENCE,runtime+setup,MPI_ALLREDUCE,DIVMNX,SUM,MPI_DOUBLE_PRECISION,yes,CC divergence diagnostics (per-mesh slots; SUM used as gather),output_only,ccib.f90:16466-16482,, | each mesh slot has one non-zero contributor
mpi_collective,ccib.f90,16468,CC_CHECK_DIVERGENCE,runtime+setup,MPI_ALLREDUCE,DIVVOLMNX,SUM,MPI_DOUBLE_PRECISION,yes,CC divergence diagnostics (per-mesh slots; SUM used as gather),output_only,ccib.f90:16466-16482,, | each mesh slot has one non-zero contributor
mpi_collective,ccib.f90,16470,CC_CHECK_DIVERGENCE,runtime+setup,MPI_ALLREDUCE,VOLMNX,SUM,MPI_DOUBLE_PRECISION,yes,CC divergence diagnostics (per-mesh slots; SUM used as gather),output_only,ccib.f90:16466-16482,, | each mesh slot has one non-zero contributor
mpi_collective,ccib.f90,16471,CC_CHECK_DIVERGENCE,runtime+setup,MPI_ALLREDUCE,RESVOLMX,SUM,MPI_DOUBLE_PRECISION,yes,CC divergence diagnostics (per-mesh slots; SUM used as gather),output_only,ccib.f90:16466-16482,, | each mesh slot has one non-zero contributor
mpi_collective,ccib.f90,16472,CC_CHECK_DIVERGENCE,runtime+setup,MPI_ALLREDUCE,XYZMNX,SUM,MPI_DOUBLE_PRECISION,yes,CC divergence diagnostics (per-mesh slots; SUM used as gather),output_only,ccib.f90:16466-16482,, | each mesh slot has one non-zero contributor
mpi_collective,ccib.f90,16475,CC_CHECK_DIVERGENCE,runtime+setup,MPI_ALLREDUCE,IJKRM,SUM,MPI_INTEGER,no (integer SUM is exact),CC divergence diagnostics (per-mesh slots; SUM used as gather),output_only,ccib.f90:16466-16482,, | each mesh slot has one non-zero contributor
mpi_collective,ccib.f90,16476,CC_CHECK_DIVERGENCE,runtime+setup,MPI_ALLREDUCE,IJKMNX,SUM,MPI_INTEGER,no (integer SUM is exact),CC divergence diagnostics (per-mesh slots; SUM used as gather),output_only,ccib.f90:16466-16482,, | each mesh slot has one non-zero contributor
mpi_collective,ccib.f90,16477,CC_CHECK_DIVERGENCE,runtime+setup,MPI_ALLREDUCE,DIVVOLIJKMNX,SUM,MPI_INTEGER,no (integer SUM is exact),CC divergence diagnostics (per-mesh slots; SUM used as gather),output_only,ccib.f90:16466-16482,, | each mesh slot has one non-zero contributor
mpi_collective,ccib.f90,16479,CC_CHECK_DIVERGENCE,runtime+setup,MPI_ALLREDUCE,DIVVOLICJCMNX,SUM,MPI_INTEGER,no (integer SUM is exact),CC divergence diagnostics (per-mesh slots; SUM used as gather),output_only,ccib.f90:16466-16482,, | each mesh slot has one non-zero contributor
mpi_collective,ccib.f90,16481,CC_CHECK_DIVERGENCE,runtime+setup,MPI_ALLREDUCE,DIVICJCMNX,SUM,MPI_INTEGER,no (integer SUM is exact),CC divergence diagnostics (per-mesh slots; SUM used as gather),output_only,ccib.f90:16466-16482,, | each mesh slot has one non-zero contributor
mpi_collective,ccib.f90,16482,CC_CHECK_DIVERGENCE,runtime+setup,MPI_ALLREDUCE,RESICJCMX,SUM,MPI_INTEGER,no (integer SUM is exact),CC divergence diagnostics (per-mesh slots; SUM used as gather),output_only,ccib.f90:16466-16482,, | each mesh slot has one non-zero contributor
mpi_collective,ccib.f90,23099,GET_LINKED_MATRIX_INDEXES_Z,setup,MPI_ALLREDUCE,NUNKZ_TOT,SUM,MPI_INTEGER,no (integer SUM is exact),control flag / integer bookkeeping (NUNKZ_TOT),bookkeeping,ccib.f90:23099,ccib.f90:22991; ccib.f90:23009; ccib.f90:23024,
mpi_collective,dump.f90,2688,WRITE_SMOKEVIEW_FILE,setup,MPI_EXSCAN,OFFSET,SUM,MPI_INTEGER,no (integer SUM is exact),Smokeview .smv file,output_only,dump.f90:2688-2731,,
mpi_collective,dump.f90,2706,WRITE_SMOKEVIEW_FILE,setup,MPI_GATHERV,RECV_USE_LEN,gather,MPI_INTEGER,no (gather; any later serial reduction is listed separately),Smokeview .smv file,output_only,dump.f90:2688-2731,,
mpi_collective,dump.f90,2717,WRITE_SMOKEVIEW_FILE,setup,MPI_GATHERV,STR_GATHER,gather,MPI_CHARACTER,no (gather; any later serial reduction is listed separately),Smokeview .smv file,output_only,dump.f90:2688-2731,,
mpi_collective,dump.f90,2726,WRITE_SMOKEVIEW_FILE,setup,MPI_GATHERV,RECV_USE_LEN,gather,MPI_INTEGER,no (gather; any later serial reduction is listed separately),Smokeview .smv file,output_only,dump.f90:2688-2731,,
mpi_collective,dump.f90,2731,WRITE_SMOKEVIEW_FILE,setup,MPI_GATHERV,STR_GATHER,gather,MPI_CHARACTER,no (gather; any later serial reduction is listed separately),Smokeview .smv file,output_only,dump.f90:2688-2731,,
mpi_collective,fire.f90,189,COMBUSTION_GENERAL_LOAD_BALANCED,runtime,MPI_ALLGATHER,NCHEM_ACTIVE_CELLS_AND_CC_RANK_WISE,gather,MPI_INTEGER,no (gather; any later serial reduction is listed separately),control flag / integer bookkeeping (NCHEM_ACTIVE_CELLS_AND_CC_RANK_WISE),bookkeeping,fire.f90:189,fire.f90:131; fire.f90:165,
mpi_collective,fire.f90,1303,DUMP_CVODE_WARNING_SUMMARY,runtime,MPI_ALLREDUCE,CVODE_WARNING_CELLS,SUM,MPI_INTEGER,no (integer SUM is exact),CVODE warning summary,output_only,fire.f90:1303-1306,,
mpi_collective,fire.f90,1306,DUMP_CVODE_WARNING_SUMMARY,runtime,MPI_ALLREDUCE,NCHEM_ACTIVE_CELLS_AND_CC_GLOBAL,SUM,MPI_INTEGER,no (integer SUM is exact),CVODE warning summary,output_only,fire.f90:1303-1306,,
mpi_collective,func.f90,5338,EXCHANGE_GEOMETRY_INFO,runtime+setup,MPI_ALLGATHERV,CELL_COUNT,gather,MPI_INTEGER,no (gather; any later serial reduction is listed separately),control flag / integer bookkeeping (CELL_COUNT),bookkeeping,func.f90:5338,dump.f90:3087,
mpi_collective,func.f90,5339,EXCHANGE_GEOMETRY_INFO,runtime+setup,MPI_ALLGATHERV,CELL_COUNT_INTEGERS,gather,MPI_INTEGER,no (gather; any later serial reduction is listed separately),control flag / integer bookkeeping (CELL_COUNT_INTEGERS),bookkeeping,func.f90:5339,,
mpi_collective,func.f90,5340,EXCHANGE_GEOMETRY_INFO,runtime+setup,MPI_ALLGATHERV,CELL_COUNT_LOGICALS,gather,MPI_INTEGER,no (gather; any later serial reduction is listed separately),control flag / integer bookkeeping (CELL_COUNT_LOGICALS),bookkeeping,func.f90:5340,,
mpi_collective,geom.f90,5546,CHECK_WALL_CELL_PLANE_MATCH,setup,MPI_ALLREDUCE,BUFF,SUM,MPI_INTEGER,no (integer SUM is exact),control flag / integer bookkeeping (BUFF),bookkeeping,geom.f90:5546,,
mpi_collective,geom.f90,12128,GET_EXT_INB_CUTFACES_TO_CFACE,setup,MPI_ALLREDUCE,NCFACE_BY_MESH,SUM,MPI_INTEGER,no (integer SUM is exact),control flag / integer bookkeeping (NCFACE_BY_MESH),bookkeeping,geom.f90:12128,geom.f90:12084; geom.f90:12114; geom.f90:12123,
mpi_collective,geom.f90,12310,GET_EXT_INB_CUTFACES_TO_CFACE,setup,MPI_ALLREDUCE,FDS_AREA_GEOM,SUM,MPI_DOUBLE_PRECISION,yes,GEOM VOLUME_FLOW normal velocity U_NORMAL_0 (setup),physics,geom.f90:6706,geom.f90:12306,guard: N_GEOMETRY>0
mpi_collective,geom.f90,14619,CC_GRID_UPDATE_INBOUNDARY_AREA_ADJUST,setup,MPI_ALLREDUCE,GEOM_AREA_SURF_OLD,SUM,MPI_DOUBLE_PRECISION,yes,GEOM in-boundary CFACE area adjustment ratio (setup),physics,geom.f90:14626,geom.f90:14345,
mpi_collective,geom.f90,14620,CC_GRID_UPDATE_INBOUNDARY_AREA_ADJUST,setup,MPI_ALLREDUCE,GEOM_AREA_SURF_NEW,SUM,MPI_DOUBLE_PRECISION,yes,GEOM in-boundary CFACE area adjustment ratio (setup),physics,geom.f90:14626,geom.f90:14401,
mpi_collective,geom.f90,14759,CC_GRID_WRITE_VERBOSE_SUMMARY,setup,MPI_ALLREDUCE,CF_AREA_INB,SUM,MPI_DOUBLE_PRECISION,yes,CC grid verbose summary,output_only,geom.f90:14759-14857,geom.f90:14720,
mpi_collective,geom.f90,14776,CC_GRID_WRITE_VERBOSE_SUMMARY,setup,MPI_ALLREDUCE,CC_VOLUME_INB,SUM,MPI_DOUBLE_PRECISION,yes,CC grid verbose summary,output_only,geom.f90:14759-14857,geom.f90:14731,
mpi_collective,geom.f90,14779,CC_GRID_WRITE_VERBOSE_SUMMARY,setup,MPI_ALLREDUCE,GP_VOLUME,SUM,MPI_DOUBLE_PRECISION,yes,CC grid verbose summary,output_only,geom.f90:14759-14857,geom.f90:14739,
mpi_collective,geom.f90,14782,CC_GRID_WRITE_VERBOSE_SUMMARY,setup,MPI_ALLREDUCE,DM_VOLUME,SUM,MPI_DOUBLE_PRECISION,yes,CC grid verbose summary,output_only,geom.f90:14759-14857,geom.f90:14749,
mpi_collective,geom.f90,14785,CC_GRID_WRITE_VERBOSE_SUMMARY,setup,MPI_ALLREDUCE,CCGP_XYZCEN,SUM,MPI_DOUBLE_PRECISION,yes,CC grid verbose summary,output_only,geom.f90:14759-14857,geom.f90:14726; geom.f90:14740; geom.f90:14741; geom.f90:14742,
mpi_collective,geom.f90,14788,CC_GRID_WRITE_VERBOSE_SUMMARY,setup,MPI_ALLREDUCE,DM_XYZCEN,SUM,MPI_DOUBLE_PRECISION,yes,CC grid verbose summary,output_only,geom.f90:14759-14857,geom.f90:14751; geom.f90:14752; geom.f90:14753,
mpi_collective,geom.f90,14835,CC_GRID_WRITE_VERBOSE_SUMMARY,setup,MPI_ALLREDUCE,GEOM_AREA_SURF,SUM,MPI_DOUBLE_PRECISION,yes,CC grid verbose summary,output_only,geom.f90:14759-14857,geom.f90:14831,
mpi_collective,geom.f90,14836,CC_GRID_WRITE_VERBOSE_SUMMARY,setup,MPI_ALLREDUCE,GEOM_SURF,SUM,MPI_INTEGER,no (integer SUM is exact),CC grid verbose summary,output_only,geom.f90:14759-14857,,
mpi_collective,geom.f90,14856,CC_GRID_WRITE_VERBOSE_SUMMARY,setup,MPI_ALLREDUCE,N_SPCELLCF_TOT,SUM,MPI_INTEGER,no (integer SUM is exact),CC grid verbose summary,output_only,geom.f90:14759-14857,geom.f90:14849,
mpi_collective,geom.f90,14857,CC_GRID_WRITE_VERBOSE_SUMMARY,setup,MPI_ALLREDUCE,N_SPCELL_TOT,SUM,MPI_INTEGER,no (integer SUM is exact),CC grid verbose summary,output_only,geom.f90:14759-14857,geom.f90:14850,
mpi_collective,hvac.f90,1072,PROC_HVAC,setup,MPI_ALLREDUCE,STOP_STATUS,MAX,MPI_INTEGER,no,control flag / integer bookkeeping (STOP_STATUS),bookkeeping,hvac.f90:1072,,guard: N_MPI_PROCESSES>1
mpi_collective,hvac.f90,1076,PROC_HVAC,setup,MPI_ALLREDUCE,FOUND,LOR,MPI_LOGICAL,no,control flag / integer bookkeeping (FOUND),bookkeeping,hvac.f90:1076,,
mpi_collective,hvac.f90,1081,PROC_HVAC,setup,MPI_ALLREDUCE,DN%XYZ,MAX,MPI_DOUBLE_PRECISION,no,HVAC node coordinates (setup),physics,hvac.f90:1081-1083,,
mpi_collective,hvac.f90,1082,PROC_HVAC,setup,MPI_ALLREDUCE,DN%XYZ,MAX,MPI_DOUBLE_PRECISION,no,HVAC node coordinates (setup),physics,hvac.f90:1081-1083,,
mpi_collective,hvac.f90,1083,PROC_HVAC,setup,MPI_ALLREDUCE,DN%XYZ,MAX,MPI_DOUBLE_PRECISION,no,HVAC node coordinates (setup),physics,hvac.f90:1081-1083,,
mpi_collective,main.f90,161,FDS,setup(program body),MPI_ALLGATHERV,MAX_CELL_ASPECT_RATIO,gather,MPI_DOUBLE_PRECISION,no (gather; any later serial reduction is listed separately),CFL_VELOCITY_NORM switch (aspect ratio > 3.99),dt_control,main.f90:163,read.f90:1460,
mpi_collective,main.f90,418,FDS,setup(program body),MPI_ALLREDUCE,SYNTHETIC_EDDY_METHOD,LOR,MPI_LOGICAL,no,control flag / integer bookkeeping (SYNTHETIC_EDDY_METHOD),bookkeeping,main.f90:418,,guard: N_MPI_PROCESSES>1
mpi_collective,main.f90,541,FDS,setup(program body),MPI_ALLREDUCE,TGA_MESH_INDEX,MIN,MPI_INTEGER,no,control flag / integer bookkeeping (TGA_MESH_INDEX),bookkeeping,main.f90:541,,
mpi_collective,main.f90,738,FDS,runtime(MAIN_LOOP),MPI_ALLGATHERV,DT_NEW,gather,MPI_DOUBLE_PRECISION,no (gather; any later serial reduction is listed separately),time step: DT = MINVAL(DT_NEW),dt_control,main.f90:741,,
mpi_collective,main.f90,799,FDS,runtime(MAIN_LOOP),MPI_ALLREDUCE,EXCHANGE_INSERTED_PARTICLES,LOR,MPI_LOGICAL,no,control flag / integer bookkeeping (EXCHANGE_INSERTED_PARTICLES),bookkeeping,main.f90:799,,
mpi_collective,main.f90,882,FDS,runtime(MAIN_LOOP),MPI_ALLGATHERV,CHANGE_TIME_STEP_INDEX,gather,MPI_INTEGER,no (gather; any later serial reduction is listed separately),time step: DT = MINVAL(DT_NEW),dt_control,main.f90:741,,
mpi_collective,main.f90,884,FDS,runtime(MAIN_LOOP),MPI_ALLGATHERV,DT_NEW,gather,MPI_DOUBLE_PRECISION,no (gather; any later serial reduction is listed separately),time step: DT = MINVAL(DT_NEW),dt_control,main.f90:741,,guard: ANY(CHANGE_TIME_STEP_INDEX==-1) .OR. ALL(CHANGE_TIME_STEP_INDEX==1)
mpi_collective,main.f90,1187,FDS,runtime(MAIN_LOOP),MPI_ALLGATHERV,RADIATION_COMPLETED,gather,MPI_LOGICAL,no (gather; any later serial reduction is listed separately),radiation update bookkeeping,bookkeeping,main.f90:1187,,
mpi_collective,main.f90,1587,FDS::MPI_INITIALIZATION_CHORES,setup,MPI_ALLREDUCE,EXCHANGE_OBST_MASS,LOR,MPI_LOGICAL,no,control flag / integer bookkeeping (EXCHANGE_OBST_MASS),bookkeeping,main.f90:1587,,
mpi_collective,main.f90,1702,FDS::PRESSURE_ITERATION_SCHEME,runtime,MPI_ALLGATHERV,REAL_BUFFER_10,gather,MPI_DOUBLE_PRECISION,no (gather; any later serial reduction is listed separately),pressure-iteration convergence (velocity/pressure error maxima),dt_control,main.f90:1706-1709,, | max-based; controls iteration count
mpi_collective,main.f90,1760,FDS::CALCULATE_RTE_SOURCE_CORRECTION_FACTOR,runtime,MPI_ALLREDUCE,RAD_Q_SUM,SUM,MPI_DOUBLE_PRECISION,yes,RTE_SOURCE_CORRECTION_FACTOR (radiative source correction),physics,main.f90:1767,radi.f90:4040; radi.f90:4076; radi.f90:4120,
mpi_collective,main.f90,1761,FDS::CALCULATE_RTE_SOURCE_CORRECTION_FACTOR,runtime,MPI_ALLREDUCE,KFST4_SUM,SUM,MPI_DOUBLE_PRECISION,yes,RTE_SOURCE_CORRECTION_FACTOR (radiative source correction),physics,main.f90:1767,radi.f90:4041; radi.f90:4077; radi.f90:4121,
mpi_collective,main.f90,1788,FDS::CREATE_OR_REMOVE_OBSTRUCTIONS,runtime+setup,MPI_ALLREDUCE,OBST_CREATED_OR_REMOVED,LOR,MPI_LOGICAL,no,control flag / integer bookkeeping (OBST_CREATED_OR_REMOVED),bookkeeping,main.f90:1788,,
mpi_collective,main.f90,1868,FDS::WRITE_CFL_FILE,runtime,MPI_GATHERV,REAL_BUFFER_20,gather,MPI_DOUBLE_PRECISION,no (gather; any later serial reduction is listed separately),CFL file,output_only,main.f90:1868-1871,,
mpi_collective,main.f90,1871,FDS::WRITE_CFL_FILE,runtime,MPI_GATHERV,REAL_BUFFER_20,gather,MPI_DOUBLE_PRECISION,no (gather; any later serial reduction is listed separately),CFL file,output_only,main.f90:1868-1871,,
mpi_collective,main.f90,1903,FDS::STOP_CHECK,runtime+setup,MPI_ALLREDUCE,STOP_STATUS,MAX,MPI_INTEGER,no,control flag / integer bookkeeping (STOP_STATUS),bookkeeping,main.f90:1903,,
mpi_collective,main.f90,2038,FDS::EXCHANGE_DIVERGENCE_INFO,runtime+setup,MPI_ALLREDUCE,DSUM,SUM,MPI_DOUBLE_PRECISION,yes,D_PBAR_DT (zone background-pressure rise) and the divergence zone correction,physics,"divg.f90:1519-1520, 1535-1537",divg.f90:739,
mpi_collective,main.f90,2039,FDS::EXCHANGE_DIVERGENCE_INFO,runtime+setup,MPI_ALLREDUCE,PSUM,SUM,MPI_DOUBLE_PRECISION,yes,D_PBAR_DT (zone background-pressure rise) and the divergence zone correction,physics,"divg.f90:1519-1520, 1535-1537","divg.f90:750; divg.f90:745 (ADD_CUTCELL_PSUM, ccib.f90:739); divg.f90:747 (ADD_LINKEDCELL_PSUM, ccib.f90:719)",
mpi_collective,main.f90,2040,FDS::EXCHANGE_DIVERGENCE_INFO,runtime+setup,MPI_ALLREDUCE,USUM,SUM,MPI_DOUBLE_PRECISION,yes,D_PBAR_DT (zone background-pressure rise) and the divergence zone correction,physics,"divg.f90:1519-1520, 1535-1537",divg.f90:765; divg.f90:766; divg.f90:776; divg.f90:777; divg.f90:1506,
mpi_collective,main.f90,2046,FDS::EXCHANGE_DIVERGENCE_INFO,runtime+setup,MPI_ALLREDUCE,CONNECTED_ZONES,MAX,MPI_INTEGER,no,control flag / integer bookkeeping (CONNECTED_ZONES),bookkeeping,main.f90:2046,,guard: N_MPI_PROCESSES>1
mpi_collective,main.f90,2644,FDS::INITIALIZE_PRESSURE_ZONES,setup,MPI_ALLREDUCE,STOP_STATUS,MAX,MPI_INTEGER,no,control flag / integer bookkeeping (STOP_STATUS),bookkeeping,main.f90:2644,,
mpi_collective,main.f90,2676,FDS::INITIALIZE_PRESSURE_ZONES,setup,MPI_ALLREDUCE,FOUND_UNASSIGNED_CELL,LOR,MPI_LOGICAL,no,control flag / integer bookkeeping (FOUND_UNASSIGNED_CELL),bookkeeping,main.f90:2676,,
mpi_collective,main.f90,2719,FDS::INITIALIZE_PRESSURE_ZONES,setup,MPI_ALLREDUCE,INTEGER_BUFFER,MAX,MPI_INTEGER,no,control flag / integer bookkeeping (INTEGER_BUFFER),bookkeeping,main.f90:2719,,
mpi_collective,main.f90,2731,FDS::INITIALIZE_PRESSURE_ZONES,setup,MPI_ALLREDUCE,REAL_BUFFER,SUM,MPI_DOUBLE_PRECISION,yes,Pressure-zone volumes P_ZONE%VOLUME (setup),physics,main.f90:2735,"main.f90:2699 (P_ZONE%VOLUME, copied to REAL_BUFFER before the reduce)", | pre-sum P_ZONE%VOLUME at main.f90:2699
mpi_collective,main.f90,2732,FDS::INITIALIZE_PRESSURE_ZONES,setup,MPI_ALLREDUCE,INTEGER_BUFFER,SUM,MPI_INTEGER,no (integer SUM is exact),control flag / integer bookkeeping (INTEGER_BUFFER),bookkeeping,main.f90:2732,,
mpi_collective,main.f90,2733,FDS::INITIALIZE_PRESSURE_ZONES,setup,MPI_ALLREDUCE,INTEGER_BUFFER_4,MAX,MPI_INTEGER,no,control flag / integer bookkeeping (INTEGER_BUFFER_4),bookkeeping,main.f90:2733,,
mpi_collective,main.f90,2931,FDS::ZONE_BOUNDARY_EXCHANGE,setup,MPI_ALLREDUCE,STOP_STATUS,MAX,MPI_INTEGER,no,control flag / integer bookkeeping (STOP_STATUS),bookkeeping,main.f90:2931,,
mpi_collective,main.f90,2934,FDS::ZONE_BOUNDARY_EXCHANGE,setup,MPI_ALLGATHERV,SETUP_PRESSURE_ZONES_INDEX,gather,MPI_INTEGER,no (gather; any later serial reduction is listed separately),control flag / integer bookkeeping (SETUP_PRESSURE_ZONES_INDEX),bookkeeping,main.f90:2934,,
mpi_collective,main.f90,4411,FDS::EXCHANGE_GLOBAL_OUTPUTS,runtime+setup,MPI_ALLREDUCE,STATE_ARRAY,LXOR,MPI_LOGICAL,no,DEVC/CTRL states,physics_via_devc,main.f90:4411,,guard: N_MPI_PROCESSES>1
mpi_collective,main.f90,4479,FDS::EXCHANGE_GLOBAL_OUTPUTS,runtime+setup,MPI_ALLREDUCE,TC_ARRAY,"SUM (MPI_OP_INDEX=MPI_SUM under CASE(1), main.f90:4442, 4478-4479)",MPI_DOUBLE_PRECISION,yes,"DEVC spatial statistics (DV%VALUE_1..4); feeds CTRL/setpoints, so physics when devices control vents, OBSTs, HVAC",physics_via_devc,main.f90:4494-4495,main.f90:4456; main.f90:4457; main.f90:4458; main.f90:4459, | per-mesh SUBDEVICE values are summed over subdevices first (main.f90:4452-4459)
mpi_collective,main.f90,4481,FDS::EXCHANGE_GLOBAL_OUTPUTS,runtime+setup,MPI_ALLREDUCE,TC2_ARRAY,"MINLOC/MAXLOC (MPI_OP_INDEX under CASE(2:3), main.f90:4443-4444, 4480-4481)",MPI_2DOUBLE_PRECISION,no (ties: lowest rank),DEVC MIN/MAX spatial statistics (MINLOC/MAXLOC),physics_via_devc,main.f90:4481,,
mpi_collective,main.f90,4602,FDS::DUMP_GLOBAL_OUTPUTS,runtime+setup,MPI_REDUCE,Q_DOT_SUM,SUM,MPI_DOUBLE_PRECISION,yes,HRR file (CHID_hrr.csv) integrals,output_only,main.f90:4602-4607; dump.f90:11815,dump.f90:11819,
mpi_collective,main.f90,4603,FDS::DUMP_GLOBAL_OUTPUTS,runtime+setup,MPI_REDUCE,M_DOT_SUM,SUM,MPI_DOUBLE_PRECISION,yes,HRR file (CHID_hrr.csv) integrals,output_only,main.f90:4602-4607; dump.f90:11815,dump.f90:11820,
mpi_collective,main.f90,4606,FDS::DUMP_GLOBAL_OUTPUTS,runtime+setup,MPI_REDUCE,Q_DOT_SUM,SUM,MPI_DOUBLE_PRECISION,yes,HRR file (CHID_hrr.csv) integrals,output_only,main.f90:4602-4607; dump.f90:11815,dump.f90:11819,
mpi_collective,main.f90,4607,FDS::DUMP_GLOBAL_OUTPUTS,runtime+setup,MPI_REDUCE,M_DOT_SUM,SUM,MPI_DOUBLE_PRECISION,yes,HRR file (CHID_hrr.csv) integrals,output_only,main.f90:4602-4607; dump.f90:11815,dump.f90:11820,
mpi_collective,main.f90,4638,FDS::DUMP_GLOBAL_OUTPUTS,runtime+setup,MPI_REDUCE,MASS_DT,SUM,MPI_DOUBLE_PRECISION,yes,mass file integrals,output_only,main.f90:4638-4641,dump.f90:11920,
mpi_collective,main.f90,4641,FDS::DUMP_GLOBAL_OUTPUTS,runtime+setup,MPI_REDUCE,MASS_DT,SUM,MPI_DOUBLE_PRECISION,yes,mass file integrals,output_only,main.f90:4638-4641,dump.f90:11920,
mpi_collective,main.f90,4979,FDS::EXCHANGE_HVAC_BC,runtime+setup,MPI_ALLREDUCE,NODE_PROPERTIES,SUM,MPI_DOUBLE_PRECISION,yes,HVAC node boundary conditions (area-weighted node state),physics,main.f90:4979; hvac.f90:1202-1205,"hvac.f90:2415-2533 (HVAC_BC_IN::INITIALIZE_HVAC, NODE_* => NODE_PROPERTIES columns, hvac.f90:1203-1205)", | per-process pre-sum in HVAC_BC_IN::INITIALIZE_HVAC over the own meshes (main.f90:815-822)
mpi_collective,main.f90,4980,FDS::EXCHANGE_HVAC_BC,runtime+setup,MPI_ALLREDUCE,NODE_ZONE,MAX,MPI_INTEGER,no,HVAC node pressure zone,physics,main.f90:4980,,
mpi_collective,main.f90,5047,FDS::CHECK_FREEZE_VELOCITY_STATUS,runtime,MPI_ALLREDUCE,FREEZE_VELOCITY,LOR,MPI_LOGICAL,no,control flag / integer bookkeeping (FREEZE_VELOCITY),bookkeeping,main.f90:5047,,
mpi_collective,main.f90,5048,FDS::CHECK_FREEZE_VELOCITY_STATUS,runtime,MPI_ALLREDUCE,SOLID_PHASE_ONLY,LOR,MPI_LOGICAL,no,control flag / integer bookkeeping (SOLID_PHASE_ONLY),bookkeeping,main.f90:5048,,
mpi_collective,main.f90,5059,FDS::EXCHANGE_VENT_AREA,setup,MPI_ALLREDUCE,VENT_TOTAL_AREA,SUM,MPI_DOUBLE_PRECISION,yes,Vent TOTAL_FDS_AREA -> B1%AREA_ADJUST of split vents (setup),physics,main.f90:5064; init.f90:3604,read.f90:12864,
mpi_collective,main.f90,5126,FDS::DEFINE_RS_COMM_INFO,setup,MPI_ALLREDUCE,N_MPI_RS,MAX,MPI_INTEGER,no,control flag / integer bookkeeping (N_MPI_RS),bookkeeping,main.f90:5126,,
mpi_collective,pres.f90,633,TUNNEL_POISSON_SOLVER,runtime,MPI_GATHERV,TP_AA,gather,MPI_DOUBLE_PRECISION,no (gather; any later serial reduction is listed separately),"tunnel preconditioner tridiagonal system (gathered, solved serially)",physics,pres.f90:633-647,, | gather only
mpi_collective,pres.f90,635,TUNNEL_POISSON_SOLVER,runtime,MPI_GATHERV,TP_BB,gather,MPI_DOUBLE_PRECISION,no (gather; any later serial reduction is listed separately),"tunnel preconditioner tridiagonal system (gathered, solved serially)",physics,pres.f90:633-647,, | gather only
mpi_collective,pres.f90,637,TUNNEL_POISSON_SOLVER,runtime,MPI_GATHERV,TP_CC,gather,MPI_DOUBLE_PRECISION,no (gather; any later serial reduction is listed separately),"tunnel preconditioner tridiagonal system (gathered, solved serially)",physics,pres.f90:633-647,pres.f90:550; pres.f90:551; pres.f90:552; pres.f90:553; pres.f90:611; pres.f90:614; pres.f90:621; pres.f90:624, | gather only
mpi_collective,pres.f90,639,TUNNEL_POISSON_SOLVER,runtime,MPI_GATHERV,TP_DD,gather,MPI_DOUBLE_PRECISION,no (gather; any later serial reduction is listed separately),"tunnel preconditioner tridiagonal system (gathered, solved serially)",physics,pres.f90:633-647,pres.f90:612; pres.f90:615; pres.f90:622; pres.f90:625, | gather only
mpi_collective,pres.f90,644,TUNNEL_POISSON_SOLVER,runtime,MPI_GATHERV,TP_AA,gather,MPI_DOUBLE_PRECISION,no (gather; any later serial reduction is listed separately),"tunnel preconditioner tridiagonal system (gathered, solved serially)",physics,pres.f90:633-647,, | gather only
mpi_collective,pres.f90,645,TUNNEL_POISSON_SOLVER,runtime,MPI_GATHERV,TP_BB,gather,MPI_DOUBLE_PRECISION,no (gather; any later serial reduction is listed separately),"tunnel preconditioner tridiagonal system (gathered, solved serially)",physics,pres.f90:633-647,, | gather only
mpi_collective,pres.f90,646,TUNNEL_POISSON_SOLVER,runtime,MPI_GATHERV,TP_CC,gather,MPI_DOUBLE_PRECISION,no (gather; any later serial reduction is listed separately),"tunnel preconditioner tridiagonal system (gathered, solved serially)",physics,pres.f90:633-647,pres.f90:550; pres.f90:551; pres.f90:552; pres.f90:553; pres.f90:611; pres.f90:614; pres.f90:621; pres.f90:624, | gather only
mpi_collective,pres.f90,647,TUNNEL_POISSON_SOLVER,runtime,MPI_GATHERV,TP_DD,gather,MPI_DOUBLE_PRECISION,no (gather; any later serial reduction is listed separately),"tunnel preconditioner tridiagonal system (gathered, solved serially)",physics,pres.f90:633-647,pres.f90:612; pres.f90:615; pres.f90:622; pres.f90:625, | gather only
mpi_collective,pres.f90,3396,GLMAT_SOLVER,runtime,MPI_ALLREDUCE,SUM_FH,SUM,MPI_DOUBLE_PRECISION,yes,GLMAT: mean of the RHS removed per pressure zone (compatibility condition),physics,pres.f90:3405-3408,pres.f90:3382; pres.f90:3383; pres.f90:3392; pres.f90:3393,guard: N_MPI_PROCESSES>1
mpi_collective,pres.f90,3403,GLMAT_SOLVER,runtime,MPI_ALLREDUCE,SUM_FH,SUM,MPI_DOUBLE_PRECISION,yes,GLMAT: mean of the RHS removed per pressure zone (compatibility condition),physics,pres.f90:3405-3408,"pres.f90:3402 (SUM(ZSL%F_H(1:NUNKH_LOCAL)), intrinsic; order compiler-defined)",guard: N_MPI_PROCESSES>1
mpi_collective,pres.f90,3414,GLMAT_SOLVER,runtime,MPI_GATHERV,ZSL%F_H,gather,MPI_DOUBLE_PRECISION,no (gather; any later serial reduction is listed separately),GLMAT RHS gathered for the direct solver,physics,pres.f90:3414-3417,pres.f90:3400; pres.f90:3406, | gather only
mpi_collective,pres.f90,3417,GLMAT_SOLVER,runtime,MPI_GATHERV,ZSL%F_H,gather,MPI_DOUBLE_PRECISION,no (gather; any later serial reduction is listed separately),GLMAT RHS gathered for the direct solver,physics,pres.f90:3414-3417,pres.f90:3400; pres.f90:3406, | gather only
mpi_collective,pres.f90,3546,GLMAT_SOLVER,runtime,MPI_ALLREDUCE,SUM_GAUGE,SUM,MPI_DOUBLE_PRECISION,yes,GLMAT: pressure gauge shift of H (mass-weighted),physics,pres.f90:3547-3548,pres.f90:3509; pres.f90:3510; pres.f90:3527; pres.f90:3528; pres.f90:3540; pres.f90:3541,guard: N_MPI_PROCESSES>1
mpi_collective,pres.f90,3554,GLMAT_SOLVER,runtime,MPI_ALLREDUCE,SUM_XH,SUM,MPI_DOUBLE_PRECISION,yes,GLMAT: zero-mean shift of H when no physical gauge,physics,pres.f90:3555-3557,pres.f90:3553 (SUM(ZSL%X_H(1:NUNKH_LOCAL))),guard: N_MPI_PROCESSES>1
mpi_collective,pres.f90,3950,CHECK_UNSUPPORTED_MESH,runtime+setup,MPI_ALLREDUCE,MESH_GRAPH,SUM,MPI_INTEGER,no (integer SUM is exact),control flag / integer bookkeeping (MESH_GRAPH),bookkeeping,pres.f90:3950,,guard: N_MPI_PROCESSES > 1
mpi_collective,pres.f90,4028,CHECK_UNSUPPORTED_MESH,runtime+setup,MPI_ALLREDUCE,DIRI_SET,SUM,MPI_INTEGER,no (integer SUM is exact),control flag / integer bookkeeping (DIRI_SET),bookkeeping,pres.f90:4028,,guard: N_MPI_PROCESSES>1
mpi_collective,pres.f90,4479,GET_H_MATRIX_LUDCMP,runtime+setup,MPI_ALLREDUCE,ZSL%NUNKH_LOC_RS,SUM,MPI_INTEGER,no (integer SUM is exact),control flag / integer bookkeeping (ZSL%NUNKH_LOC_RS),bookkeeping,pres.f90:4479,,
mpi_collective,pres.f90,4480,GET_H_MATRIX_LUDCMP,runtime+setup,MPI_ALLREDUCE,ZSL%UNKH_IND_RS,SUM,MPI_INTEGER,no (integer SUM is exact),control flag / integer bookkeeping (ZSL%UNKH_IND_RS),bookkeeping,pres.f90:4480,,
mpi_collective,pres.f90,4511,GET_H_MATRIX_LUDCMP,runtime+setup,MPI_GATHERV,NNZ_ROW_H_RS,gather,MPI_INTEGER,no (gather; any later serial reduction is listed separately),ULMAT/LU matrix gathered to the RS root,physics,pres.f90:4511-4572,, | gather only
mpi_collective,pres.f90,4570,GET_H_MATRIX_LUDCMP,runtime+setup,MPI_GATHERV,JD_1D_RS,gather,MPI_INTEGER,no (gather; any later serial reduction is listed separately),ULMAT/LU matrix gathered to the RS root,physics,pres.f90:4511-4572,, | gather only
mpi_collective,pres.f90,4572,GET_H_MATRIX_LUDCMP,runtime+setup,MPI_GATHERV,D_1D_RS,gather,MPI_DOUBLE_PRECISION,no (gather; any later serial reduction is listed separately),ULMAT/LU matrix gathered to the RS root,physics,pres.f90:4511-4572,, | gather only
mpi_collective,pres.f90,4689,GET_H_MATRIX_LUDCMP,runtime+setup,MPI_ALLREDUCE,MB_FACTOR,SUM,MPI_INTEGER,no (integer SUM is exact),control flag / integer bookkeeping (MB_FACTOR),bookkeeping,pres.f90:4689,,guard: N_MPI_PROCESSES > 1
mpi_collective,pres.f90,5003,GET_BCS_H_MATRIX,runtime+setup,MPI_ALLREDUCE,H_MAT_IVEC,SUM,MPI_INTEGER,no (integer SUM is exact),control flag / integer bookkeeping (H_MAT_IVEC),bookkeeping,pres.f90:5003,pres.f90:4997,guard: N_MPI_PROCESSES > 1
mpi_collective,pres.f90,5769,GET_MATRIX_INDEXES_H,runtime+setup,MPI_ALLREDUCE,NUNKH_TOT,SUM,MPI_INTEGER,no (integer SUM is exact),control flag / integer bookkeeping (NUNKH_TOT),bookkeeping,pres.f90:5769,,guard: N_MPI_PROCESSES>1
mpi_collective,radi.f90,3424,CHECK_FOR_MIRROR_BOUNDARY,setup,MPI_ALLREDUCE,HAS_MIRROR_BOUNDARY,LOR,MPI_LOGICAL,no,control flag / integer bookkeeping (HAS_MIRROR_BOUNDARY),bookkeeping,radi.f90:3424,,
mpi_collective,read.f90,200,READ_DATA::CHECK_STOP_STATUS,setup,MPI_ALLREDUCE,STOP_STATUS,MAX,MPI_INTEGER,no,control flag / integer bookkeeping (STOP_STATUS),bookkeeping,read.f90:200,,guard: N_MPI_PROCESSES>1
mpi_collective,turb.f90,1889,SYNTHETIC_TURBULENCE,runtime,MPI_ALLREDUCE,VENT_MEAN_SUM,SUM,MPI_DOUBLE_PRECISION,yes,Synthetic eddy method: mean inflow velocity per vent,physics,turb.f90:1898-1899,turb.f90:1877; turb.f90:1880; turb.f90:1883,
mpi_collective,turb.f90,1890,SYNTHETIC_TURBULENCE,runtime,MPI_ALLREDUCE,VENT_MEAN_CNT,SUM,MPI_DOUBLE_PRECISION,yes,Synthetic eddy method: mean inflow velocity per vent,physics,turb.f90:1898-1899,turb.f90:1878; turb.f90:1881; turb.f90:1884,
per_process_presum,divg.f90,739,DIVERGENCE_PART_1,runtime+setup,assign_sum,DSUM,SUM (serial),REAL,yes,D_PBAR_DT (zone background-pressure rise) and the divergence zone correction,physics,"divg.f90:1519-1520, 1535-1537",,"DO K=1,KBAR (L730) / DO J=1,JBAR (L731) / DO I=1,IBAR (L733)"
per_process_presum,divg.f90,745,DIVERGENCE::DIVERGENCE_PART_1,runtime,curated,"PSUM (via ADD_CUTCELL_PSUM dummy PSUM_CV, ccib.f90:739)",SUM (serial),REAL,yes,D_PBAR_DT (zone background-pressure rise),physics,divg.f90:1519,,"cut-cell contribution, accumulated through an INTENT(INOUT) dummy"
per_process_presum,divg.f90,747,DIVERGENCE::DIVERGENCE_PART_1,runtime,curated,"PSUM (via ADD_LINKEDCELL_PSUM dummy PSUM_CV, ccib.f90:719)",SUM (serial),REAL,yes,D_PBAR_DT (zone background-pressure rise),physics,divg.f90:1519,,"linked-cell contribution, accumulated through an INTENT(INOUT) dummy"
per_process_presum,divg.f90,750,DIVERGENCE_PART_1,runtime+setup,assign_sum,PSUM,SUM (serial),REAL,yes,D_PBAR_DT (zone background-pressure rise) and the divergence zone correction,physics,"divg.f90:1519-1520, 1535-1537",,"DO K=1,KBAR (L730) / DO J=1,JBAR (L731) / DO I=1,IBAR (L733)"
per_process_presum,divg.f90,765,DIVERGENCE_PART_1,runtime+setup,assign_sum,USUM,SUM (serial),REAL,yes,D_PBAR_DT (zone background-pressure rise) and the divergence zone correction,physics,"divg.f90:1519-1520, 1535-1537",,"DO IW=1,N_EXTERNAL_WALL_CELLS+N_INTERNAL_WALL_CELLS (L757)"
per_process_presum,divg.f90,766,DIVERGENCE_PART_1,runtime+setup,assign_sum,USUM,SUM (serial),REAL,yes,D_PBAR_DT (zone background-pressure rise) and the divergence zone correction,physics,"divg.f90:1519-1520, 1535-1537",,"DO IW=1,N_EXTERNAL_WALL_CELLS+N_INTERNAL_WALL_CELLS (L757)"
per_process_presum,divg.f90,776,DIVERGENCE_PART_1,runtime+setup,assign_sum,USUM,SUM (serial),REAL,yes,D_PBAR_DT (zone background-pressure rise) and the divergence zone correction,physics,"divg.f90:1519-1520, 1535-1537",,"DO ICF=INTERNAL_CFACE_CELLS_LB+1,INTERNAL_CFACE_CELLS_LB+N_INTERNAL_CFACE_CELLS (L770)"
per_process_presum,divg.f90,777,DIVERGENCE_PART_1,runtime+setup,assign_sum,USUM,SUM (serial),REAL,yes,D_PBAR_DT (zone background-pressure rise) and the divergence zone correction,physics,"divg.f90:1519-1520, 1535-1537",,"DO ICF=INTERNAL_CFACE_CELLS_LB+1,INTERNAL_CFACE_CELLS_LB+N_INTERNAL_CFACE_CELLS (L770)"
per_process_presum,divg.f90,1506,DIVERGENCE_PART_2,runtime,assign_sum,USUM,SUM (serial),REAL,yes,D_PBAR_DT (zone background-pressure rise) and the divergence zone correction,physics,"divg.f90:1519-1520, 1535-1537",,"DO IPZ=1,N_ZONE (L1505)"
serial_loop_all_meshes,dump.f90,2078,WRITE_SMOKEVIEW_FILE,setup,assign_min,XMIN,MIN (serial),REAL,no,Smokeview/ParaView file extents,output_only,dump.f90:2078; vtkf.f90:4009,,"DO NM=1,2*NMESHES (L2066) / DO N=1,2*NMESHES (L2070)"
serial_loop_all_meshes,dump.f90,2079,WRITE_SMOKEVIEW_FILE,setup,assign_min,YMIN,MIN (serial),REAL,no,Smokeview/ParaView file extents,output_only,dump.f90:2078; vtkf.f90:4009,,"DO NM=1,2*NMESHES (L2066) / DO N=1,2*NMESHES (L2070)"
serial_loop_all_meshes,dump.f90,2080,WRITE_SMOKEVIEW_FILE,setup,assign_min,ZMIN,MIN (serial),REAL,no,Smokeview/ParaView file extents,output_only,dump.f90:2078; vtkf.f90:4009,,"DO NM=1,2*NMESHES (L2066) / DO N=1,2*NMESHES (L2070)"
serial_loop_all_meshes,dump.f90,4389,WRITE_DIAGNOSTICS,runtime+setup,assign_max,MAX_CFL,MAX (serial),REAL,no,diagnostics in CHID.out,output_only,dump.f90:4389-4394,,"DO NM=1,NMESHES (L4386)"
serial_loop_all_meshes,dump.f90,4394,WRITE_DIAGNOSTICS,runtime+setup,assign_max,MAX_VN,MAX (serial),REAL,no,diagnostics in CHID.out,output_only,dump.f90:4389-4394,,"DO NM=1,NMESHES (L4386)"
per_process_presum,dump.f90,11670,UPDATE_HRR,runtime+setup,assign_sum,Q_DOT,SUM (serial),REAL,yes,HRR file (CHID_hrr.csv) integrals,output_only,main.f90:4602-4607; dump.f90:11815,,"DO K=1,KBAR (L11656) / DO J=1,JBAR (L11657) / DO I=1,IBAR (L11658)"
per_process_presum,dump.f90,11671,UPDATE_HRR,runtime+setup,assign_sum,Q_DOT,SUM (serial),REAL,yes,HRR file (CHID_hrr.csv) integrals,output_only,main.f90:4602-4607; dump.f90:11815,,"DO K=1,KBAR (L11656) / DO J=1,JBAR (L11657) / DO I=1,IBAR (L11658)"
per_process_presum,dump.f90,11672,UPDATE_HRR,runtime+setup,assign_sum,Q_DOT,SUM (serial),REAL,yes,HRR file (CHID_hrr.csv) integrals,output_only,main.f90:4602-4607; dump.f90:11815,,"DO K=1,KBAR (L11656) / DO J=1,JBAR (L11657) / DO I=1,IBAR (L11658)"
per_process_presum,dump.f90,11680,DUMP::UPDATE_HRR,runtime,curated,"Q_DOT(1,3,7), ENTHALPY_SUM(NM) (via ADD_Q_DOT_CUTCELLS dummies)",SUM (serial),REAL,yes,HRR file integrals,output_only,main.f90:4602-4607,,cut-cell contribution through dummies
per_process_presum,dump.f90,11683,UPDATE_HRR,runtime+setup,assign_sum,Q_DOT,SUM (serial),REAL,yes,HRR file (CHID_hrr.csv) integrals,output_only,main.f90:4602-4607; dump.f90:11815,,called once per own mesh
per_process_presum,dump.f90,11797,UPDATE_HRR,runtime+setup,assign_sum,M_DOT,SUM (serial),REAL,yes,HRR file (CHID_hrr.csv) integrals,output_only,main.f90:4602-4607; dump.f90:11815,,"DO IW=1,N_EXTERNAL_WALL_CELLS+N_INTERNAL_WALL_CELLS (L11788) / DO N=1,N_TRACKED_SPECIES (L11796)"
per_process_presum,dump.f90,11810,UPDATE_HRR,runtime+setup,assign_sum,M_DOT,SUM (serial),REAL,yes,HRR file (CHID_hrr.csv) integrals,output_only,main.f90:4602-4607; dump.f90:11815,,"DO ICF=INTERNAL_CFACE_CELLS_LB+1,INTERNAL_CFACE_CELLS_LB+N_INTERNAL_CFACE_CELLS (L11801) / DO N=1,N_TRACKED_SPECIES (L11"
per_process_presum,dump.f90,11819,UPDATE_HRR,runtime+setup,assign_sum,Q_DOT_SUM,SUM (serial),REAL,yes,HRR file (CHID_hrr.csv) integrals,output_only,main.f90:4602-4607; dump.f90:11815,,called once per own mesh
per_process_presum,dump.f90,11820,UPDATE_HRR,runtime+setup,assign_sum,M_DOT_SUM,SUM (serial),REAL,yes,HRR file (CHID_hrr.csv) integrals,output_only,main.f90:4602-4607; dump.f90:11815,,called once per own mesh
per_process_presum,dump.f90,11920,UPDATE_MASS,runtime+setup,assign_sum,MASS_DT,SUM (serial),REAL,yes,mass file integrals,output_only,main.f90:4638-4641,,called once per own mesh
serial_loop_all_meshes,geom.f90,1416,READ_GEOM,setup,assign_min,XLOW,MIN (serial),REAL,no,"domain bounding box (GEOM binning, terrain, wind/stratification ZSW)",bookkeeping,geom.f90:1416; init.f90:460; read.f90:2227,,"DO N=1,N_GEOMETRY (L1198) / DO NM=1,NMESHES (L1415) | MIN/MAX of exact inputs"
serial_loop_all_meshes,geom.f90,1417,READ_GEOM,setup,assign_max,XHI,MAX (serial),REAL,no,"domain bounding box (GEOM binning, terrain, wind/stratification ZSW)",bookkeeping,geom.f90:1416; init.f90:460; read.f90:2227,,"DO N=1,N_GEOMETRY (L1198) / DO NM=1,NMESHES (L1415) | MIN/MAX of exact inputs"
serial_loop_all_meshes,geom.f90,1418,READ_GEOM,setup,assign_min,YLOW,MIN (serial),REAL,no,"domain bounding box (GEOM binning, terrain, wind/stratification ZSW)",bookkeeping,geom.f90:1416; init.f90:460; read.f90:2227,,"DO N=1,N_GEOMETRY (L1198) / DO NM=1,NMESHES (L1415) | MIN/MAX of exact inputs"
serial_loop_all_meshes,geom.f90,1419,READ_GEOM,setup,assign_max,YHI,MAX (serial),REAL,no,"domain bounding box (GEOM binning, terrain, wind/stratification ZSW)",bookkeeping,geom.f90:1416; init.f90:460; read.f90:2227,,"DO N=1,N_GEOMETRY (L1198) / DO NM=1,NMESHES (L1415) | MIN/MAX of exact inputs"
serial_loop_all_meshes,geom.f90,1431,READ_GEOM,setup,assign_min,ZMIN2,MIN (serial),REAL,no,"domain bounding box (GEOM binning, terrain, wind/stratification ZSW)",bookkeeping,geom.f90:1416; init.f90:460; read.f90:2227,,"DO N=1,N_GEOMETRY (L1198) / DO NM=1,NMESHES (L1430) | MIN/MAX of exact inputs"
serial_loop_all_meshes,geom.f90,1769,READ_GEOM,setup,assign_min,XLOW,MIN (serial),REAL,no,"domain bounding box (GEOM binning, terrain, wind/stratification ZSW)",bookkeeping,geom.f90:1416; init.f90:460; read.f90:2227,,"DO N=1,N_GEOMETRY (L1198) / DO NM=1,NMESHES (L1768) | MIN/MAX of exact inputs"
serial_loop_all_meshes,geom.f90,1770,READ_GEOM,setup,assign_max,XHI,MAX (serial),REAL,no,"domain bounding box (GEOM binning, terrain, wind/stratification ZSW)",bookkeeping,geom.f90:1416; init.f90:460; read.f90:2227,,"DO N=1,N_GEOMETRY (L1198) / DO NM=1,NMESHES (L1768) | MIN/MAX of exact inputs"
serial_loop_all_meshes,geom.f90,1771,READ_GEOM,setup,assign_min,YLOW,MIN (serial),REAL,no,"domain bounding box (GEOM binning, terrain, wind/stratification ZSW)",bookkeeping,geom.f90:1416; init.f90:460; read.f90:2227,,"DO N=1,N_GEOMETRY (L1198) / DO NM=1,NMESHES (L1768) | MIN/MAX of exact inputs"
serial_loop_all_meshes,geom.f90,1772,READ_GEOM,setup,assign_max,YHI,MAX (serial),REAL,no,"domain bounding box (GEOM binning, terrain, wind/stratification ZSW)",bookkeeping,geom.f90:1416; init.f90:460; read.f90:2227,,"DO N=1,N_GEOMETRY (L1198) / DO NM=1,NMESHES (L1768) | MIN/MAX of exact inputs"
serial_loop_all_meshes,geom.f90,1786,READ_GEOM,setup,assign_max,DELTZ,MAX (serial),REAL,no,"domain bounding box (GEOM binning, terrain, wind/stratification ZSW)",bookkeeping,geom.f90:1416; init.f90:460; read.f90:2227,,"DO N=1,N_GEOMETRY (L1198) / DO NM=1,NMESHES (L1785) | MIN/MAX of exact inputs"
serial_loop_all_meshes,geom.f90,1787,READ_GEOM,setup,assign_min,ZMIN2,MIN (serial),REAL,no,"domain bounding box (GEOM binning, terrain, wind/stratification ZSW)",bookkeeping,geom.f90:1416; init.f90:460; read.f90:2227,,"DO N=1,N_GEOMETRY (L1198) / DO NM=1,NMESHES (L1785) | MIN/MAX of exact inputs"
per_process_presum,geom.f90,12306,GET_EXT_INB_CUTFACES_TO_CFACE,setup,assign_sum,FDS_AREA_GEOM,SUM (serial),REAL,yes,GEOM VOLUME_FLOW normal velocity U_NORMAL_0 (setup),physics,geom.f90:6706,,"DO NM=LOWER_MESH_INDEX,UPPER_MESH_INDEX (L12300) / DO CFACE_INDEX_LOCAL=INTERNAL_CFACE_CELLS_LB+1,INTERNAL_CFACE_CELLS_L"
serial_loop_all_meshes,geom.f90,15568,GET_GEOM_TRIBIN,setup,assign_min,MINMAX_MESHES,MIN (serial),REAL,no,"domain bounding box (GEOM binning, terrain, wind/stratification ZSW)",bookkeeping,geom.f90:1416; init.f90:460; read.f90:2227,,"DO NM=LOWER_MESH_INDEX,UPPER_MESH_INDEX (L15551) / DO NOM=1,NMESHES (L15563) | MIN/MAX of exact inputs"
serial_loop_all_meshes,geom.f90,15569,GET_GEOM_TRIBIN,setup,assign_max,MINMAX_MESHES,MAX (serial),REAL,no,"domain bounding box (GEOM binning, terrain, wind/stratification ZSW)",bookkeeping,geom.f90:1416; init.f90:460; read.f90:2227,,"DO NM=LOWER_MESH_INDEX,UPPER_MESH_INDEX (L15551) / DO NOM=1,NMESHES (L15563) | MIN/MAX of exact inputs"
serial_loop_all_meshes,geom.f90,15571,GET_GEOM_TRIBIN,setup,assign_min,MINMAX_MESHES,MIN (serial),REAL,no,"domain bounding box (GEOM binning, terrain, wind/stratification ZSW)",bookkeeping,geom.f90:1416; init.f90:460; read.f90:2227,,"DO NM=LOWER_MESH_INDEX,UPPER_MESH_INDEX (L15551) / DO NOM=1,NMESHES (L15563) | MIN/MAX of exact inputs"
serial_loop_all_meshes,geom.f90,15572,GET_GEOM_TRIBIN,setup,assign_max,MINMAX_MESHES,MAX (serial),REAL,no,"domain bounding box (GEOM binning, terrain, wind/stratification ZSW)",bookkeeping,geom.f90:1416; init.f90:460; read.f90:2227,,"DO NM=LOWER_MESH_INDEX,UPPER_MESH_INDEX (L15551) / DO NOM=1,NMESHES (L15563) | MIN/MAX of exact inputs"
serial_loop_all_meshes,geom.f90,15574,GET_GEOM_TRIBIN,setup,assign_min,MINMAX_MESHES,MIN (serial),REAL,no,"domain bounding box (GEOM binning, terrain, wind/stratification ZSW)",bookkeeping,geom.f90:1416; init.f90:460; read.f90:2227,,"DO NM=LOWER_MESH_INDEX,UPPER_MESH_INDEX (L15551) / DO NOM=1,NMESHES (L15563) | MIN/MAX of exact inputs"
serial_loop_all_meshes,geom.f90,15575,GET_GEOM_TRIBIN,setup,assign_max,MINMAX_MESHES,MAX (serial),REAL,no,"domain bounding box (GEOM binning, terrain, wind/stratification ZSW)",bookkeeping,geom.f90:1416; init.f90:460; read.f90:2227,,"DO NM=LOWER_MESH_INDEX,UPPER_MESH_INDEX (L15551) / DO NOM=1,NMESHES (L15563) | MIN/MAX of exact inputs"
per_process_presum,hvac.f90,2415,HVAC_BC_IN::INITIALIZE_HVAC,runtime+setup,assign_sum,NODE_AREA,SUM (serial),REAL,yes,HVAC node boundary conditions (area-weighted node state),physics,main.f90:4979; hvac.f90:1202-1205,,called once per own mesh | per-process pre-sum in HVAC_BC_IN::INITIALIZE_HVAC over the own meshes (main.f90:815-822)
per_process_presum,hvac.f90,2416,HVAC_BC_IN::INITIALIZE_HVAC,runtime+setup,assign_sum,NODE_RHO,SUM (serial),REAL,yes,HVAC node boundary conditions (area-weighted node state),physics,main.f90:4979; hvac.f90:1202-1205,,called once per own mesh | per-process pre-sum in HVAC_BC_IN::INITIALIZE_HVAC over the own meshes (main.f90:815-822)
per_process_presum,hvac.f90,2418,HVAC_BC_IN::INITIALIZE_HVAC,runtime+setup,assign_sum,NODE_ZZ,SUM (serial),REAL,yes,HVAC node boundary conditions (area-weighted node state),physics,main.f90:4979; hvac.f90:1202-1205,,called once per own mesh | per-process pre-sum in HVAC_BC_IN::INITIALIZE_HVAC over the own meshes (main.f90:815-822)
per_process_presum,hvac.f90,2420,HVAC_BC_IN::INITIALIZE_HVAC,runtime+setup,assign_sum,NODE_TMP,SUM (serial),REAL,yes,HVAC node boundary conditions (area-weighted node state),physics,main.f90:4979; hvac.f90:1202-1205,,called once per own mesh | per-process pre-sum in HVAC_BC_IN::INITIALIZE_HVAC over the own meshes (main.f90:815-822)
per_process_presum,hvac.f90,2421,HVAC_BC_IN::INITIALIZE_HVAC,runtime+setup,assign_sum,NODE_H,SUM (serial),REAL,yes,HVAC node boundary conditions (area-weighted node state),physics,main.f90:4979; hvac.f90:1202-1205,,called once per own mesh | per-process pre-sum in HVAC_BC_IN::INITIALIZE_HVAC over the own meshes (main.f90:815-822)
per_process_presum,hvac.f90,2425,HVAC_BC_IN::INITIALIZE_HVAC,runtime+setup,assign_sum,NODE_X,SUM (serial),REAL,yes,HVAC node boundary conditions (area-weighted node state),physics,main.f90:4979; hvac.f90:1202-1205,,called once per own mesh | per-process pre-sum in HVAC_BC_IN::INITIALIZE_HVAC over the own meshes (main.f90:815-822)
per_process_presum,hvac.f90,2426,HVAC_BC_IN::INITIALIZE_HVAC,runtime+setup,assign_sum,NODE_Y,SUM (serial),REAL,yes,HVAC node boundary conditions (area-weighted node state),physics,main.f90:4979; hvac.f90:1202-1205,,called once per own mesh | per-process pre-sum in HVAC_BC_IN::INITIALIZE_HVAC over the own meshes (main.f90:815-822)
per_process_presum,hvac.f90,2427,HVAC_BC_IN::INITIALIZE_HVAC,runtime+setup,assign_sum,NODE_Z,SUM (serial),REAL,yes,HVAC node boundary conditions (area-weighted node state),physics,main.f90:4979; hvac.f90:1202-1205,,called once per own mesh | per-process pre-sum in HVAC_BC_IN::INITIALIZE_HVAC over the own meshes (main.f90:815-822)
per_process_presum,hvac.f90,2429,HVAC_BC_IN::INITIALIZE_HVAC,runtime+setup,assign_sum,NODE_X,SUM (serial),REAL,yes,HVAC node boundary conditions (area-weighted node state),physics,main.f90:4979; hvac.f90:1202-1205,,called once per own mesh | per-process pre-sum in HVAC_BC_IN::INITIALIZE_HVAC over the own meshes (main.f90:815-822)
per_process_presum,hvac.f90,2430,HVAC_BC_IN::INITIALIZE_HVAC,runtime+setup,assign_sum,NODE_Y,SUM (serial),REAL,yes,HVAC node boundary conditions (area-weighted node state),physics,main.f90:4979; hvac.f90:1202-1205,,called once per own mesh | per-process pre-sum in HVAC_BC_IN::INITIALIZE_HVAC over the own meshes (main.f90:815-822)
per_process_presum,hvac.f90,2431,HVAC_BC_IN::INITIALIZE_HVAC,runtime+setup,assign_sum,NODE_Z,SUM (serial),REAL,yes,HVAC node boundary conditions (area-weighted node state),physics,main.f90:4979; hvac.f90:1202-1205,,called once per own mesh | per-process pre-sum in HVAC_BC_IN::INITIALIZE_HVAC over the own meshes (main.f90:815-822)
per_process_presum,hvac.f90,2433,HVAC_BC_IN::INITIALIZE_HVAC,runtime+setup,assign_sum,NODE_X,SUM (serial),REAL,yes,HVAC node boundary conditions (area-weighted node state),physics,main.f90:4979; hvac.f90:1202-1205,,called once per own mesh | per-process pre-sum in HVAC_BC_IN::INITIALIZE_HVAC over the own meshes (main.f90:815-822)
per_process_presum,hvac.f90,2434,HVAC_BC_IN::INITIALIZE_HVAC,runtime+setup,assign_sum,NODE_Y,SUM (serial),REAL,yes,HVAC node boundary conditions (area-weighted node state),physics,main.f90:4979; hvac.f90:1202-1205,,called once per own mesh | per-process pre-sum in HVAC_BC_IN::INITIALIZE_HVAC over the own meshes (main.f90:815-822)
per_process_presum,hvac.f90,2435,HVAC_BC_IN::INITIALIZE_HVAC,runtime+setup,assign_sum,NODE_Z,SUM (serial),REAL,yes,HVAC node boundary conditions (area-weighted node state),physics,main.f90:4979; hvac.f90:1202-1205,,called once per own mesh | per-process pre-sum in HVAC_BC_IN::INITIALIZE_HVAC over the own meshes (main.f90:815-822)
per_process_presum,hvac.f90,2437,HVAC_BC_IN::INITIALIZE_HVAC,runtime+setup,assign_sum,NODE_X,SUM (serial),REAL,yes,HVAC node boundary conditions (area-weighted node state),physics,main.f90:4979; hvac.f90:1202-1205,,called once per own mesh | per-process pre-sum in HVAC_BC_IN::INITIALIZE_HVAC over the own meshes (main.f90:815-822)
per_process_presum,hvac.f90,2438,HVAC_BC_IN::INITIALIZE_HVAC,runtime+setup,assign_sum,NODE_Y,SUM (serial),REAL,yes,HVAC node boundary conditions (area-weighted node state),physics,main.f90:4979; hvac.f90:1202-1205,,called once per own mesh | per-process pre-sum in HVAC_BC_IN::INITIALIZE_HVAC over the own meshes (main.f90:815-822)
per_process_presum,hvac.f90,2439,HVAC_BC_IN::INITIALIZE_HVAC,runtime+setup,assign_sum,NODE_Z,SUM (serial),REAL,yes,HVAC node boundary conditions (area-weighted node state),physics,main.f90:4979; hvac.f90:1202-1205,,called once per own mesh | per-process pre-sum in HVAC_BC_IN::INITIALIZE_HVAC over the own meshes (main.f90:815-822)
per_process_presum,hvac.f90,2441,HVAC_BC_IN::INITIALIZE_HVAC,runtime+setup,assign_sum,NODE_X,SUM (serial),REAL,yes,HVAC node boundary conditions (area-weighted node state),physics,main.f90:4979; hvac.f90:1202-1205,,called once per own mesh | per-process pre-sum in HVAC_BC_IN::INITIALIZE_HVAC over the own meshes (main.f90:815-822)
per_process_presum,hvac.f90,2442,HVAC_BC_IN::INITIALIZE_HVAC,runtime+setup,assign_sum,NODE_Y,SUM (serial),REAL,yes,HVAC node boundary conditions (area-weighted node state),physics,main.f90:4979; hvac.f90:1202-1205,,called once per own mesh | per-process pre-sum in HVAC_BC_IN::INITIALIZE_HVAC over the own meshes (main.f90:815-822)
per_process_presum,hvac.f90,2443,HVAC_BC_IN::INITIALIZE_HVAC,runtime+setup,assign_sum,NODE_Z,SUM (serial),REAL,yes,HVAC node boundary conditions (area-weighted node state),physics,main.f90:4979; hvac.f90:1202-1205,,called once per own mesh | per-process pre-sum in HVAC_BC_IN::INITIALIZE_HVAC over the own meshes (main.f90:815-822)
per_process_presum,hvac.f90,2445,HVAC_BC_IN::INITIALIZE_HVAC,runtime+setup,assign_sum,NODE_X,SUM (serial),REAL,yes,HVAC node boundary conditions (area-weighted node state),physics,main.f90:4979; hvac.f90:1202-1205,,called once per own mesh | per-process pre-sum in HVAC_BC_IN::INITIALIZE_HVAC over the own meshes (main.f90:815-822)
per_process_presum,hvac.f90,2446,HVAC_BC_IN::INITIALIZE_HVAC,runtime+setup,assign_sum,NODE_Y,SUM (serial),REAL,yes,HVAC node boundary conditions (area-weighted node state),physics,main.f90:4979; hvac.f90:1202-1205,,called once per own mesh | per-process pre-sum in HVAC_BC_IN::INITIALIZE_HVAC over the own meshes (main.f90:815-822)
per_process_presum,hvac.f90,2447,HVAC_BC_IN::INITIALIZE_HVAC,runtime+setup,assign_sum,NODE_Z,SUM (serial),REAL,yes,HVAC node boundary conditions (area-weighted node state),physics,main.f90:4979; hvac.f90:1202-1205,,called once per own mesh | per-process pre-sum in HVAC_BC_IN::INITIALIZE_HVAC over the own meshes (main.f90:815-822)
per_process_presum,hvac.f90,2458,HVAC_BC_IN::INITIALIZE_HVAC,runtime+setup,assign_sum,NODE_P,SUM (serial),REAL,yes,HVAC node boundary conditions (area-weighted node state),physics,main.f90:4979; hvac.f90:1202-1205,,called once per own mesh | per-process pre-sum in HVAC_BC_IN::INITIALIZE_HVAC over the own meshes (main.f90:815-822)
per_process_presum,hvac.f90,2462,HVAC_BC_IN::INITIALIZE_HVAC,runtime+setup,assign_sum,NODE_P,SUM (serial),REAL,yes,HVAC node boundary conditions (area-weighted node state),physics,main.f90:4979; hvac.f90:1202-1205,,called once per own mesh | per-process pre-sum in HVAC_BC_IN::INITIALIZE_HVAC over the own meshes (main.f90:815-822)
per_process_presum,hvac.f90,2467,HVAC_BC_IN::INITIALIZE_HVAC,runtime+setup,assign_sum,NODE_P,SUM (serial),REAL,yes,HVAC node boundary conditions (area-weighted node state),physics,main.f90:4979; hvac.f90:1202-1205,,called once per own mesh | per-process pre-sum in HVAC_BC_IN::INITIALIZE_HVAC over the own meshes (main.f90:815-822)
per_process_presum,hvac.f90,2472,HVAC_BC_IN::INITIALIZE_HVAC,runtime+setup,assign_sum,NODE_P,SUM (serial),REAL,yes,HVAC node boundary conditions (area-weighted node state),physics,main.f90:4979; hvac.f90:1202-1205,,called once per own mesh | per-process pre-sum in HVAC_BC_IN::INITIALIZE_HVAC over the own meshes (main.f90:815-822)
per_process_presum,hvac.f90,2477,HVAC_BC_IN::INITIALIZE_HVAC,runtime+setup,assign_sum,NODE_P,SUM (serial),REAL,yes,HVAC node boundary conditions (area-weighted node state),physics,main.f90:4979; hvac.f90:1202-1205,,called once per own mesh | per-process pre-sum in HVAC_BC_IN::INITIALIZE_HVAC over the own meshes (main.f90:815-822)
per_process_presum,hvac.f90,2482,HVAC_BC_IN::INITIALIZE_HVAC,runtime+setup,assign_sum,NODE_P,SUM (serial),REAL,yes,HVAC node boundary conditions (area-weighted node state),physics,main.f90:4979; hvac.f90:1202-1205,,called once per own mesh | per-process pre-sum in HVAC_BC_IN::INITIALIZE_HVAC over the own meshes (main.f90:815-822)
per_process_presum,hvac.f90,2487,HVAC_BC_IN::INITIALIZE_HVAC,runtime+setup,assign_sum,NODE_P,SUM (serial),REAL,yes,HVAC node boundary conditions (area-weighted node state),physics,main.f90:4979; hvac.f90:1202-1205,,called once per own mesh | per-process pre-sum in HVAC_BC_IN::INITIALIZE_HVAC over the own meshes (main.f90:815-822)
per_process_presum,hvac.f90,2513,HVAC_BC_IN::INITIALIZE_HVAC,runtime+setup,assign_sum,NODE_AREA,SUM (serial),REAL,yes,HVAC node boundary conditions (area-weighted node state),physics,main.f90:4979; hvac.f90:1202-1205,,called once per own mesh | per-process pre-sum in HVAC_BC_IN::INITIALIZE_HVAC over the own meshes (main.f90:815-822)
per_process_presum,hvac.f90,2514,HVAC_BC_IN::INITIALIZE_HVAC,runtime+setup,assign_sum,NODE_RHO,SUM (serial),REAL,yes,HVAC node boundary conditions (area-weighted node state),physics,main.f90:4979; hvac.f90:1202-1205,,called once per own mesh | per-process pre-sum in HVAC_BC_IN::INITIALIZE_HVAC over the own meshes (main.f90:815-822)
per_process_presum,hvac.f90,2517,HVAC_BC_IN::INITIALIZE_HVAC,runtime+setup,assign_sum,NODE_ZZ,SUM (serial),REAL,yes,HVAC node boundary conditions (area-weighted node state),physics,main.f90:4979; hvac.f90:1202-1205,,called once per own mesh | per-process pre-sum in HVAC_BC_IN::INITIALIZE_HVAC over the own meshes (main.f90:815-822)
per_process_presum,hvac.f90,2519,HVAC_BC_IN::INITIALIZE_HVAC,runtime+setup,assign_sum,NODE_TMP,SUM (serial),REAL,yes,HVAC node boundary conditions (area-weighted node state),physics,main.f90:4979; hvac.f90:1202-1205,,called once per own mesh | per-process pre-sum in HVAC_BC_IN::INITIALIZE_HVAC over the own meshes (main.f90:815-822)
per_process_presum,hvac.f90,2520,HVAC_BC_IN::INITIALIZE_HVAC,runtime+setup,assign_sum,NODE_H,SUM (serial),REAL,yes,HVAC node boundary conditions (area-weighted node state),physics,main.f90:4979; hvac.f90:1202-1205,,called once per own mesh | per-process pre-sum in HVAC_BC_IN::INITIALIZE_HVAC over the own meshes (main.f90:815-822)
per_process_presum,hvac.f90,2525,HVAC_BC_IN::INITIALIZE_HVAC,runtime+setup,assign_sum,NODE_Z,SUM (serial),REAL,yes,HVAC node boundary conditions (area-weighted node state),physics,main.f90:4979; hvac.f90:1202-1205,,called once per own mesh | per-process pre-sum in HVAC_BC_IN::INITIALIZE_HVAC over the own meshes (main.f90:815-822)
per_process_presum,hvac.f90,2528,HVAC_BC_IN::INITIALIZE_HVAC,runtime+setup,assign_sum,NODE_Z,SUM (serial),REAL,yes,HVAC node boundary conditions (area-weighted node state),physics,main.f90:4979; hvac.f90:1202-1205,,called once per own mesh | per-process pre-sum in HVAC_BC_IN::INITIALIZE_HVAC over the own meshes (main.f90:815-822)
per_process_presum,hvac.f90,2531,HVAC_BC_IN::INITIALIZE_HVAC,runtime+setup,assign_sum,NODE_Z,SUM (serial),REAL,yes,HVAC node boundary conditions (area-weighted node state),physics,main.f90:4979; hvac.f90:1202-1205,,called once per own mesh | per-process pre-sum in HVAC_BC_IN::INITIALIZE_HVAC over the own meshes (main.f90:815-822)
per_process_presum,hvac.f90,2533,HVAC_BC_IN::INITIALIZE_HVAC,runtime+setup,assign_sum,NODE_P,SUM (serial),REAL,yes,HVAC node boundary conditions (area-weighted node state),physics,main.f90:4979; hvac.f90:1202-1205,,called once per own mesh | per-process pre-sum in HVAC_BC_IN::INITIALIZE_HVAC over the own meshes (main.f90:815-822)
per_process_presum,init.f90,366,ADJUST_OBST_SHAPE_AREA,setup,assign_sum,MR%FDS_AREA [MR=>MULTIPLIER(OB%MULT_INDEX)],SUM (serial),REAL,yes,B1%AREA_ADJUST of shaped multiplied OBSTs (setup),physics,init.f90:407-424,,"DO IW=M%N_EXTERNAL_WALL_CELLS+1,M%N_EXTERNAL_WALL_CELLS+M%N_INTERNAL_WALL_CELLS (L355) | UPSTREAM DEFECT, run-confirmed 2026-09-25 (runs/fds_area, FireX+master; upstream_issue_candidates.md #1): accumulated per process and per MULT, never reset between meshes and never MPI-reduced, so the adjustment depends on mesh order and decomposition (side area x1.5 with 2 meshes/1 proc, x2 with 2 meshes/2 procs)"
per_process_presum,init.f90,370,ADJUST_OBST_SHAPE_AREA,setup,assign_sum,MR%FDS_AREA [MR=>MULTIPLIER(OB%MULT_INDEX)],SUM (serial),REAL,yes,B1%AREA_ADJUST of shaped multiplied OBSTs (setup),physics,init.f90:407-424,,"DO IW=M%N_EXTERNAL_WALL_CELLS+1,M%N_EXTERNAL_WALL_CELLS+M%N_INTERNAL_WALL_CELLS (L355) | UPSTREAM DEFECT, run-confirmed 2026-09-25 (runs/fds_area, FireX+master; upstream_issue_candidates.md #1): accumulated per process and per MULT, never reset between meshes and never MPI-reduced, so the adjustment depends on mesh order and decomposition (side area x1.5 with 2 meshes/1 proc, x2 with 2 meshes/2 procs)"
per_process_presum,init.f90,371,ADJUST_OBST_SHAPE_AREA,setup,assign_sum,MR%FDS_AREA [MR=>MULTIPLIER(OB%MULT_INDEX)],SUM (serial),REAL,yes,B1%AREA_ADJUST of shaped multiplied OBSTs (setup),physics,init.f90:407-424,,"DO IW=M%N_EXTERNAL_WALL_CELLS+1,M%N_EXTERNAL_WALL_CELLS+M%N_INTERNAL_WALL_CELLS (L355) | UPSTREAM DEFECT, run-confirmed 2026-09-25 (runs/fds_area, FireX+master; upstream_issue_candidates.md #1): accumulated per process and per MULT, never reset between meshes and never MPI-reduced, so the adjustment depends on mesh order and decomposition (side area x1.5 with 2 meshes/1 proc, x2 with 2 meshes/2 procs)"
per_process_presum,init.f90,372,ADJUST_OBST_SHAPE_AREA,setup,assign_sum,MR%FDS_AREA [MR=>MULTIPLIER(OB%MULT_INDEX)],SUM (serial),REAL,yes,B1%AREA_ADJUST of shaped multiplied OBSTs (setup),physics,init.f90:407-424,,"DO IW=M%N_EXTERNAL_WALL_CELLS+1,M%N_EXTERNAL_WALL_CELLS+M%N_INTERNAL_WALL_CELLS (L355) | UPSTREAM DEFECT, run-confirmed 2026-09-25 (runs/fds_area, FireX+master; upstream_issue_candidates.md #1): accumulated per process and per MULT, never reset between meshes and never MPI-reduced, so the adjustment depends on mesh order and decomposition (side area x1.5 with 2 meshes/1 proc, x2 with 2 meshes/2 procs)"
per_process_presum,init.f90,376,ADJUST_OBST_SHAPE_AREA,setup,assign_sum,MR%FDS_AREA [MR=>MULTIPLIER(OB%MULT_INDEX)],SUM (serial),REAL,yes,B1%AREA_ADJUST of shaped multiplied OBSTs (setup),physics,init.f90:407-424,,"DO IW=M%N_EXTERNAL_WALL_CELLS+1,M%N_EXTERNAL_WALL_CELLS+M%N_INTERNAL_WALL_CELLS (L355) | UPSTREAM DEFECT, run-confirmed 2026-09-25 (runs/fds_area, FireX+master; upstream_issue_candidates.md #1): accumulated per process and per MULT, never reset between meshes and never MPI-reduced, so the adjustment depends on mesh order and decomposition (side area x1.5 with 2 meshes/1 proc, x2 with 2 meshes/2 procs)"
per_process_presum,init.f90,377,ADJUST_OBST_SHAPE_AREA,setup,assign_sum,MR%FDS_AREA [MR=>MULTIPLIER(OB%MULT_INDEX)],SUM (serial),REAL,yes,B1%AREA_ADJUST of shaped multiplied OBSTs (setup),physics,init.f90:407-424,,"DO IW=M%N_EXTERNAL_WALL_CELLS+1,M%N_EXTERNAL_WALL_CELLS+M%N_INTERNAL_WALL_CELLS (L355) | UPSTREAM DEFECT, run-confirmed 2026-09-25 (runs/fds_area, FireX+master; upstream_issue_candidates.md #1): accumulated per process and per MULT, never reset between meshes and never MPI-reduced, so the adjustment depends on mesh order and decomposition (side area x1.5 with 2 meshes/1 proc, x2 with 2 meshes/2 procs)"
per_process_presum,init.f90,382,ADJUST_OBST_SHAPE_AREA,setup,assign_sum,MR%FDS_AREA [MR=>MULTIPLIER(OB%MULT_INDEX)],SUM (serial),REAL,yes,B1%AREA_ADJUST of shaped multiplied OBSTs (setup),physics,init.f90:407-424,,"DO IW=M%N_EXTERNAL_WALL_CELLS+1,M%N_EXTERNAL_WALL_CELLS+M%N_INTERNAL_WALL_CELLS (L355) | UPSTREAM DEFECT, run-confirmed 2026-09-25 (runs/fds_area, FireX+master; upstream_issue_candidates.md #1): accumulated per process and per MULT, never reset between meshes and never MPI-reduced, so the adjustment depends on mesh order and decomposition (side area x1.5 with 2 meshes/1 proc, x2 with 2 meshes/2 procs)"
per_process_presum,init.f90,383,ADJUST_OBST_SHAPE_AREA,setup,assign_sum,MR%FDS_AREA [MR=>MULTIPLIER(OB%MULT_INDEX)],SUM (serial),REAL,yes,B1%AREA_ADJUST of shaped multiplied OBSTs (setup),physics,init.f90:407-424,,"DO IW=M%N_EXTERNAL_WALL_CELLS+1,M%N_EXTERNAL_WALL_CELLS+M%N_INTERNAL_WALL_CELLS (L355) | UPSTREAM DEFECT, run-confirmed 2026-09-25 (runs/fds_area, FireX+master; upstream_issue_candidates.md #1): accumulated per process and per MULT, never reset between meshes and never MPI-reduced, so the adjustment depends on mesh order and decomposition (side area x1.5 with 2 meshes/1 proc, x2 with 2 meshes/2 procs)"
per_process_presum,init.f90,384,ADJUST_OBST_SHAPE_AREA,setup,assign_sum,MR%FDS_AREA [MR=>MULTIPLIER(OB%MULT_INDEX)],SUM (serial),REAL,yes,B1%AREA_ADJUST of shaped multiplied OBSTs (setup),physics,init.f90:407-424,,"DO IW=M%N_EXTERNAL_WALL_CELLS+1,M%N_EXTERNAL_WALL_CELLS+M%N_INTERNAL_WALL_CELLS (L355) | UPSTREAM DEFECT, run-confirmed 2026-09-25 (runs/fds_area, FireX+master; upstream_issue_candidates.md #1): accumulated per process and per MULT, never reset between meshes and never MPI-reduced, so the adjustment depends on mesh order and decomposition (side area x1.5 with 2 meshes/1 proc, x2 with 2 meshes/2 procs)"
per_process_presum,init.f90,385,ADJUST_OBST_SHAPE_AREA,setup,assign_sum,MR%FDS_AREA [MR=>MULTIPLIER(OB%MULT_INDEX)],SUM (serial),REAL,yes,B1%AREA_ADJUST of shaped multiplied OBSTs (setup),physics,init.f90:407-424,,"DO IW=M%N_EXTERNAL_WALL_CELLS+1,M%N_EXTERNAL_WALL_CELLS+M%N_INTERNAL_WALL_CELLS (L355) | UPSTREAM DEFECT, run-confirmed 2026-09-25 (runs/fds_area, FireX+master; upstream_issue_candidates.md #1): accumulated per process and per MULT, never reset between meshes and never MPI-reduced, so the adjustment depends on mesh order and decomposition (side area x1.5 with 2 meshes/1 proc, x2 with 2 meshes/2 procs)"
per_process_presum,init.f90,386,ADJUST_OBST_SHAPE_AREA,setup,assign_sum,MR%FDS_AREA [MR=>MULTIPLIER(OB%MULT_INDEX)],SUM (serial),REAL,yes,B1%AREA_ADJUST of shaped multiplied OBSTs (setup),physics,init.f90:407-424,,"DO IW=M%N_EXTERNAL_WALL_CELLS+1,M%N_EXTERNAL_WALL_CELLS+M%N_INTERNAL_WALL_CELLS (L355) | UPSTREAM DEFECT, run-confirmed 2026-09-25 (runs/fds_area, FireX+master; upstream_issue_candidates.md #1): accumulated per process and per MULT, never reset between meshes and never MPI-reduced, so the adjustment depends on mesh order and decomposition (side area x1.5 with 2 meshes/1 proc, x2 with 2 meshes/2 procs)"
per_process_presum,init.f90,387,ADJUST_OBST_SHAPE_AREA,setup,assign_sum,MR%FDS_AREA [MR=>MULTIPLIER(OB%MULT_INDEX)],SUM (serial),REAL,yes,B1%AREA_ADJUST of shaped multiplied OBSTs (setup),physics,init.f90:407-424,,"DO IW=M%N_EXTERNAL_WALL_CELLS+1,M%N_EXTERNAL_WALL_CELLS+M%N_INTERNAL_WALL_CELLS (L355) | UPSTREAM DEFECT, run-confirmed 2026-09-25 (runs/fds_area, FireX+master; upstream_issue_candidates.md #1): accumulated per process and per MULT, never reset between meshes and never MPI-reduced, so the adjustment depends on mesh order and decomposition (side area x1.5 with 2 meshes/1 proc, x2 with 2 meshes/2 procs)"
serial_loop_all_meshes,main.f90,163,FDS,setup(program body),curated,MAXVAL(MAX_CELL_ASPECT_RATIO),MAX (serial intrinsic),REAL,no,CFL_VELOCITY_NORM switch (aspect ratio > 3.99),dt_control,main.f90:163,,after ALLGATHERV main.f90:161
serial_loop_all_meshes,main.f90,715,FDS,runtime,curated,MINVAL(DT_NEW),MIN (serial intrinsic),REAL,no,time step DT,dt_control,main.f90:715,,
serial_loop_all_meshes,main.f90,741,FDS,runtime,curated,MINVAL(DT_NEW),MIN (serial intrinsic),REAL,no,time step DT,dt_control,main.f90:741,,after ALLGATHERV main.f90:738
serial_loop_all_meshes,main.f90,891,FDS,runtime,curated,MINVAL(DT_NEW),MIN (serial intrinsic),REAL,no,time step DT,dt_control,main.f90:891,,after ALLGATHERV main.f90:884
serial_loop_all_meshes,main.f90,1724,FDS::PRESSURE_ITERATION_SCHEME,runtime,curated,"MAXVAL(PRESSURE_ERROR_MAX), MAXVAL(VELOCITY_ERROR_MAX)",MAX (serial intrinsic),REAL,no,pressure-iteration exit tests,dt_control,main.f90:1724-1740,,after ALLGATHERV main.f90:1702
per_process_presum,main.f90,2699,FDS::INITIALIZE_PRESSURE_ZONES,setup,assign_sum,P_ZONE%VOLUME,SUM (serial),REAL,yes,Pressure-zone volume (enters D_PBAR_DT via PSUM normalisation),physics,main.f90:2735,,"DO NM=LOWER_MESH_INDEX,UPPER_MESH_INDEX (L2689) / DO K=1,M%KBAR (L2692) / DO J=1,M%JBAR (L2693) / DO I=1,M%IBAR (L2694)"
serial_loop_all_meshes,main.f90,4456,FDS::EXCHANGE_GLOBAL_OUTPUTS,runtime+setup,assign_sum,TC_ARRAY,SUM (serial),REAL,yes,"DEVC spatial statistics (DV%VALUE_1..4); feeds CTRL/setpoints, so physics when devices control vents, OBSTs, HVAC",physics_via_devc,main.f90:4494-4495,,"DO OP_INDEX=1,3 (L4437) / DO N=1,N_DEVC (L4447) / DO NN=1,DV%N_SUBDEVICES (L4452) | per-mesh SUBDEVICE values are summed over subdevices first (main.f90:4452-4459)"
serial_loop_all_meshes,main.f90,4457,FDS::EXCHANGE_GLOBAL_OUTPUTS,runtime+setup,assign_sum,TC_ARRAY,SUM (serial),REAL,yes,"DEVC spatial statistics (DV%VALUE_1..4); feeds CTRL/setpoints, so physics when devices control vents, OBSTs, HVAC",physics_via_devc,main.f90:4494-4495,,"DO OP_INDEX=1,3 (L4437) / DO N=1,N_DEVC (L4447) / DO NN=1,DV%N_SUBDEVICES (L4452) | per-mesh SUBDEVICE values are summed over subdevices first (main.f90:4452-4459)"
serial_loop_all_meshes,main.f90,4458,FDS::EXCHANGE_GLOBAL_OUTPUTS,runtime+setup,assign_sum,TC_ARRAY,SUM (serial),REAL,yes,"DEVC spatial statistics (DV%VALUE_1..4); feeds CTRL/setpoints, so physics when devices control vents, OBSTs, HVAC",physics_via_devc,main.f90:4494-4495,,"DO OP_INDEX=1,3 (L4437) / DO N=1,N_DEVC (L4447) / DO NN=1,DV%N_SUBDEVICES (L4452) | per-mesh SUBDEVICE values are summed over subdevices first (main.f90:4452-4459)"
serial_loop_all_meshes,main.f90,4459,FDS::EXCHANGE_GLOBAL_OUTPUTS,runtime+setup,assign_sum,TC_ARRAY,SUM (serial),REAL,yes,"DEVC spatial statistics (DV%VALUE_1..4); feeds CTRL/setpoints, so physics when devices control vents, OBSTs, HVAC",physics_via_devc,main.f90:4494-4495,,"DO OP_INDEX=1,3 (L4437) / DO N=1,N_DEVC (L4447) / DO NN=1,DV%N_SUBDEVICES (L4452) | per-mesh SUBDEVICE values are summed over subdevices first (main.f90:4452-4459)"
serial_loop_all_meshes,main.f90,4462,FDS::EXCHANGE_GLOBAL_OUTPUTS,runtime,curated,TC2_ARRAY (IF-guarded MIN/MAX selection over SUBDEVICEs),MIN/MAX (serial),REAL,no (ties resolved by first subdevice),DEVC MIN/MAX spatial statistics,physics_via_devc,main.f90:4462-4469,,then MPI_MINLOC/MAXLOC main.f90:4481
per_process_presum,part.f90,3944,PARTICLE_MASS_ENERGY_TRANSFER,runtime,assign_sum,Q_DOT,SUM (serial),REAL,yes,HRR file (CHID_hrr.csv) integrals,output_only,main.f90:4602-4607; dump.f90:11815,,"DO Z_INDEX=1,N_TRACKED_SPECIES (L3715) / DO IP=1,NLP (L3788)"
per_process_presum,part.f90,3945,PARTICLE_MASS_ENERGY_TRANSFER,runtime,assign_sum,Q_DOT,SUM (serial),REAL,yes,HRR file (CHID_hrr.csv) integrals,output_only,main.f90:4602-4607; dump.f90:11815,,"DO Z_INDEX=1,N_TRACKED_SPECIES (L3715) / DO IP=1,NLP (L3788)"
per_process_presum,part.f90,3946,PARTICLE_MASS_ENERGY_TRANSFER,runtime,assign_sum,Q_DOT,SUM (serial),REAL,yes,HRR file (CHID_hrr.csv) integrals,output_only,main.f90:4602-4607; dump.f90:11815,,"DO Z_INDEX=1,N_TRACKED_SPECIES (L3715) / DO IP=1,NLP (L3788)"
per_process_presum,part.f90,3948,PARTICLE_MASS_ENERGY_TRANSFER,runtime,assign_sum,M_DOT,SUM (serial),REAL,yes,HRR file (CHID_hrr.csv) integrals,output_only,main.f90:4602-4607; dump.f90:11815,,"DO Z_INDEX=1,N_TRACKED_SPECIES (L3715) / DO IP=1,NLP (L3788)"
per_process_presum,part.f90,4319,PARTICLE_MASS_ENERGY_TRANSFER,runtime,assign_sum,Q_DOT,SUM (serial),REAL,yes,HRR file (CHID_hrr.csv) integrals,output_only,main.f90:4602-4607; dump.f90:11815,,"DO Z_INDEX=1,N_TRACKED_SPECIES (L3715) / DO IP=1,NLP (L3788)"
per_process_presum,part.f90,4320,PARTICLE_MASS_ENERGY_TRANSFER,runtime,assign_sum,Q_DOT,SUM (serial),REAL,yes,HRR file (CHID_hrr.csv) integrals,output_only,main.f90:4602-4607; dump.f90:11815,,"DO Z_INDEX=1,N_TRACKED_SPECIES (L3715) / DO IP=1,NLP (L3788)"
per_process_presum,part.f90,4321,PARTICLE_MASS_ENERGY_TRANSFER,runtime,assign_sum,Q_DOT,SUM (serial),REAL,yes,HRR file (CHID_hrr.csv) integrals,output_only,main.f90:4602-4607; dump.f90:11815,,"DO Z_INDEX=1,N_TRACKED_SPECIES (L3715) / DO IP=1,NLP (L3788)"
per_process_presum,part.f90,4322,PARTICLE_MASS_ENERGY_TRANSFER,runtime,assign_sum,Q_DOT,SUM (serial),REAL,yes,HRR file (CHID_hrr.csv) integrals,output_only,main.f90:4602-4607; dump.f90:11815,,"DO Z_INDEX=1,N_TRACKED_SPECIES (L3715) / DO IP=1,NLP (L3788)"
per_process_presum,part.f90,4324,PARTICLE_MASS_ENERGY_TRANSFER,runtime,assign_sum,M_DOT,SUM (serial),REAL,yes,HRR file (CHID_hrr.csv) integrals,output_only,main.f90:4602-4607; dump.f90:11815,,"DO Z_INDEX=1,N_TRACKED_SPECIES (L3715) / DO IP=1,NLP (L3788)"
per_process_presum,radi.f90,4040,COMPUTE_RADIATION::RADIATION_FVM,runtime+setup,assign_sum,RAD_Q_SUM,SUM (serial),REAL,yes,RTE_SOURCE_CORRECTION_FACTOR (radiative source correction),physics,main.f90:1767,,"DO IBND=1,NUMBER_SPECTRAL_BANDS (L3912) / DO K=1,KBAR (L4026) / DO J=1,JBAR (L4027) / DO I=1,IBAR (L4028)"
per_process_presum,radi.f90,4041,COMPUTE_RADIATION::RADIATION_FVM,runtime+setup,assign_sum,KFST4_SUM,SUM (serial),REAL,yes,RTE_SOURCE_CORRECTION_FACTOR (radiative source correction),physics,main.f90:1767,,"DO IBND=1,NUMBER_SPECTRAL_BANDS (L3912) / DO K=1,KBAR (L4026) / DO J=1,JBAR (L4027) / DO I=1,IBAR (L4028)"
per_process_presum,radi.f90,4076,COMPUTE_RADIATION::RADIATION_FVM,runtime+setup,assign_sum,RAD_Q_SUM,SUM (serial),REAL,yes,RTE_SOURCE_CORRECTION_FACTOR (radiative source correction),physics,main.f90:1767,,"DO IBND=1,NUMBER_SPECTRAL_BANDS (L3912) / DO K=1,KBAR (L4050) / DO J=1,JBAR (L4051) / DO I=1,IBAR (L4052)"
per_process_presum,radi.f90,4077,COMPUTE_RADIATION::RADIATION_FVM,runtime+setup,assign_sum,KFST4_SUM,SUM (serial),REAL,yes,RTE_SOURCE_CORRECTION_FACTOR (radiative source correction),physics,main.f90:1767,,"DO IBND=1,NUMBER_SPECTRAL_BANDS (L3912) / DO K=1,KBAR (L4050) / DO J=1,JBAR (L4051) / DO I=1,IBAR (L4052)"
per_process_presum,radi.f90,4120,COMPUTE_RADIATION::RADIATION_FVM,runtime+setup,assign_sum,RAD_Q_SUM,SUM (serial),REAL,yes,RTE_SOURCE_CORRECTION_FACTOR (radiative source correction),physics,main.f90:1767,,"DO IBND=1,NUMBER_SPECTRAL_BANDS (L3912)"
per_process_presum,radi.f90,4121,COMPUTE_RADIATION::RADIATION_FVM,runtime+setup,assign_sum,KFST4_SUM,SUM (serial),REAL,yes,RTE_SOURCE_CORRECTION_FACTOR (radiative source correction),physics,main.f90:1767,,"DO IBND=1,NUMBER_SPECTRAL_BANDS (L3912)"
per_process_presum,read.f90,771,READ_MESH,setup,assign_min,XS_MIN,MIN (serial),REAL,no,"domain bounding box (GEOM binning, terrain, wind/stratification ZSW)",bookkeeping,geom.f90:1416; init.f90:460; read.f90:2227,,"DO N=1,NMESHES_READ (L598) / DO KK=MR%K_LOWER,MR%K_UPPER (L638) / DO JJ=MR%J_LOWER,MR%J_UPPER (L639) / DO II=MR%I_LOWER, | MIN/MAX of exact inputs"
per_process_presum,read.f90,772,READ_MESH,setup,assign_max,XF_MAX,MAX (serial),REAL,no,"domain bounding box (GEOM binning, terrain, wind/stratification ZSW)",bookkeeping,geom.f90:1416; init.f90:460; read.f90:2227,,"DO N=1,NMESHES_READ (L598) / DO KK=MR%K_LOWER,MR%K_UPPER (L638) / DO JJ=MR%J_LOWER,MR%J_UPPER (L639) / DO II=MR%I_LOWER, | MIN/MAX of exact inputs"
per_process_presum,read.f90,773,READ_MESH,setup,assign_min,YS_MIN,MIN (serial),REAL,no,"domain bounding box (GEOM binning, terrain, wind/stratification ZSW)",bookkeeping,geom.f90:1416; init.f90:460; read.f90:2227,,"DO N=1,NMESHES_READ (L598) / DO KK=MR%K_LOWER,MR%K_UPPER (L638) / DO JJ=MR%J_LOWER,MR%J_UPPER (L639) / DO II=MR%I_LOWER, | MIN/MAX of exact inputs"
per_process_presum,read.f90,774,READ_MESH,setup,assign_max,YF_MAX,MAX (serial),REAL,no,"domain bounding box (GEOM binning, terrain, wind/stratification ZSW)",bookkeeping,geom.f90:1416; init.f90:460; read.f90:2227,,"DO N=1,NMESHES_READ (L598) / DO KK=MR%K_LOWER,MR%K_UPPER (L638) / DO JJ=MR%J_LOWER,MR%J_UPPER (L639) / DO II=MR%I_LOWER, | MIN/MAX of exact inputs"
per_process_presum,read.f90,775,READ_MESH,setup,assign_min,ZS_MIN,MIN (serial),REAL,no,"domain bounding box (GEOM binning, terrain, wind/stratification ZSW)",bookkeeping,geom.f90:1416; init.f90:460; read.f90:2227,,"DO N=1,NMESHES_READ (L598) / DO KK=MR%K_LOWER,MR%K_UPPER (L638) / DO JJ=MR%J_LOWER,MR%J_UPPER (L639) / DO II=MR%I_LOWER, | MIN/MAX of exact inputs"
per_process_presum,read.f90,776,READ_MESH,setup,assign_max,ZF_MAX,MAX (serial),REAL,no,"domain bounding box (GEOM binning, terrain, wind/stratification ZSW)",bookkeeping,geom.f90:1416; init.f90:460; read.f90:2227,,"DO N=1,NMESHES_READ (L598) / DO KK=MR%K_LOWER,MR%K_UPPER (L638) / DO JJ=MR%J_LOWER,MR%J_UPPER (L639) / DO II=MR%I_LOWER, | MIN/MAX of exact inputs"
per_process_presum,read.f90,796,READ_MESH,setup,assign_min,CHARACTERISTIC_CELL_SIZE,MIN (serial),REAL,no,"initial DT, MESH_SEPARATION_DISTANCE, tolerances (setup)",dt_control,"read.f90:187, 916; read.f90:10161-10162",,"DO N=1,NMESHES_READ (L598) / DO KK=MR%K_LOWER,MR%K_UPPER (L638) / DO JJ=MR%J_LOWER,MR%J_UPPER (L639) / DO II=MR%I_LOWER,"
serial_loop_all_meshes,read.f90,1399,READ_TRAN,setup,assign_max,DZS_MAX,MAX (serial),REAL,no,"domain bounding box (GEOM binning, terrain, wind/stratification ZSW)",bookkeeping,geom.f90:1416; init.f90:460; read.f90:2227,,"DO NM=1,NMESHES (L1008) | MIN/MAX of exact inputs"
serial_loop_all_meshes,read.f90,1400,READ_TRAN,setup,assign_max,DZF_MAX,MAX (serial),REAL,no,"domain bounding box (GEOM binning, terrain, wind/stratification ZSW)",bookkeeping,geom.f90:1416; init.f90:460; read.f90:2227,,"DO NM=1,NMESHES (L1008) | MIN/MAX of exact inputs"
serial_loop_all_meshes,read.f90,12651,READ_VENT,setup,assign_min,TMPMIN,MIN (serial),REAL,no,global temperature floor,physics,read.f90:12651,,"DO NM=1,NMESHES (L12137) / DO I_MODE=1,2 (L12149) / DO KK=MR%K_LOWER,MR%K_UPPER (L12311) / DO JJ=MR%J_LOWER,MR%J_UPPER ( | MIN, order independent"
serial_loop_all_meshes,read.f90,12864,READ_VENT,setup,assign_sum,VENT_TOTAL_AREA,SUM (serial),REAL,yes,Vent TOTAL_FDS_AREA -> B1%AREA_ADJUST of split vents (setup),physics,main.f90:5064; init.f90:3604,,"DO NM=1,NMESHES (L12677) / DO N=1,N_VENT (L12814)"
serial_loop_all_meshes,vtkf.f90,4009,WRITE_PARAVIEW_STATE_FILE,setup,assign_max,XMX,MAX (serial),REAL,no,Smokeview/ParaView file extents,output_only,dump.f90:2078; vtkf.f90:4009,,"DO NM=1,NMESHES (L4006)"
serial_loop_all_meshes,vtkf.f90,4010,WRITE_PARAVIEW_STATE_FILE,setup,assign_min,XMN,MIN (serial),REAL,no,Smokeview/ParaView file extents,output_only,dump.f90:2078; vtkf.f90:4009,,"DO NM=1,NMESHES (L4006)"
serial_loop_all_meshes,vtkf.f90,4011,WRITE_PARAVIEW_STATE_FILE,setup,assign_max,YMX,MAX (serial),REAL,no,Smokeview/ParaView file extents,output_only,dump.f90:2078; vtkf.f90:4009,,"DO NM=1,NMESHES (L4006)"
serial_loop_all_meshes,vtkf.f90,4012,WRITE_PARAVIEW_STATE_FILE,setup,assign_min,YMN,MIN (serial),REAL,no,Smokeview/ParaView file extents,output_only,dump.f90:2078; vtkf.f90:4009,,"DO NM=1,NMESHES (L4006)"
serial_loop_all_meshes,vtkf.f90,4013,WRITE_PARAVIEW_STATE_FILE,setup,assign_max,ZMX,MAX (serial),REAL,no,Smokeview/ParaView file extents,output_only,dump.f90:2078; vtkf.f90:4009,,"DO NM=1,NMESHES (L4006)"
serial_loop_all_meshes,vtkf.f90,4014,WRITE_PARAVIEW_STATE_FILE,setup,assign_min,ZMN,MIN (serial),REAL,no,Smokeview/ParaView file extents,output_only,dump.f90:2078; vtkf.f90:4009,,"DO NM=1,NMESHES (L4006)"
per_process_presum,wall.f90,1527,DEPOSIT_PARTICLE_MASS,runtime+setup,assign_sum,Q_DOT,SUM (serial),REAL,yes,HRR file (CHID_hrr.csv) integrals,output_only,main.f90:4602-4607; dump.f90:11815,,"DO NS=1,N_TRACKED_SPECIES (L1515)"
per_process_presum,wall.f90,1546,DEPOSIT_PARTICLE_MASS,runtime+setup,assign_sum,Q_DOT,SUM (serial),REAL,yes,HRR file (CHID_hrr.csv) integrals,output_only,main.f90:4602-4607; dump.f90:11815,,called once per own mesh
per_process_presum,wall.f90,1547,DEPOSIT_PARTICLE_MASS,runtime+setup,assign_sum,Q_DOT,SUM (serial),REAL,yes,HRR file (CHID_hrr.csv) integrals,output_only,main.f90:4602-4607; dump.f90:11815,,called once per own mesh
per_process_presum,wall.f90,1555,DEPOSIT_PARTICLE_MASS,runtime+setup,assign_sum,M_DOT,SUM (serial),REAL,yes,HRR file (CHID_hrr.csv) integrals,output_only,main.f90:4602-4607; dump.f90:11815,,"DO NS=1,N_TRACKED_SPECIES (L1553)"
