case,run_set,ranks,total_s_all_ranks,MAIN,DIVG,MASS,VELO,PRES,WALL,DUMP,PART,RADI,FIRE,COMM,PACK,HVAC,GEOM,VEGE,CHEM
ns2d_16_emb_1to1_refinement,baseline,2,7.4,0.0434,0.0836,0.0363,0.1219,0.1640,0.0804,0.1321,0.0005,0.0251,0.0000,0.3070,0.0058,0.0000,0.0000,0.0000,0.0000
ns2d_16_emb_1to1_refinement__sf17,baseline,2,7.4,0.0425,0.0821,0.0354,0.1200,0.1600,0.0792,0.1305,0.0005,0.0244,0.0000,0.3201,0.0052,0.0000,0.0000,0.0000,0.0000
duct_flow_2to1__np2,A-46,2,1355.4,0.0053,0.0272,0.0147,0.1380,0.5719,0.0130,0.0091,0.0000,0.0000,0.0000,0.1961,0.0242,0.0004,0.0000,0.0000,0.0000
fan_test_2to1,A-46,2,38.6,0.0394,0.2118,0.1228,0.1400,0.0330,0.0474,0.0320,0.0001,0.0001,0.0000,0.3694,0.0025,0.0016,0.0000,0.0000,0.0000
porous_media_r2__np2,A-46,2,1179.5,0.0121,0.1463,0.0842,0.1127,0.0338,0.0925,0.0258,0.0111,0.0988,0.0000,0.3795,0.0032,0.0000,0.0000,0.0000,0.0000
zone_break_fast_2to1__np2,A-46,2,102.2,0.0440,0.0509,0.1523,0.2218,0.0543,0.1387,0.0500,0.0001,0.1615,0.0000,0.1145,0.0118,0.0000,0.0000,0.0000,0.0000
zone_shape_2to1__np2,A-46,2,64.3,0.0544,0.0453,0.1458,0.2134,0.0657,0.1570,0.0479,0.0001,0.1467,0.0000,0.1127,0.0111,0.0000,0.0000,0.0000,0.0000
bucket_test_1_2to1__np2,A-47,2,1104.8,0.0184,0.2663,0.1282,0.1577,0.0726,0.0550,0.0349,0.0329,0.0000,0.0000,0.2283,0.0056,0.0000,0.0000,0.0000,0.0000
cascadempi_obst_2to1__np2,A-47,2,836.6,0.0161,0.2609,0.1418,0.1434,0.0284,0.0571,0.0738,0.1433,0.0000,0.0000,0.1293,0.0058,0.0000,0.0000,0.0000,0.0000
cascadempi_obst__np2,A-47,2,213.2,0.0387,0.2329,0.1360,0.1141,0.0210,0.0482,0.0905,0.2665,0.0000,0.0000,0.0494,0.0028,0.0000,0.0000,0.0000,0.0000
geom_sprk_mass_obst,A-47,1,71.9,0.0280,0.3136,0.1756,0.1411,0.0392,0.0460,0.0421,0.1002,0.1143,0.0000,0.0000,0.0000,0.0000,0.0000,0.0000,0.0000
geom_sprk_mass_obst_2to1__np2,A-47,2,718.6,0.0169,0.2782,0.1395,0.1517,0.0580,0.0546,0.0286,0.0340,0.1067,0.0000,0.1251,0.0068,0.0000,0.0000,0.0000,0.0000
1_step_2_step_compare,baseline,4,198.2,0.0204,0.4108,0.2471,0.0835,0.0187,0.0335,0.0236,0.0000,0.0608,0.0559,0.0457,0.0000,0.0000,0.0000,0.0000,0.0000
1_step_2_step_compare__sf17,baseline,4,196.2,0.0211,0.4096,0.2462,0.0835,0.0187,0.0330,0.0232,0.0000,0.0606,0.0563,0.0478,0.0000,0.0000,0.0000,0.0000,0.0000
1_step_2_step_compare__sf17_np1,baseline,1,185.3,0.0138,0.4292,0.2588,0.0961,0.0210,0.0364,0.0225,0.0000,0.0630,0.0591,0.0000,0.0000,0.0000,0.0000,0.0000,0.0000
dancing_eddies_1mesh,baseline,1,284.9,0.0141,0.2320,0.1065,0.2614,0.0470,0.1955,0.0381,0.0001,0.1054,0.0000,0.0001,0.0000,0.0000,0.0000,0.0000,0.0000
dancing_eddies_1mesh__sf17,baseline,1,300.6,0.0149,0.2278,0.1076,0.2663,0.0475,0.1910,0.0381,0.0001,0.1067,0.0000,0.0001,0.0000,0.0000,0.0000,0.0000,0.0000
dancing_eddies_default,baseline,4,338.3,0.0278,0.1931,0.0881,0.2130,0.1138,0.1696,0.0442,0.0002,0.0659,0.0000,0.0822,0.0021,0.0000,0.0000,0.0000,0.0000
dancing_eddies_default__1mesh,baseline,1,261.0,0.0138,0.2304,0.1080,0.2561,0.0500,0.1975,0.0395,0.0001,0.1045,0.0000,0.0001,0.0000,0.0000,0.0000,0.0000,0.0000
dancing_eddies_default__1mesh_sf17,baseline,1,271.9,0.0129,0.2287,0.1078,0.2604,0.0484,0.1912,0.0400,0.0001,0.1106,0.0000,0.0001,0.0000,0.0000,0.0000,0.0000,0.0000
dancing_eddies_default__sf17,baseline,4,329.3,0.0269,0.2009,0.0933,0.2212,0.1025,0.1786,0.0426,0.0002,0.0666,0.0000,0.0651,0.0022,0.0000,0.0000,0.0000,0.0000
dancing_eddies_default__sf17_glmat,baseline,4,470.5,0.0205,0.1467,0.0688,0.1509,0.3441,0.1358,0.0346,0.0001,0.0470,0.0000,0.0500,0.0016,0.0000,0.0000,0.0000,0.0000
dancing_eddies_default__sf17_rep2,baseline,4,326.7,0.0273,0.1975,0.0930,0.2192,0.0999,0.1833,0.0452,0.0002,0.0665,0.0000,0.0654,0.0025,0.0000,0.0000,0.0000,0.0000
dancing_eddies_uglmat_refine,baseline,4,395.7,0.0267,0.0999,0.0467,0.1035,0.3456,0.0945,0.0420,0.0001,0.0324,0.0000,0.2073,0.0013,0.0000,0.0000,0.0000,0.0000
dancing_eddies_uglmat_refine__sf17,baseline,4,392.7,0.0258,0.1014,0.0471,0.1043,0.3440,0.0941,0.0421,0.0001,0.0326,0.0000,0.2071,0.0013,0.0000,0.0000,0.0000,0.0000
divergence_test_2,baseline,1,0.1,0.2074,0.1137,0.0671,0.1174,0.0331,0.1120,0.2964,0.0108,0.0415,0.0000,0.0006,0.0000,0.0000,0.0000,0.0000,0.0000
divergence_test_2__sf17,baseline,1,0.1,0.2084,0.1117,0.0669,0.1186,0.0264,0.1197,0.2953,0.0102,0.0422,0.0000,0.0006,0.0000,0.0000,0.0000,0.0000,0.0000
divergence_test_3,baseline,4,336.8,0.0276,0.1991,0.0935,0.2241,0.0936,0.1811,0.0680,0.0002,0.0657,0.0000,0.0449,0.0023,0.0000,0.0000,0.0000,0.0000
divergence_test_3__sf17,baseline,4,317.6,0.0276,0.1953,0.0902,0.2250,0.0967,0.1811,0.0715,0.0002,0.0672,0.0000,0.0429,0.0022,0.0000,0.0000,0.0000,0.0000
divergence_test_3__sf17_glmat,baseline,4,537.5,0.0207,0.1375,0.0647,0.1431,0.3578,0.1239,0.0556,0.0001,0.0441,0.0000,0.0509,0.0016,0.0000,0.0000,0.0000,0.0000
energy_budget_tmix,baseline,1,1.7,0.0513,0.2974,0.1335,0.1481,0.0735,0.0787,0.2140,0.0014,0.0013,0.0000,0.0008,0.0000,0.0000,0.0000,0.0000,0.0000
energy_budget_tmix__sf17,baseline,1,1.8,0.0524,0.2998,0.1337,0.1475,0.0733,0.0787,0.2112,0.0013,0.0013,0.0000,0.0008,0.0000,0.0000,0.0000,0.0000,0.0000
lapse_rate,baseline,4,0.1,0.5259,0.0534,0.0266,0.0591,0.0207,0.0355,0.0203,0.0002,0.1630,0.0000,0.0902,0.0050,0.0000,0.0000,0.0000,0.0000
lapse_rate__sf17,baseline,4,0.1,0.5491,0.0512,0.0266,0.0573,0.0193,0.0353,0.0191,0.0002,0.1582,0.0000,0.0790,0.0047,0.0000,0.0000,0.0000,0.0000
lapse_rate__sf17_glmat,baseline,4,0.1,0.3968,0.0443,0.0244,0.0506,0.2327,0.0316,0.0172,0.0002,0.1314,0.0000,0.0663,0.0045,0.0000,0.0000,0.0000,0.0000
lapse_rate__sf17_np1,baseline,1,0.1,0.4395,0.0868,0.0435,0.0959,0.0283,0.0573,0.0236,0.0002,0.2174,0.0000,0.0074,0.0000,0.0000,0.0000,0.0000,0.0000
layer_1mesh,baseline,1,92.5,0.0077,0.3753,0.2255,0.1254,0.0301,0.0496,0.0375,0.0000,0.0888,0.0600,0.0001,0.0000,0.0000,0.0000,0.0000,0.0000
layer_1mesh__sf17,baseline,1,88.3,0.0078,0.3725,0.2178,0.1296,0.0310,0.0509,0.0382,0.0000,0.0910,0.0612,0.0001,0.0000,0.0000,0.0000,0.0000,0.0000
ns2d_16,baseline,1,0.6,0.1426,0.1500,0.0630,0.1398,0.0391,0.1573,0.2453,0.0006,0.0443,0.0000,0.0179,0.0000,0.0000,0.0000,0.0000,0.0000
ns2d_16__sf17,baseline,1,0.6,0.1491,0.1495,0.0623,0.1387,0.0385,0.1524,0.2471,0.0006,0.0440,0.0000,0.0178,0.0000,0.0000,0.0000,0.0000,0.0000
ns2d_16_emb_1to2_refinement,baseline,2,29.2,0.0275,0.1806,0.0732,0.2001,0.1360,0.1786,0.0493,0.0007,0.0522,0.0000,0.0937,0.0080,0.0000,0.0000,0.0000,0.0000
ns2d_16_emb_1to2_refinement__sf17,baseline,2,28.9,0.0255,0.1820,0.0733,0.1995,0.1370,0.1805,0.0493,0.0007,0.0529,0.0000,0.0912,0.0081,0.0000,0.0000,0.0000,0.0000
ns2d_16_int_1to2_refinement,baseline,1,90.6,0.0213,0.0531,0.0241,0.1655,0.4748,0.0423,0.0409,0.0006,0.0155,0.0000,0.1619,0.0000,0.0000,0.0000,0.0000,0.0000
ns2d_16_int_1to2_refinement__sf17,baseline,1,93.4,0.0220,0.0528,0.0245,0.1675,0.4738,0.0425,0.0407,0.0006,0.0156,0.0000,0.1599,0.0000,0.0000,0.0000,0.0000,0.0000
ns2d_16_int_1to2_refinement_uglmat,baseline,1,29.4,0.0196,0.1681,0.0767,0.1769,0.1882,0.1279,0.1169,0.0019,0.0451,0.0000,0.0785,0.0000,0.0000,0.0000,0.0000,0.0000
ns2d_16_int_1to2_refinement_uglmat__sf17,baseline,1,30.2,0.0196,0.1668,0.0774,0.1783,0.1875,0.1287,0.1158,0.0019,0.0452,0.0000,0.0786,0.0000,0.0000,0.0000,0.0000,0.0000
ns2d_16_int_1to2_refinement_uglmat__sf17_rep2,baseline,1,29.7,0.0244,0.1675,0.0756,0.1771,0.1879,0.1252,0.1181,0.0019,0.0447,0.0000,0.0774,0.0000,0.0000,0.0000,0.0000,0.0000
ns2d_16_nupt1,baseline,1,0.5,0.1728,0.1464,0.0627,0.1380,0.0384,0.1479,0.2326,0.0006,0.0428,0.0000,0.0179,0.0000,0.0000,0.0000,0.0000,0.0000
ns2d_16_nupt1__sf17,baseline,1,0.5,0.1794,0.1448,0.0596,0.1345,0.0374,0.1475,0.2367,0.0006,0.0425,0.0000,0.0171,0.0000,0.0000,0.0000,0.0000,0.0000
ns2d_32,baseline,1,3.8,0.0827,0.1848,0.0665,0.1756,0.0360,0.1905,0.2007,0.0003,0.0442,0.0000,0.0189,0.0000,0.0000,0.0000,0.0000,0.0000
ns2d_32__sf17,baseline,1,3.9,0.0828,0.1858,0.0669,0.1755,0.0355,0.1914,0.1987,0.0003,0.0444,0.0000,0.0188,0.0000,0.0000,0.0000,0.0000,0.0000
ns2d_32_nupt1,baseline,1,3.0,0.1071,0.1794,0.0659,0.1718,0.0346,0.1860,0.1936,0.0003,0.0430,0.0000,0.0182,0.0000,0.0000,0.0000,0.0000,0.0000
ns2d_32_nupt1__sf17,baseline,1,3.0,0.1064,0.1799,0.0659,0.1716,0.0348,0.1872,0.1925,0.0003,0.0430,0.0000,0.0185,0.0000,0.0000,0.0000,0.0000,0.0000
ns2d_64,baseline,1,28.5,0.0383,0.2168,0.0733,0.1998,0.0369,0.1911,0.1584,0.0001,0.0690,0.0000,0.0164,0.0000,0.0000,0.0000,0.0000,0.0000
ns2d_64__sf17,baseline,1,28.2,0.0406,0.2129,0.0726,0.1978,0.0361,0.1916,0.1608,0.0001,0.0681,0.0000,0.0194,0.0000,0.0000,0.0000,0.0000,0.0000
ns2d_64_nupt1,baseline,1,23.3,0.0506,0.1988,0.0755,0.2032,0.0332,0.1700,0.1781,0.0001,0.0746,0.0000,0.0158,0.0000,0.0000,0.0000,0.0000,0.0000
ns2d_64_nupt1__sf17,baseline,1,23.3,0.0512,0.1993,0.0756,0.2041,0.0331,0.1679,0.1778,0.0001,0.0754,0.0000,0.0156,0.0000,0.0000,0.0000,0.0000,0.0000
ns2d_8,baseline,1,0.1,0.1945,0.1244,0.0593,0.1170,0.0418,0.1014,0.3028,0.0014,0.0410,0.0000,0.0165,0.0000,0.0000,0.0000,0.0000,0.0000
ns2d_8__sf17,baseline,1,0.1,0.2022,0.1248,0.0584,0.1157,0.0411,0.0997,0.2994,0.0013,0.0411,0.0000,0.0164,0.0000,0.0000,0.0000,0.0000,0.0000
ns2d_8_nupt1,baseline,1,0.1,0.1928,0.1252,0.0600,0.1199,0.0417,0.1021,0.2983,0.0013,0.0413,0.0000,0.0173,0.0000,0.0000,0.0000,0.0000,0.0000
ns2d_8_nupt1__sf17,baseline,1,0.1,0.1899,0.1258,0.0596,0.1210,0.0423,0.1018,0.3001,0.0013,0.0411,0.0000,0.0171,0.0000,0.0000,0.0000,0.0000,0.0000
obst_activation_default,baseline,4,1.8,0.3426,0.1039,0.0542,0.1004,0.0403,0.0860,0.1545,0.0004,0.0004,0.0000,0.1135,0.0039,0.0000,0.0000,0.0000,0.0000
obst_activation_default__sf17,baseline,4,1.8,0.3437,0.1049,0.0547,0.1013,0.0405,0.0859,0.1599,0.0004,0.0004,0.0000,0.1045,0.0039,0.0000,0.0000,0.0000,0.0000
obst_activation_default__sf17_glmat,baseline,4,2.8,0.2453,0.0759,0.0408,0.0723,0.3270,0.0598,0.1162,0.0003,0.0003,0.0000,0.0592,0.0029,0.0000,0.0000,0.0000,0.0000
obst_activation_ulmat,baseline,4,2.3,0.2728,0.0886,0.0473,0.0860,0.2012,0.0704,0.1312,0.0003,0.0003,0.0000,0.0985,0.0033,0.0000,0.0000,0.0000,0.0000
obst_activation_ulmat__sf17,baseline,4,2.2,0.2192,0.0911,0.0485,0.0888,0.2098,0.0732,0.1388,0.0003,0.0003,0.0000,0.1266,0.0034,0.0000,0.0000,0.0000,0.0000
obst_activation_ulmat__sf17_glmat,baseline,4,2.6,0.2013,0.0782,0.0414,0.0726,0.3463,0.0608,0.1187,0.0003,0.0003,0.0000,0.0771,0.0029,0.0000,0.0000,0.0000,0.0000
obst_coarse_fine_interface,baseline,2,0.1,0.1313,0.1403,0.0900,0.1225,0.0243,0.0574,0.1080,0.0008,0.0569,0.0000,0.2631,0.0053,0.0000,0.0000,0.0000,0.0000
obst_coarse_fine_interface__sf17,baseline,2,0.1,0.1353,0.1352,0.0849,0.1250,0.0251,0.0595,0.1130,0.0008,0.0554,0.0000,0.2602,0.0056,0.0000,0.0000,0.0000,0.0000
obst_coarse_fine_interface__sf17_np1,baseline,1,0.1,0.1260,0.2103,0.1291,0.1875,0.0379,0.0883,0.1225,0.0011,0.0836,0.0000,0.0137,0.0000,0.0000,0.0000,0.0000,0.0000
random_meshes,baseline,4,233.0,0.0240,0.0489,0.0264,0.1514,0.2611,0.0476,0.0230,0.0002,0.0196,0.0000,0.3853,0.0126,0.0000,0.0000,0.0000,0.0000
random_meshes__sf17,baseline,4,235.9,0.0219,0.0483,0.0265,0.1506,0.2625,0.0472,0.0225,0.0002,0.0193,0.0000,0.3884,0.0127,0.0000,0.0000,0.0000,0.0000
restart_test1_continuous,baseline,1,55.2,0.0147,0.1344,0.0717,0.0570,0.0192,0.0415,0.5445,0.0181,0.0475,0.0514,0.0000,0.0000,0.0000,0.0000,0.0000,0.0000
restart_test1_continuous__sf17,baseline,1,55.2,0.0165,0.1342,0.0716,0.0573,0.0194,0.0415,0.5412,0.0187,0.0476,0.0521,0.0000,0.0000,0.0000,0.0000,0.0000,0.0000
restart_test1a,baseline,1,34.9,0.0023,0.1025,0.0550,0.0448,0.0145,0.0318,0.6687,0.0143,0.0358,0.0302,0.0000,0.0000,0.0000,0.0000,0.0000,0.0000
restart_test1a__sf17,baseline,1,34.0,0.0023,0.1038,0.0558,0.0447,0.0146,0.0325,0.6650,0.0136,0.0364,0.0312,0.0000,0.0000,0.0000,0.0000,0.0000,0.0000
restart_test1b,baseline,1,42.3,0.0102,0.0920,0.0498,0.0405,0.0139,0.0286,0.6754,0.0141,0.0319,0.0436,0.0000,0.0000,0.0000,0.0000,0.0000,0.0000
restart_test1b__sf17,baseline,1,42.8,0.0108,0.0930,0.0506,0.0409,0.0138,0.0289,0.6719,0.0142,0.0322,0.0438,0.0000,0.0000,0.0000,0.0000,0.0000,0.0000
saad_512_cfl_1,baseline,1,2.6,0.2665,0.2199,0.0786,0.1021,0.0155,0.0935,0.2140,0.0001,0.0001,0.0000,0.0096,0.0000,0.0000,0.0000,0.0000,0.0000
saad_512_cfl_1__sf17,baseline,1,2.7,0.2781,0.2167,0.0771,0.1014,0.0154,0.0920,0.2099,0.0001,0.0001,0.0000,0.0093,0.0000,0.0000,0.0000,0.0000,0.0000
saad_512_cfl_p0625,baseline,1,30.0,0.0289,0.3127,0.1126,0.1436,0.0219,0.1474,0.2198,0.0002,0.0002,0.0000,0.0127,0.0000,0.0000,0.0000,0.0000,0.0000
saad_512_cfl_p0625__sf17,baseline,1,28.7,0.0276,0.3183,0.1138,0.1463,0.0220,0.1371,0.2221,0.0002,0.0002,0.0000,0.0124,0.0000,0.0000,0.0000,0.0000,0.0000
saad_512_cfl_p125,baseline,1,15.9,0.0481,0.2884,0.1030,0.1333,0.0201,0.1281,0.2670,0.0002,0.0002,0.0000,0.0117,0.0000,0.0000,0.0000,0.0000,0.0000
saad_512_cfl_p125__sf17,baseline,1,16.3,0.0489,0.2939,0.1042,0.1349,0.0199,0.1233,0.2632,0.0002,0.0002,0.0000,0.0114,0.0000,0.0000,0.0000,0.0000,0.0000
saad_512_cfl_p25,baseline,1,8.5,0.0957,0.2735,0.0983,0.1299,0.0193,0.1170,0.2548,0.0001,0.0002,0.0000,0.0113,0.0000,0.0000,0.0000,0.0000,0.0000
saad_512_cfl_p25__sf17,baseline,1,8.4,0.0885,0.2761,0.0994,0.1305,0.0193,0.1184,0.2557,0.0001,0.0002,0.0000,0.0118,0.0000,0.0000,0.0000,0.0000,0.0000
saad_512_cfl_p5,baseline,1,4.5,0.1639,0.2503,0.0897,0.1186,0.0176,0.1083,0.2406,0.0001,0.0001,0.0000,0.0108,0.0000,0.0000,0.0000,0.0000,0.0000
saad_512_cfl_p5__sf17,baseline,1,4.7,0.1539,0.2613,0.0925,0.1212,0.0177,0.1097,0.2317,0.0001,0.0001,0.0000,0.0116,0.0000,0.0000,0.0000,0.0000,0.0000
shunn3_128,baseline,1,39.8,0.0942,0.2196,0.0830,0.2127,0.1128,0.1009,0.1526,0.0000,0.0000,0.0000,0.0241,0.0000,0.0000,0.0000,0.0000,0.0000
shunn3_128__sf17,baseline,1,40.3,0.0959,0.2179,0.0834,0.2148,0.1123,0.1009,0.1510,0.0000,0.0000,0.0000,0.0239,0.0000,0.0000,0.0000,0.0000,0.0000
shunn3_32,baseline,1,1.1,0.2466,0.1789,0.0618,0.1437,0.0913,0.0792,0.1738,0.0001,0.0002,0.0000,0.0244,0.0000,0.0000,0.0000,0.0000,0.0000
shunn3_32__sf17,baseline,1,1.1,0.2462,0.1783,0.0625,0.1446,0.0920,0.0786,0.1733,0.0001,0.0002,0.0000,0.0242,0.0000,0.0000,0.0000,0.0000,0.0000
shunn3_4mesh_128,baseline,4,32.6,0.1835,0.2503,0.0858,0.1536,0.0187,0.1038,0.1396,0.0001,0.0001,0.0000,0.0573,0.0073,0.0000,0.0000,0.0000,0.0000
shunn3_4mesh_128__sf17,baseline,4,31.4,0.1794,0.2512,0.0867,0.1563,0.0190,0.1053,0.1394,0.0001,0.0001,0.0000,0.0550,0.0075,0.0000,0.0000,0.0000,0.0000
shunn3_4mesh_128__sf17_glmat,baseline,4,42.8,0.1523,0.1871,0.0651,0.1224,0.2105,0.0839,0.1235,0.0001,0.0001,0.0000,0.0490,0.0060,0.0000,0.0000,0.0000,0.0000
shunn3_4mesh_32,baseline,4,1.4,0.3311,0.1545,0.0618,0.1007,0.0175,0.0713,0.1628,0.0003,0.0003,0.0000,0.0917,0.0081,0.0000,0.0000,0.0000,0.0000
shunn3_4mesh_32__1mesh,baseline,1,1.0,0.3082,0.2145,0.0758,0.1349,0.0173,0.0956,0.1436,0.0002,0.0002,0.0000,0.0098,0.0000,0.0000,0.0000,0.0000,0.0000
shunn3_4mesh_32__1mesh_sf17,baseline,1,0.9,0.2967,0.2165,0.0770,0.1374,0.0178,0.0986,0.1456,0.0002,0.0003,0.0000,0.0100,0.0000,0.0000,0.0000,0.0000,0.0000
shunn3_4mesh_32__sf17,baseline,4,1.4,0.3276,0.1579,0.0618,0.1024,0.0178,0.0722,0.1645,0.0003,0.0003,0.0000,0.0867,0.0084,0.0000,0.0000,0.0000,0.0000
shunn3_64,baseline,1,5.3,0.1877,0.2025,0.0692,0.1666,0.1088,0.0839,0.1564,0.0001,0.0001,0.0000,0.0248,0.0000,0.0000,0.0000,0.0000,0.0000
shunn3_64__sf17,baseline,1,5.3,0.1825,0.2047,0.0701,0.1685,0.1084,0.0841,0.1573,0.0001,0.0001,0.0000,0.0242,0.0000,0.0000,0.0000,0.0000,0.0000
soborot_superbee_square_wave_128,baseline,4,41.3,0.1413,0.4216,0.1461,0.0177,0.0000,0.1871,0.0137,0.0001,0.0001,0.0000,0.0699,0.0023,0.0000,0.0000,0.0000,0.0000
soborot_superbee_square_wave_128_1mesh,baseline,1,37.8,0.0952,0.4920,0.1699,0.0191,0.0000,0.2112,0.0124,0.0000,0.0000,0.0000,0.0000,0.0000,0.0000,0.0000,0.0000,0.0000
soborot_superbee_square_wave_128_1mesh__sf17,baseline,1,36.9,0.0963,0.4889,0.1732,0.0198,0.0000,0.2090,0.0128,0.0000,0.0000,0.0000,0.0000,0.0000,0.0000,0.0000,0.0000,0.0000
soborot_superbee_square_wave_128__sf17,baseline,4,42.6,0.1431,0.4224,0.1449,0.0172,0.0000,0.1850,0.0135,0.0001,0.0001,0.0000,0.0714,0.0023,0.0000,0.0000,0.0000,0.0000
soborot_superbee_square_wave_128__sf17_glmat,baseline,4,43.1,0.1412,0.4189,0.1445,0.0170,0.0000,0.1850,0.0135,0.0001,0.0001,0.0000,0.0772,0.0024,0.0000,0.0000,0.0000,0.0000
soborot_superbee_square_wave_128__sf17_np1,baseline,1,40.2,0.1115,0.4763,0.1593,0.0233,0.0000,0.2097,0.0134,0.0001,0.0001,0.0000,0.0064,0.0000,0.0000,0.0000,0.0000,0.0000
species_conservation_1,baseline,1,16.8,0.0295,0.3343,0.1794,0.1512,0.0334,0.1405,0.0341,0.0001,0.0975,0.0000,0.0001,0.0000,0.0000,0.0000,0.0000,0.0000
species_conservation_1__sf17,baseline,1,16.8,0.0289,0.3342,0.1780,0.1522,0.0338,0.1408,0.0341,0.0001,0.0978,0.0000,0.0001,0.0000,0.0000,0.0000,0.0000,0.0000
species_conservation_2,baseline,1,2.7,0.0584,0.2722,0.1639,0.1178,0.1976,0.0624,0.0818,0.0001,0.0457,0.0000,0.0002,0.0000,0.0000,0.0000,0.0000,0.0000
species_conservation_2__sf17,baseline,1,2.6,0.0526,0.2723,0.1696,0.1177,0.1956,0.0625,0.0844,0.0001,0.0450,0.0000,0.0002,0.0000,0.0000,0.0000,0.0000,0.0000
symmetry_test_mpi,baseline,8,280.5,0.0731,0.0196,0.0105,0.0245,0.0052,0.0099,0.1229,0.0001,0.0000,0.0000,0.7325,0.0017,0.0000,0.0000,0.0000,0.0000
symmetry_test_mpi__1mesh,baseline,1,15.1,0.0307,0.2844,0.1447,0.2924,0.0678,0.0834,0.0960,0.0002,0.0002,0.0000,0.0002,0.0000,0.0000,0.0000,0.0000,0.0000
symmetry_test_mpi__1mesh_sf17,baseline,1,14.7,0.0296,0.2858,0.1443,0.2932,0.0687,0.0803,0.0975,0.0002,0.0002,0.0000,0.0002,0.0000,0.0000,0.0000,0.0000,0.0000
symmetry_test_mpi__sf17,baseline,8,327.9,0.0721,0.0171,0.0094,0.0218,0.0047,0.0089,0.1178,0.0000,0.0000,0.0000,0.7465,0.0016,0.0000,0.0000,0.0000,0.0000
restart_test1a__sf17_rep2,baseline,1,33.4,0.0026,0.1042,0.0563,0.0441,0.0147,0.0324,0.6667,0.0131,0.0364,0.0296,0.0000,0.0000,0.0000,0.0000,0.0000,0.0000
restart_test1b__sf17_rep2,baseline,1,42.6,0.0107,0.0928,0.0503,0.0410,0.0137,0.0288,0.6724,0.0141,0.0325,0.0436,0.0000,0.0000,0.0000,0.0000,0.0000,0.0000
ns2d_16,baseline,1,0.7,0.1463,0.1519,0.0643,0.1435,0.0387,0.1508,0.2419,0.0006,0.0449,0.0000,0.0172,0.0000,0.0000,0.0000,0.0000,0.0000
obst_activation_default,baseline,4,1.8,0.2944,0.1107,0.0572,0.1063,0.0427,0.0904,0.1739,0.0004,0.0004,0.0000,0.1198,0.0040,0.0000,0.0000,0.0000,0.0000
