stage,routine,file,line,lhs,n_user_calls,callees
pressure,CC_SCALARS::CC_BAROCLINIC_CORRECTION,ccib.f90,1677,FVX,0,
pressure,CC_SCALARS::CC_BAROCLINIC_CORRECTION,ccib.f90,1678,FVY,0,
pressure,CC_SCALARS::CC_BAROCLINIC_CORRECTION,ccib.f90,1679,FVZ,0,
pressure,CC_SCALARS::CC_BAROCLINIC_CORRECTION,ccib.f90,1750,FVX,0,
pressure,CC_SCALARS::CC_BAROCLINIC_CORRECTION,ccib.f90,1751,FVY,0,
pressure,CC_SCALARS::CC_BAROCLINIC_CORRECTION,ccib.f90,1752,FVZ,0,
predictor/corrector,CC_SCALARS::CC_CHECK_DIVERGENCE,ccib.f90,16271,CCVELDIV,0,
predictor/corrector,CC_SCALARS::CC_DIVERGENCE_PART_1,ccib.f90,8378,R_PBAR,0,
predictor/corrector,CC_SCALARS::CC_PROJECT_VELOCITY,ccib.f90,2851,"US(0:IBAR,1:JBAR,1:KBAR)",0,
predictor/corrector,CC_SCALARS::CC_PROJECT_VELOCITY,ccib.f90,2852,"VS(1:IBAR,0:JBAR,1:KBAR)",0,
predictor/corrector,CC_SCALARS::CC_PROJECT_VELOCITY,ccib.f90,2853,"WS(1:IBAR,1:JBAR,0:KBAR)",0,
predictor/corrector,CC_SCALARS::CC_PROJECT_VELOCITY,ccib.f90,2993,"U(0:IBAR,1:JBAR,1:KBAR)",0,
predictor/corrector,CC_SCALARS::CC_PROJECT_VELOCITY,ccib.f90,2994,"V(1:IBAR,0:JBAR,1:KBAR)",0,
predictor/corrector,CC_SCALARS::CC_PROJECT_VELOCITY,ccib.f90,2995,"W(1:IBAR,1:JBAR,0:KBAR)",0,
predictor/corrector,CC_SCALARS::CC_VELOCITY_FLUX,ccib.f90,15060,"FVX(0:IBAR,1:JBAR,1:KBAR)",0,
predictor/corrector,CC_SCALARS::CC_VELOCITY_FLUX,ccib.f90,15061,"FVY(1:IBAR,0:JBAR,1:KBAR)",0,
predictor/corrector,CC_SCALARS::CC_VELOCITY_FLUX,ccib.f90,15062,"FVZ(1:IBAR,1:JBAR,0:KBAR)",0,
predictor/corrector,CC_SCALARS::GET_LINKED_VELOCITIES,ccib.f90,3027,UN_LNK,0,
predictor/corrector,CC_SCALARS::GET_LINKED_VELOCITIES,ccib.f90,3127,UN_LNK(1:MESHES(NM)%NUNK_F),0,
predictor/corrector,CC_SCALARS::GET_M_DOT_PPP_SCALAR_3D,ccib.f90,12027,"M_DOT_PPP(:,:,:,N)",0,
predictor/corrector,CC_SCALARS::GET_M_DOT_PPP_SCALAR_3D,ccib.f90,12033,"D_SOURCE(:,:,:)",0,
corrector,DIVG::CHECK_DIVERGENCE,divg.f90,1666,CARTVELDIV,0,
predictor/corrector,DIVG::DIVERGENCE_PART_1,divg.f90,78,R_PBAR,0,
predictor/corrector,DIVG::DIVERGENCE_PART_1,divg.f90,111,D_Z_MAX,0,
predictor/corrector,DIVG::DIVERGENCE_PART_1,divg.f90,117,DEL_RHO_D_DEL_Z,0,
predictor/corrector,DIVG::DIVERGENCE_PART_2,divg.f90,1468,R_PBAR,0,
predictor/corrector,DIVG::DIVERGENCE_PART_2,divg.f90,1619,DDDT,0,
predictor/corrector,DIVG::DIVERGENCE_PART_2,divg.f90,1631,DDDT,0,
output,DUMP::DUMP_BNDF_VTKHDF::PACK_VTK_BNDF,dump.f90,12383,PP,0,
output,DUMP::DUMP_BNDF_VTKHDF::PACK_VTK_BNDF,dump.f90,12384,PPN,0,
output,DUMP::DUMP_BNDF_VTKHDF::PACK_VTK_BNDF,dump.f90,12385,IBK,0,
output,DUMP::DUMP_ISOF,dump.f90,4884,IBLK,0,
species_combustion,FIRE::COMBUSTION_GENERAL_LOAD_BALANCED,fire.f90,121,CHEM_ACTIVE_CELLS,0,
species_combustion,FIRE::COMBUSTION_GENERAL_LOAD_BALANCED,fire.f90,140,REAC_SOURCE_TERM,0,
species_combustion,FIRE::COMBUSTION_GENERAL_LOAD_BALANCED,fire.f90,141,Q_REAC,0,
species_combustion,FIRE::COMBUSTION_GENERAL_LOAD_BALANCED,fire.f90,153,CHEM_ACTIVE_CC,0,
species_combustion,FIRE::COMBUSTION_LOAD_BALANCED,fire.f90,59,Q,0,
species_combustion,FIRE::COMBUSTION_LOAD_BALANCED,fire.f90,60,CHI_R,0,
species_combustion,FIRE::CVODE,fire.f90,1171,ZZ(1:N_TRACKED_SPECIES),0,
species_combustion,FIRE::CVODE,fire.f90,1173,ZZ,0,
species_combustion,FIRE::SET_SPECIES_SOURCE_TERM_CELL,fire.f90,479,"REAC_SOURCE_TERM(I,J,K,:)",0,
species_combustion,FIRE::SET_SPECIES_SOURCE_TERM_CELL,fire.f90,480,"Q_REAC(I,J,K,:)",0,
species_combustion,FIRE::SET_SPECIES_SOURCE_TERM_CUTCELL,fire.f90,527,"CUT_CELL(ICC)%REAC_SOURCE_TERM(1:N_TRACKED_SPECIES,JCC)",0,
species_combustion,FIRE::SET_SPECIES_SOURCE_TERM_CUTCELL,fire.f90,528,"CUT_CELL(ICC)%Q_REAC(1:N_REACTIONS,JCC)",0,
solid_phase,GEOMETRY_FUNCTIONS::INTERPOLATE_WALL_ARRAY,func.f90,6059,TMP,0,
exchange/communication,MEMORY_FUNCTIONS::ALLOCATE_STORAGE,func.f90,3982,M%LAGRANGIAN_PARTICLE(1:M%NLPDIM),0,
exchange/communication,MEMORY_FUNCTIONS::ALLOCATE_STORAGE,func.f90,4012,M%WALL(0:M%N_WALL_CELLS_DIM),0,
exchange/communication,MEMORY_FUNCTIONS::ALLOCATE_STORAGE,func.f90,4051,M%THIN_WALL(1:M%N_THIN_WALL_CELLS_DIM),0,
exchange/communication,MEMORY_FUNCTIONS::ALLOCATE_STORAGE,func.f90,4081,M%CFACE(0:M%N_CFACE_CELLS_DIM),0,
other/shared,MEMORY_FUNCTIONS::INITIALIZE_BOUNDARY_ONE_D,func.f90,4849,R(0:ONE_D%N_CELLS_INI),0,
exchange/communication,MEMORY_FUNCTIONS::RE_ALLOCATE_STRINGS,func.f90,3826,M%STRING(1:M%N_STRINGS),0,
other/shared,INIT::SET_DENSITY_AND_MASS_FRACTIONS_AT_WALL,init.f90,3554,"M%ZZ(BC%II,BC%JJ,BC%KK,1:N_TRACKED_SPECIES)",0,
predictor/corrector,MASS::DENSITY,mass.f90,477,"ZZS(0:IBP1,0:JBP1,0:KBP1,1:N_TRACKED_SPECIES)",0,
predictor/corrector,MASS::DENSITY,mass.f90,640,"ZZ(0:IBP1,0:JBP1,0:KBP1,1:N_TRACKED_SPECIES)",0,
predictor/corrector,MASS::DENSITY,mass.f90,643,M_DOT_PPP,0,
predictor/corrector,MASS::DENSITY,mass.f90,644,D_SOURCE,0,
particles,PART::MOVE_PARTICLES,part.f90,1862,FVX_D,0,
particles,PART::MOVE_PARTICLES,part.f90,1863,FVY_D,0,
particles,PART::MOVE_PARTICLES,part.f90,1864,FVZ_D,0,
particles,PART::MOVE_PARTICLES::GET_FACE_TLW,part.f90,3364,"V(1,:,:)",0,
particles,PART::MOVE_PARTICLES::GET_FACE_TLW,part.f90,3365,"V(1,:,:)",0,
particles,PART::MOVE_PARTICLES::GET_FACE_TLW,part.f90,3373,"V(2,:,:)",0,
particles,PART::MOVE_PARTICLES::GET_FACE_TLW,part.f90,3374,"V(2,:,:)",0,
particles,PART::MOVE_PARTICLES::GET_FACE_TLW,part.f90,3383,"V(:,1,:)",0,
particles,PART::MOVE_PARTICLES::GET_FACE_TLW,part.f90,3384,"V(:,1,:)",0,
particles,PART::MOVE_PARTICLES::GET_FACE_TLW,part.f90,3392,"V(:,2,:)",0,
particles,PART::MOVE_PARTICLES::GET_FACE_TLW,part.f90,3393,"V(:,2,:)",0,
particles,PART::MOVE_PARTICLES::GET_FACE_TLW,part.f90,3402,"V(:,:,1)",0,
particles,PART::MOVE_PARTICLES::GET_FACE_TLW,part.f90,3403,"V(:,:,1)",0,
particles,PART::MOVE_PARTICLES::GET_FACE_TLW,part.f90,3411,"V(:,:,2)",0,
particles,PART::MOVE_PARTICLES::GET_FACE_TLW,part.f90,3412,"V(:,:,2)",0,
particles,PART::PARTICLE_MOMENTUM_TRANSFER,part.f90,4767,FVX,0,
particles,PART::PARTICLE_MOMENTUM_TRANSFER,part.f90,4768,FVY,0,
particles,PART::PARTICLE_MOMENTUM_TRANSFER,part.f90,4769,FVZ,0,
pressure,POIS::H2CYSS,pois.f90,7422,W(1:L),0,
pressure,GLOBMAT_SOLVER::COPY_CCVAR_IN_HS,pres.f90,4350,"HS(:,:,:)",0,
pressure,GLOBMAT_SOLVER::COPY_CCVAR_IN_HS,pres.f90,4359,"HS(0:IBP1,0:JBP1,0:KBP1)",0,
pressure,GLOBMAT_SOLVER::COPY_HS_IN_CCVAR,pres.f90,4247,"OMESH(NOM)%GSCH(:,:,:)",0,
pressure,GLOBMAT_SOLVER::COPY_HS_IN_CCVAR,pres.f90,4249,"OMESH(NOM)%MUNKH(:,:,:)",0,
pressure,GLOBMAT_SOLVER::COPY_HS_IN_CCVAR,pres.f90,4251,"OMESH(NOM)%EWC_TYPE(:,:,:)",0,
pressure,GLOBMAT_SOLVER::COPY_HS_IN_CCVAR,pres.f90,4268,"HS(:,:,:)",0,
pressure,GLOBMAT_SOLVER::GET_H_REGFACES,pres.f90,5571,MESHES(NM)%NREGFACE_H(IAXIS:KAXIS),0,
pressure,GLOBMAT_SOLVER::GET_MATRIX_INDEXES_H,pres.f90,5716,"MESHES(NM)%CCVAR(:,:,:,UNKH)",0,
pressure,GLOBMAT_SOLVER::PRESSURE_SOLVER_CHECK_RESIDUALS_U,pres.f90,6029,"PP_RESIDUAL(1:IBAR,1:JBAR,1:KBAR)",0,
pressure,GLOBMAT_SOLVER::SET_CCVAR_CGSC_H,pres.f90,5853,"MESHES(NM)%CCVAR(:,:,:,CGSC)",0,
pressure,GLOBMAT_SOLVER::SET_CCVAR_CGSC_H,pres.f90,5854,"MESHES(NM)%CCVAR(ILO_CELL:IHI_CELL,JLO_CELL:JHI_CELL,KLO_CEL",0,
pressure,LOCMAT_SOLVER::ULMAT_SOLVER_SETUP,pres.f90,1318,ZONE_MESH(:)%NCVLH,0,
pressure,LOCMAT_SOLVER::ULMAT_SOLVER_SETUP,pres.f90,1319,ZONE_MESH(:)%NUNKH,0,
pressure,LOCMAT_SOLVER::ULMAT_SOLVER_SETUP,pres.f90,1320,ZONE_MESH(:)%ICVL,0,
pressure,LOCMAT_SOLVER::ULMAT_SOLVER_SETUP,pres.f90,1321,ZONE_MESH(:)%IROW,0,
pressure,LOCMAT_SOLVER::ULMAT_SOLVE_ZONE,pres.f90,1926,BXS,0,
pressure,LOCMAT_SOLVER::ULMAT_SOLVE_ZONE,pres.f90,1927,BXF,0,
pressure,PRES::COMPUTE_VELOCITY_ERROR,pres.f90,835,WALL_WORK1,0,
pressure,PRES::PRESSURE_SOLVER_CHECK_RESIDUALS,pres.f90,794,"PP_RESIDUAL(1:IBAR,1:JBAR,1:KBAR)",0,
pressure,PRES::PRESSURE_SOLVER_FFT,pres.f90,352,BZST,0,
pressure,PRES::PRESSURE_SOLVER_FFT,pres.f90,353,BZFT,0,
pressure,PRES::PRESSURE_SOLVER_FFT,pres.f90,357,BXST,0,
pressure,PRES::PRESSURE_SOLVER_FFT,pres.f90,358,BXFT,0,
pressure,PRES::PRESSURE_SOLVER_FFT,pres.f90,359,BYST,0,
pressure,PRES::PRESSURE_SOLVER_FFT,pres.f90,360,BYFT,0,
pressure,PRES::PRESSURE_SOLVER_FFT,pres.f90,361,BZST,0,
pressure,PRES::PRESSURE_SOLVER_FFT,pres.f90,362,BZFT,0,
pressure,PRES::PRESSURE_SOLVER_FFT,pres.f90,371,BXST,0,
pressure,PRES::PRESSURE_SOLVER_FFT,pres.f90,372,BXFT,0,
pressure,PRES::PRESSURE_SOLVER_FFT,pres.f90,378,BXST,0,
pressure,PRES::PRESSURE_SOLVER_FFT,pres.f90,379,BXFT,0,
pressure,PRES::PRESSURE_SOLVER_FFT,pres.f90,380,BYST,0,
pressure,PRES::PRESSURE_SOLVER_FFT,pres.f90,381,BYFT,0,
pressure,PRES::PRESSURE_SOLVER_FFT,pres.f90,382,BZST,0,
pressure,PRES::PRESSURE_SOLVER_FFT,pres.f90,383,BZFT,0,
pressure,PRES::PRESSURE_SOLVER_FFT,pres.f90,441,BXS,0,
pressure,PRES::PRESSURE_SOLVER_FFT,pres.f90,442,BXF,0,
radiation,RAD::COMPUTE_RADIATION,radi.f90,3762,QR,0,
radiation,RAD::COMPUTE_RADIATION::RADIATION_FVM,radi.f90,3875,QR,0,
radiation,RAD::COMPUTE_RADIATION::RADIATION_FVM,radi.f90,3877,RADIATION_EMISSION,0,
radiation,RAD::COMPUTE_RADIATION::RADIATION_FVM,radi.f90,3878,RADIATION_ABSORPTION,0,
radiation,RAD::COMPUTE_RADIATION::RADIATION_FVM,radi.f90,3880,QR_W,0,
radiation,RAD::COMPUTE_RADIATION::RADIATION_FVM,radi.f90,4959,UII,0,
radiation,RAD::COMPUTE_RADIATION::RADIATION_FVM,radi.f90,4978,QR,0,
radiation,RAD::COMPUTE_RADIATION::RADIATION_FVM,radi.f90,4979,QR_W,0,
radiation,RAD::COMPUTE_RADIATION::RADIATION_FVM,radi.f90,4981,RADIATION_EMISSION,0,
radiation,RAD::COMPUTE_RADIATION::RADIATION_FVM,radi.f90,4982,RADIATION_ABSORPTION,0,
predictor/corrector,TURBULENCE::CALC_VARDEN_LEONARD_TERM,turb.f90,777,WORK9,0,
predictor/corrector,TURBULENCE::CALC_VARDEN_LEONARD_TERM,turb.f90,778,WORK9,0,
predictor/corrector,TURBULENCE::CALC_VARDEN_LEONARD_TERM,turb.f90,779,WORK9,0,
predictor/corrector,TURBULENCE::CALC_VARDEN_LEONARD_TERM,turb.f90,780,WORK9,0,
predictor/corrector,TURBULENCE::CALC_VARDEN_LEONARD_TERM,turb.f90,781,WORK9,0,
predictor/corrector,TURBULENCE::CALC_VARDEN_LEONARD_TERM,turb.f90,782,WORK9,0,
predictor/corrector,TURBULENCE::CALC_VARDEN_LEONARD_TERM,turb.f90,806,WORK9,0,
predictor/corrector,TURBULENCE::CALC_VARDEN_LEONARD_TERM,turb.f90,807,WORK9,0,
predictor/corrector,TURBULENCE::CALC_VARDEN_LEONARD_TERM,turb.f90,808,WORK9,0,
predictor/corrector,TURBULENCE::VARDEN_DYNSMAG,turb.f90,610,WORK9,0,
predictor/corrector,TURBULENCE::VARDEN_DYNSMAG,turb.f90,611,WORK9,0,
predictor/corrector,TURBULENCE::VARDEN_DYNSMAG,turb.f90,612,WORK9,0,
predictor/corrector,TURBULENCE::VARDEN_DYNSMAG,turb.f90,613,WORK9,0,
predictor/corrector,TURBULENCE::VARDEN_DYNSMAG,turb.f90,614,WORK9,0,
predictor/corrector,TURBULENCE::VARDEN_DYNSMAG,turb.f90,615,WORK9,0,
predictor/corrector,TURBULENCE::VARDEN_DYNSMAG,turb.f90,687,WORK9,0,
predictor/corrector,TURBULENCE::VARDEN_DYNSMAG,turb.f90,688,WORK9,0,
solid_phase,VEGE::LEVEL_SET_FIRESPREAD,vege.f90,494,"PHI1_LS(1:IBAR,1:JBAR)",0,
solid_phase,VEGE::LEVEL_SET_FIRESPREAD,vege.f90,495,PHI1_LS,0,
solid_phase,VEGE::LEVEL_SET_FIRESPREAD,vege.f90,497,"PHI_LS(1:IBAR,1:JBAR)",0,
solid_phase,VEGE::LEVEL_SET_FIRESPREAD,vege.f90,498,PHI_LS,0,
solid_phase,VEGE::LEVEL_SET_SPREAD_RATE,vege.f90,761,SR_X_LS,0,
solid_phase,VEGE::LEVEL_SET_SPREAD_RATE,vege.f90,761,SR_Y_LS,0,
pressure,VELO::BAROCLINIC_CORRECTION,velo.f90,3234,FVX,0,
pressure,VELO::BAROCLINIC_CORRECTION,velo.f90,3235,FVY,0,
pressure,VELO::BAROCLINIC_CORRECTION,velo.f90,3236,FVZ,0,
predictor/corrector,VELO::COMPUTE_VISCOSITY,velo.f90,73,MU_DNS,0,
predictor/corrector,VELO::COMPUTE_VISCOSITY,velo.f90,109,MU,0,
predictor/corrector,VELO::COMPUTE_VISCOSITY,velo.f90,376,"MU(0,0:JBP1,0)",0,
predictor/corrector,VELO::COMPUTE_VISCOSITY,velo.f90,377,"MU(IBP1,0:JBP1,0)",0,
predictor/corrector,VELO::COMPUTE_VISCOSITY,velo.f90,378,"MU(IBP1,0:JBP1,KBP1)",0,
predictor/corrector,VELO::COMPUTE_VISCOSITY,velo.f90,379,"MU(0,0:JBP1,KBP1)",0,
predictor/corrector,VELO::COMPUTE_VISCOSITY,velo.f90,380,"MU(0:IBP1,0,0)",0,
predictor/corrector,VELO::COMPUTE_VISCOSITY,velo.f90,381,"MU(0:IBP1,JBP1,0)",0,
predictor/corrector,VELO::COMPUTE_VISCOSITY,velo.f90,382,"MU(0:IBP1,JBP1,KBP1)",0,
predictor/corrector,VELO::COMPUTE_VISCOSITY,velo.f90,383,"MU(0:IBP1,0,KBP1)",0,
predictor/corrector,VELO::COMPUTE_VISCOSITY,velo.f90,384,"MU(0,0,0:KBP1)",0,
predictor/corrector,VELO::COMPUTE_VISCOSITY,velo.f90,385,"MU(IBP1,0,0:KBP1)",0,
predictor/corrector,VELO::COMPUTE_VISCOSITY,velo.f90,386,"MU(IBP1,JBP1,0:KBP1)",0,
predictor/corrector,VELO::COMPUTE_VISCOSITY,velo.f90,387,"MU(0,JBP1,0:KBP1)",0,
predictor/corrector,VELO::COMPUTE_VISCOSITY,velo.f90,389,"KRES(0,0:JBP1,0)",0,
predictor/corrector,VELO::COMPUTE_VISCOSITY,velo.f90,390,"KRES(IBP1,0:JBP1,0)",0,
predictor/corrector,VELO::COMPUTE_VISCOSITY,velo.f90,391,"KRES(IBP1,0:JBP1,KBP1)",0,
predictor/corrector,VELO::COMPUTE_VISCOSITY,velo.f90,392,"KRES(0,0:JBP1,KBP1)",0,
predictor/corrector,VELO::COMPUTE_VISCOSITY,velo.f90,393,"KRES(0:IBP1,0,0)",0,
predictor/corrector,VELO::COMPUTE_VISCOSITY,velo.f90,394,"KRES(0:IBP1,JBP1,0)",0,
predictor/corrector,VELO::COMPUTE_VISCOSITY,velo.f90,395,"KRES(0:IBP1,JBP1,KBP1)",0,
predictor/corrector,VELO::COMPUTE_VISCOSITY,velo.f90,396,"KRES(0:IBP1,0,KBP1)",0,
predictor/corrector,VELO::COMPUTE_VISCOSITY,velo.f90,397,"KRES(0,0,0:KBP1)",0,
predictor/corrector,VELO::COMPUTE_VISCOSITY,velo.f90,398,"KRES(IBP1,0,0:KBP1)",0,
predictor/corrector,VELO::COMPUTE_VISCOSITY,velo.f90,399,"KRES(IBP1,JBP1,0:KBP1)",0,
predictor/corrector,VELO::COMPUTE_VISCOSITY,velo.f90,400,"KRES(0,JBP1,0:KBP1)",0,
corrector,VELO::VELOCITY_CORRECTOR,velo.f90,1706,U,0,
corrector,VELO::VELOCITY_CORRECTOR,velo.f90,1707,V,0,
corrector,VELO::VELOCITY_CORRECTOR,velo.f90,1708,W,0,
predictor,VELO::VELOCITY_PREDICTOR,velo.f90,1595,US,0,
predictor,VELO::VELOCITY_PREDICTOR,velo.f90,1596,VS,0,
predictor,VELO::VELOCITY_PREDICTOR,velo.f90,1597,WS,0,
