file,line,end_line,routine,phase,kind,operation,direction,range_source,loop_vars,fields_read,fields_written,accumulators,weights,notes
ccib.f90,607,644,GET_H_GUARD_CUTCELL,runtime,range_loop,average,both_runtime,EWC,"KKO,JJO,IIO",MESHES%CCVAR; OM%H; OM%HS; MESHES%DY; MESHES%DZ; MESHES%X; MESHES%XC; MESHES%DX; MESHES%Y; MESHES%YC; MESHES%Z; MESHES%ZC,,SUM_FLUX,"AREA,AREA_RATIO", | post: 647: H_GHOST = H_INT + (D_INT + D_GHOST) / A_INT * SUM_FLUX
ccib.f90,2332,2355,GET_PRES_CFACE_BCS,runtime,range_loop,average,both_runtime,EWC,"KKO,JJO,IIO",M2%CELL%SOLID; M2%CELL_INDEX; M2%FCVAR; M2%DY; M2%DZ; OMESH%H; OMESH%HS,,"A_FACE,DA_OTHER,DX_OTHER","AREA,DA_OTHER", | post: 2356: H_OTHER  = H_OTHER/DA_OTHER || 2357: DX_OTHER = DX_OTHER/DA_OTHER
ccib.f90,2362,2385,GET_PRES_CFACE_BCS,runtime,range_loop,average,both_runtime,EWC,"KKO,JJO,IIO",M2%CELL%SOLID; M2%CELL_INDEX; M2%FCVAR; M2%DY; M2%DZ; OMESH%H; OMESH%HS,,"A_FACE,DA_OTHER,DX_OTHER","AREA,DA_OTHER", | post: 2386: H_OTHER  = H_OTHER/DA_OTHER || 2387: DX_OTHER = DX_OTHER/DA_OTHER
ccib.f90,2392,2415,GET_PRES_CFACE_BCS,runtime,range_loop,average,both_runtime,EWC,"KKO,JJO,IIO",M2%CELL%SOLID; M2%CELL_INDEX; M2%FCVAR; M2%DX; M2%DZ; OMESH%H; OMESH%HS,,"A_FACE,DA_OTHER,DY_OTHER","AREA,DA_OTHER", | post: 2416: H_OTHER = H_OTHER/DA_OTHER || 2417: DY_OTHER = DY_OTHER/DA_OTHER
ccib.f90,2422,2445,GET_PRES_CFACE_BCS,runtime,range_loop,average,both_runtime,EWC,"KKO,JJO,IIO",M2%CELL%SOLID; M2%CELL_INDEX; M2%FCVAR; M2%DX; M2%DZ; OMESH%H; OMESH%HS,,"A_FACE,DA_OTHER,DY_OTHER","AREA,DA_OTHER", | post: 2446: H_OTHER  = H_OTHER/DA_OTHER || 2447: DY_OTHER = DY_OTHER/DA_OTHER
ccib.f90,2452,2475,GET_PRES_CFACE_BCS,runtime,range_loop,average,both_runtime,EWC,"KKO,JJO,IIO",M2%CELL%SOLID; M2%CELL_INDEX; M2%FCVAR; M2%DX; M2%DY; OMESH%H; OMESH%HS,,"A_FACE,DA_OTHER,DZ_OTHER","AREA,DA_OTHER", | post: 2476: H_OTHER  = H_OTHER/DA_OTHER || 2477: DZ_OTHER = DZ_OTHER/DA_OTHER
ccib.f90,2482,2505,GET_PRES_CFACE_BCS,runtime,range_loop,average,both_runtime,EWC,"KKO,JJO,IIO",M2%CELL%SOLID; M2%CELL_INDEX; M2%FCVAR; M2%DX; M2%DY; OMESH%H; OMESH%HS,,"A_FACE,DA_OTHER,DZ_OTHER","AREA,DA_OTHER", | post: 2506: H_OTHER  = H_OTHER/DA_OTHER || 2507: DZ_OTHER = DZ_OTHER/DA_OTHER
ccib.f90,3258,3272,GET_LINKED_VELOCITIES,runtime+setup,range_loop,scatter_or_copy,both_runtime,EWC,"KKO,JJO,IIO",M2%CELL%SOLID; M2%CELL_INDEX; M2%FCVAR; OM%U_LNK,OM%US,,,
ccib.f90,3274,3288,GET_LINKED_VELOCITIES,runtime+setup,range_loop,scatter_or_copy,both_runtime,EWC,"KKO,JJO,IIO",M2%CELL%SOLID; M2%CELL_INDEX; M2%FCVAR; OM%U_LNK,OM%US,,,
ccib.f90,3290,3304,GET_LINKED_VELOCITIES,runtime+setup,range_loop,scatter_or_copy,both_runtime,EWC,"KKO,JJO,IIO",M2%CELL%SOLID; M2%CELL_INDEX; M2%FCVAR; OM%V_LNK,OM%VS,,,
ccib.f90,3306,3320,GET_LINKED_VELOCITIES,runtime+setup,range_loop,scatter_or_copy,both_runtime,EWC,"KKO,JJO,IIO",M2%CELL%SOLID; M2%CELL_INDEX; M2%FCVAR; OM%V_LNK,OM%VS,,,
ccib.f90,3322,3336,GET_LINKED_VELOCITIES,runtime+setup,range_loop,scatter_or_copy,both_runtime,EWC,"KKO,JJO,IIO",M2%CELL%SOLID; M2%CELL_INDEX; M2%FCVAR; OM%W_LNK,OM%WS,,,
ccib.f90,3338,3352,GET_LINKED_VELOCITIES,runtime+setup,range_loop,scatter_or_copy,both_runtime,EWC,"KKO,JJO,IIO",M2%CELL%SOLID; M2%CELL_INDEX; M2%FCVAR; OM%W_LNK,OM%WS,,,
ccib.f90,3435,3449,GET_LINKED_VELOCITIES,runtime+setup,range_loop,scatter_or_copy,both_runtime,EWC,"KKO,JJO,IIO",M2%CELL%SOLID; M2%CELL_INDEX; M2%FCVAR; OM%U_LNK,OM%U,,,
ccib.f90,3451,3465,GET_LINKED_VELOCITIES,runtime+setup,range_loop,scatter_or_copy,both_runtime,EWC,"KKO,JJO,IIO",M2%CELL%SOLID; M2%CELL_INDEX; M2%FCVAR; OM%U_LNK,OM%U,,,
ccib.f90,3467,3481,GET_LINKED_VELOCITIES,runtime+setup,range_loop,scatter_or_copy,both_runtime,EWC,"KKO,JJO,IIO",M2%CELL%SOLID; M2%CELL_INDEX; M2%FCVAR; OM%V_LNK,OM%V,,,
ccib.f90,3483,3497,GET_LINKED_VELOCITIES,runtime+setup,range_loop,scatter_or_copy,both_runtime,EWC,"KKO,JJO,IIO",M2%CELL%SOLID; M2%CELL_INDEX; M2%FCVAR; OM%V_LNK,OM%V,,,
ccib.f90,3499,3513,GET_LINKED_VELOCITIES,runtime+setup,range_loop,scatter_or_copy,both_runtime,EWC,"KKO,JJO,IIO",M2%CELL%SOLID; M2%CELL_INDEX; M2%FCVAR; OM%W_LNK,OM%W,,,
ccib.f90,3515,3529,GET_LINKED_VELOCITIES,runtime+setup,range_loop,scatter_or_copy,both_runtime,EWC,"KKO,JJO,IIO",M2%CELL%SOLID; M2%CELL_INDEX; M2%FCVAR; OM%W_LNK,OM%W,,,
ccib.f90,5026,5084,FILL_GCCUTCELL_SPECIES,runtime+setup,range_loop,average,both_runtime,EWC,"KKO,JJO,IIO",MESHES%CELL%SOLID; MESHES%CELL_INDEX; MESHES%CCVAR; MESHES%DX; MESHES%DY; MESHES%DZ,,"D_CC,RHO_CC,RSUM_CC,TMP_CC,VOL",, | post: 5089: CUT_CELL(ICC)%RHOS(JCC) = RHO_CC/VOL || 5090: CUT_CELL(ICC)%TMP(JCC)  = TMP_CC/VOL
ccib.f90,5196,5215,CC_MATCH_VELOCITY_FLUX,runtime,range_loop,average,both_runtime,EWC,"KKO,JJO,IIO",M2%CELL%SOLID; M2%CELL_INDEX; M2%FCVAR; M2%DY; M2%DZ; OM%FVX,,"DA_OTHER,FN_OTHER","AREA,DA_OTHER"," | post: 5216: IF(ICF<1) FVX(0,JJ,KK) = 0.5_EB*(FVX(0,JJ,KK) + FN_OTHER/DA_OTHER)"
ccib.f90,5221,5241,CC_MATCH_VELOCITY_FLUX,runtime,range_loop,average,both_runtime,EWC,"KKO,JJO,IIO",M2%CELL%SOLID; M2%CELL_INDEX; M2%FCVAR; M2%DY; M2%DZ; OM%FVX,,"DA_OTHER,FN_OTHER","AREA,DA_OTHER"," | post: 5242: IF(ICF<1) FVX(IBAR,JJ,KK) = 0.5_EB*(FVX(IBAR,JJ,KK) + FN_OTHER/DA_OTHER)"
ccib.f90,5247,5267,CC_MATCH_VELOCITY_FLUX,runtime,range_loop,average,both_runtime,EWC,"KKO,JJO,IIO",M2%CELL%SOLID; M2%CELL_INDEX; M2%FCVAR; M2%DX; M2%DZ; OM%FVY,,"DA_OTHER,FN_OTHER","AREA,DA_OTHER"," | post: 5268: IF(ICF<1) FVY(II,0,KK) = 0.5_EB*(FVY(II,0,KK) + FN_OTHER/DA_OTHER)"
ccib.f90,5273,5293,CC_MATCH_VELOCITY_FLUX,runtime,range_loop,average,both_runtime,EWC,"KKO,JJO,IIO",M2%CELL%SOLID; M2%CELL_INDEX; M2%FCVAR; M2%DX; M2%DZ; OM%FVY,,"DA_OTHER,FN_OTHER","AREA,DA_OTHER"," | post: 5294: IF(ICF<1) FVY(II,JBAR,KK) = 0.5_EB*(FVY(II,JBAR,KK) + FN_OTHER/DA_OTHER)"
ccib.f90,5300,5320,CC_MATCH_VELOCITY_FLUX,runtime,range_loop,average,both_runtime,EWC,"KKO,JJO,IIO",M2%CELL%SOLID; M2%CELL_INDEX; M2%FCVAR; M2%DX; M2%DY; OM%FVZ,,"DA_OTHER,FN_OTHER","AREA,DA_OTHER"," | post: 5321: IF(ICF<1) FVZ(II,JJ,0) = 0.5_EB*(FVZ(II,JJ,0) + FN_OTHER/DA_OTHER)"
ccib.f90,5326,5346,CC_MATCH_VELOCITY_FLUX,runtime,range_loop,average,both_runtime,EWC,"KKO,JJO,IIO",M2%CELL%SOLID; M2%CELL_INDEX; M2%FCVAR; M2%DX; M2%DY; OM%FVZ,,"DA_OTHER,FN_OTHER","AREA,DA_OTHER"," | post: 5347: IF(ICF<1) FVZ(II,JJ,KBAR) = 0.5_EB*(FVZ(II,JJ,KBAR) + FN_OTHER/DA_OTHER) || 5355: CF%FN(JCF) = 0.5_EB*(CF%FN(JCF) + FN_OTHER/DA_OTHER)"
ccib.f90,5434,5485,CC_MATCH_VELOCITY,runtime+setup,range_loop,average,both_runtime,EWC,"KKO,JJO,IIO",M2%CELL%SOLID; M2%CELL_INDEX; M2%FCVAR; M2%DY; M2%DZ,OM_UU[=>OM%U|OM%US]; OM%U_LNK,"DA_OTHER,VEL_LNK_OTHER,VEL_OTHER","AREA,AREA_RATIO,DA_OTHER"," | post: 5488: UU(0,JJ,KK)    = 0.5_EB*(UU(0,JJ,KK) + VEL_OTHER/DA_OTHER) || 5489: EWC_UN_LNK(IW) = 0.5_EB*(EWC_UN_LNK(IW) + VEL_LNK_OTHER/DA_OTHER)"
ccib.f90,5496,5546,CC_MATCH_VELOCITY,runtime+setup,range_loop,average,both_runtime,EWC,"KKO,JJO,IIO",M2%CELL%SOLID; M2%CELL_INDEX; M2%FCVAR; M2%DY; M2%DZ,OM_UU[=>OM%U|OM%US]; OM%U_LNK,"DA_OTHER,VEL_LNK_OTHER,VEL_OTHER","AREA,AREA_RATIO,DA_OTHER"," | post: 5549: UU(IBAR,JJ,KK) = 0.5_EB*(UU(IBAR,JJ,KK) + VEL_OTHER/DA_OTHER) || 5550: EWC_UN_LNK(IW) = 0.5_EB*(EWC_UN_LNK(IW) + VEL_LNK_OTHER/DA_OTHER)"
ccib.f90,5557,5608,CC_MATCH_VELOCITY,runtime+setup,range_loop,average,both_runtime,EWC,"KKO,JJO,IIO",M2%CELL%SOLID; M2%CELL_INDEX; M2%FCVAR; M2%DX; M2%DZ,OM_VV[=>OM%V|OM%VS]; OM%V_LNK,"DA_OTHER,VEL_LNK_OTHER,VEL_OTHER","AREA,AREA_RATIO,DA_OTHER"," | post: 5611: VV(II,0,KK)    = 0.5_EB*(VV(II,0,KK) + VEL_OTHER/DA_OTHER) || 5612: EWC_UN_LNK(IW) = 0.5_EB*(EWC_UN_LNK(IW) + VEL_LNK_OTHER/DA_OTHER)"
ccib.f90,5619,5669,CC_MATCH_VELOCITY,runtime+setup,range_loop,average,both_runtime,EWC,"KKO,JJO,IIO",M2%CELL%SOLID; M2%CELL_INDEX; M2%FCVAR; M2%DX; M2%DZ,OM_VV[=>OM%V|OM%VS]; OM%V_LNK,"DA_OTHER,VEL_LNK_OTHER,VEL_OTHER","AREA,AREA_RATIO,DA_OTHER"," | post: 5672: VV(II,JBAR,KK) = 0.5_EB*(VV(II,JBAR,KK) + VEL_OTHER/DA_OTHER) || 5673: EWC_UN_LNK(IW) = 0.5_EB*(EWC_UN_LNK(IW) + VEL_LNK_OTHER/DA_OTHER)"
ccib.f90,5680,5730,CC_MATCH_VELOCITY,runtime+setup,range_loop,average,both_runtime,EWC,"KKO,JJO,IIO",M2%CELL%SOLID; M2%CELL_INDEX; M2%FCVAR; M2%DX; M2%DY,OM_WW[=>OM%W|OM%WS]; OM%W_LNK,"DA_OTHER,VEL_LNK_OTHER,VEL_OTHER","AREA,AREA_RATIO,DA_OTHER"," | post: 5733: WW(II,JJ,0)    = 0.5_EB*(WW(II,JJ,0) + VEL_OTHER/DA_OTHER) || 5734: EWC_UN_LNK(IW) = 0.5_EB*(EWC_UN_LNK(IW) + VEL_LNK_OTHER/DA_OTHER)"
ccib.f90,5741,5791,CC_MATCH_VELOCITY,runtime+setup,range_loop,average,both_runtime,EWC,"KKO,JJO,IIO",M2%CELL%SOLID; M2%CELL_INDEX; M2%FCVAR; M2%DX; M2%DY,OM_WW[=>OM%W|OM%WS]; OM%W_LNK,"DA_OTHER,VEL_LNK_OTHER,VEL_OTHER","AREA,AREA_RATIO,DA_OTHER"," | post: 5794: WW(II,JJ,KBAR) = 0.5_EB*(WW(II,JJ,KBAR) + VEL_OTHER/DA_OTHER) || 5795: EWC_UN_LNK(IW) = 0.5_EB*(EWC_UN_LNK(IW) + VEL_LNK_OTHER/DA_OTHER)"
ccib.f90,5831,5845,CC_MATCH_VELOCITY,runtime+setup,range_loop,other,both_runtime,EWC,"KKO,JJO,IIO",M2%FCVAR; OM_UU[=>OM%U|OM%US]; OM_VV[=>OM%V|OM%VS]; OM_WW[=>OM%W|OM%WS],,,,
ccib.f90,5847,5847,CC_MATCH_VELOCITY,runtime+setup,count_normalisation,other,both_runtime,,,,,,,"NOM_CELLS = REAL((EWC%IIO_MAX-EWC%IIO_MIN+1)*(EWC%JJO_MAX-EWC%JJO_MIN+1)*(EWC%KKO_MAX-EWC%KKO_MIN+1),EB)"
ccib.f90,15781,15783,CC_COMPUTE_VELOCITY_ERROR,runtime,pick_min_corner,pick_min,both_runtime,,,,,,,IIO1 = EWC%IIO_MIN
ccib.f90,15791,15818,CC_COMPUTE_VELOCITY_ERROR,runtime,range_loop,average,both_runtime,"EWC (via IIO1, line 15781); EWC (via IIO2, line 15784); EWC (via JJO1, line 15782); EWC (via JJO2, line 15785); EWC (via KKO1, line 15783); EWC (via KKO2, line 15786)","KKO,JJO,IIO",M2%CELL%SOLID; M2%CELL_INDEX; M2%FCVAR; M2%RDXN; OM%H; M2%DY; M2%DZ; M2%CCVAR; M2%XC; OM%FVX; OM%U,,"DA_OTHER,UN_NEW_OTHER","AREA,DA_OTHER",
ccib.f90,15820,15847,CC_COMPUTE_VELOCITY_ERROR,runtime,range_loop,average,both_runtime,"EWC (via IIO1, line 15781); EWC (via IIO2, line 15784); EWC (via JJO1, line 15782); EWC (via JJO2, line 15785); EWC (via KKO1, line 15783); EWC (via KKO2, line 15786)","KKO,JJO,IIO",M2%CELL%SOLID; M2%CELL_INDEX; M2%FCVAR; M2%RDXN; OM%H; M2%DY; M2%DZ; M2%CCVAR; M2%XC; OM%FVX; OM%U,,"DA_OTHER,UN_NEW_OTHER","AREA,DA_OTHER",
ccib.f90,15849,15876,CC_COMPUTE_VELOCITY_ERROR,runtime,range_loop,average,both_runtime,"EWC (via IIO1, line 15781); EWC (via IIO2, line 15784); EWC (via JJO1, line 15782); EWC (via JJO2, line 15785); EWC (via KKO1, line 15783); EWC (via KKO2, line 15786)","KKO,JJO,IIO",M2%CELL%SOLID; M2%CELL_INDEX; M2%FCVAR; M2%RDYN; OM%H; M2%DX; M2%DZ; M2%CCVAR; M2%YC; OM%FVY; OM%V,,"DA_OTHER,UN_NEW_OTHER","AREA,DA_OTHER",
ccib.f90,15878,15905,CC_COMPUTE_VELOCITY_ERROR,runtime,range_loop,average,both_runtime,"EWC (via IIO1, line 15781); EWC (via IIO2, line 15784); EWC (via JJO1, line 15782); EWC (via JJO2, line 15785); EWC (via KKO1, line 15783); EWC (via KKO2, line 15786)","KKO,JJO,IIO",M2%CELL%SOLID; M2%CELL_INDEX; M2%FCVAR; M2%RDYN; OM%H; M2%DX; M2%DZ; M2%CCVAR; M2%YC; OM%FVY; OM%V,,"DA_OTHER,UN_NEW_OTHER","AREA,DA_OTHER",
ccib.f90,15907,15934,CC_COMPUTE_VELOCITY_ERROR,runtime,range_loop,average,both_runtime,"EWC (via IIO1, line 15781); EWC (via IIO2, line 15784); EWC (via JJO1, line 15782); EWC (via JJO2, line 15785); EWC (via KKO1, line 15783); EWC (via KKO2, line 15786)","KKO,JJO,IIO",M2%CELL%SOLID; M2%CELL_INDEX; M2%FCVAR; M2%RDZN; OM%H; M2%DX; M2%DY; M2%CCVAR; M2%ZC; OM%FVZ; OM%W,,"DA_OTHER,UN_NEW_OTHER","AREA,DA_OTHER",
ccib.f90,15936,15963,CC_COMPUTE_VELOCITY_ERROR,runtime,range_loop,average,both_runtime,"EWC (via IIO1, line 15781); EWC (via IIO2, line 15784); EWC (via JJO1, line 15782); EWC (via JJO2, line 15785); EWC (via KKO1, line 15783); EWC (via KKO2, line 15786)","KKO,JJO,IIO",M2%CELL%SOLID; M2%CELL_INDEX; M2%FCVAR; M2%RDZN; OM%H; M2%DX; M2%DY; M2%CCVAR; M2%ZC; OM%FVZ; OM%W,,"DA_OTHER,UN_NEW_OTHER","AREA,DA_OTHER",
ccib.f90,15968,15997,CC_COMPUTE_VELOCITY_ERROR,runtime,range_loop,average,both_runtime,"EWC (via IIO1, line 15781); EWC (via IIO2, line 15784); EWC (via JJO1, line 15782); EWC (via JJO2, line 15785); EWC (via KKO1, line 15783); EWC (via KKO2, line 15786)","KKO,JJO,IIO",M2%CELL%SOLID; M2%CELL_INDEX; M2%FCVAR; M2%RDXN; OM%HS; M2%DY; M2%DZ; M2%CCVAR; M2%XC; OM%FVX; OM%U; OM%US,,"DA_OTHER,UN_NEW_OTHER","AREA,DA_OTHER",
ccib.f90,15999,16028,CC_COMPUTE_VELOCITY_ERROR,runtime,range_loop,average,both_runtime,"EWC (via IIO1, line 15781); EWC (via IIO2, line 15784); EWC (via JJO1, line 15782); EWC (via JJO2, line 15785); EWC (via KKO1, line 15783); EWC (via KKO2, line 15786)","KKO,JJO,IIO",M2%CELL%SOLID; M2%CELL_INDEX; M2%FCVAR; M2%RDXN; OM%HS; M2%DY; M2%DZ; M2%CCVAR; M2%XC; OM%FVX; OM%U; OM%US,,"DA_OTHER,UN_NEW_OTHER","AREA,DA_OTHER",
ccib.f90,16030,16059,CC_COMPUTE_VELOCITY_ERROR,runtime,range_loop,average,both_runtime,"EWC (via IIO1, line 15781); EWC (via IIO2, line 15784); EWC (via JJO1, line 15782); EWC (via JJO2, line 15785); EWC (via KKO1, line 15783); EWC (via KKO2, line 15786)","KKO,JJO,IIO",M2%CELL%SOLID; M2%CELL_INDEX; M2%FCVAR; M2%RDYN; OM%HS; M2%DX; M2%DZ; M2%CCVAR; M2%YC; OM%FVY; OM%V; OM%VS,,"DA_OTHER,UN_NEW_OTHER","AREA,DA_OTHER",
ccib.f90,16061,16090,CC_COMPUTE_VELOCITY_ERROR,runtime,range_loop,average,both_runtime,"EWC (via IIO1, line 15781); EWC (via IIO2, line 15784); EWC (via JJO1, line 15782); EWC (via JJO2, line 15785); EWC (via KKO1, line 15783); EWC (via KKO2, line 15786)","KKO,JJO,IIO",M2%CELL%SOLID; M2%CELL_INDEX; M2%FCVAR; M2%RDYN; OM%HS; M2%DX; M2%DZ; M2%CCVAR; M2%YC; OM%FVY; OM%V; OM%VS,,"DA_OTHER,UN_NEW_OTHER","AREA,DA_OTHER",
ccib.f90,16092,16121,CC_COMPUTE_VELOCITY_ERROR,runtime,range_loop,average,both_runtime,"EWC (via IIO1, line 15781); EWC (via IIO2, line 15784); EWC (via JJO1, line 15782); EWC (via JJO2, line 15785); EWC (via KKO1, line 15783); EWC (via KKO2, line 15786)","KKO,JJO,IIO",M2%CELL%SOLID; M2%CELL_INDEX; M2%FCVAR; M2%RDZN; OM%HS; M2%DX; M2%DY; M2%CCVAR; M2%ZC; OM%FVZ; OM%W; OM%WS,,"DA_OTHER,UN_NEW_OTHER","AREA,DA_OTHER",
ccib.f90,16123,16152,CC_COMPUTE_VELOCITY_ERROR,runtime,range_loop,average,both_runtime,"EWC (via IIO1, line 15781); EWC (via IIO2, line 15784); EWC (via JJO1, line 15782); EWC (via JJO2, line 15785); EWC (via KKO1, line 15783); EWC (via KKO2, line 15786)","KKO,JJO,IIO",M2%CELL%SOLID; M2%CELL_INDEX; M2%FCVAR; M2%RDZN; OM%HS; M2%DX; M2%DY; M2%CCVAR; M2%ZC; OM%FVZ; OM%W; OM%WS,,"DA_OTHER,UN_NEW_OTHER","AREA,DA_OTHER", | post: 16156: UN_NEW_OTHER = UN_NEW_OTHER/DA_OTHER
ccib.f90,18018,18041,GET_CRTCFCC_INT_STENCILS,setup,range_loop,other,both_setup,EWC,"KKO,JJO,IIO",,,,,
ccib.f90,19867,19877,FILL_UNKZ_GUARDCELLS,setup,range_loop,area_or_count_sum,both_setup,EWC,"KKO,JJO,IIO",MESHES%CCVAR,,NICC_R,,
ccib.f90,19915,19933,FILL_UNKZ_GUARDCELLS,setup,range_loop,other,both_setup,EWC,"KKO,JJO,IIO",MESHES%FCVAR,,,,
ccib.f90,19956,19983,FILL_UNKZ_GUARDCELLS,setup,range_loop,area_or_count_sum,both_setup,EWC,"KKO,JJO,IIO",MESHES%FCVAR,,NICF_R,,
ccib.f90,20675,20724,GET_H_MATRIX_CC,runtime+setup,range_loop,other,both_runtime,EWC,"KKO,JJO,IIO",MESHES%CCVAR; OMESH%MUNKH; MESHES%DY; MESHES%DZ; MESHES%X; MESHES%XC; MESHES%DX; MESHES%Y; MESHES%YC; MESHES%Z; MESHES%ZC; MESHES%FCVAR,,,"AF,AREA,AREA_RATIO",
ccib.f90,20818,20867,GET_H_MATRIX_CC,runtime+setup,range_loop,other,both_runtime,EWC,"KKO,JJO,IIO",MESHES%CCVAR; OMESH%MUNKH; MESHES%DY; MESHES%DZ; MESHES%X; MESHES%XC; MESHES%DX; MESHES%Y; MESHES%YC; MESHES%Z; MESHES%ZC; MESHES%FCVAR,,,"AF,AREA,AREA_RATIO",
ccib.f90,20965,20978,GET_CC_MATRIXGRAPH_H,runtime+setup,range_loop,other,both_runtime,EWC,"KKO,JJO,IIO",OMESH%MUNKH,,,,
ccib.f90,21027,21043,GET_CC_MATRIXGRAPH_H,runtime+setup,range_loop,other,both_runtime,EWC,"KKO,JJO,IIO",OMESH%MUNKH,,,,
ccib.f90,22887,22887,COPY_CC_MUNKH_TO_UNKH,runtime+setup,pick_min_corner_inline,pick_min,both_runtime,,,OM%MUNKH,,,,"CUT_CELL(ICC)%UNKH(1) = OM%MUNKH(EWC%IIO_MIN,EWC%JJO_MIN,EWC%KKO_MIN)"
ccib.f90,22889,22889,COPY_CC_MUNKH_TO_UNKH,runtime+setup,pick_min_corner_inline,pick_min,both_runtime,,,OM%MUNKH,,,,"CCVAR(II,JJ,KK,CC_UNKH) = OM%MUNKH(EWC%IIO_MIN,EWC%JJO_MIN,EWC%KKO_MIN)"
ccib.f90,22895,22909,COPY_CC_MUNKH_TO_UNKH,runtime+setup,range_loop,scatter_or_copy,both_runtime,EWC,"KKO,JJO,IIO",OM%MUNKH,MESHES%CCVAR,,,
ccib.f90,22919,22925,COPY_CC_MUNKH_TO_UNKH,runtime+setup,range_loop,scatter_or_copy,both_runtime,EWC,"KKO,JJO,IIO",,OM%HS,,,
fire.f90,1909,1915,COMBUSTION_BC,runtime,range_loop,average,both_runtime,EWC,"KKO,JJO,IIO",OMESH%Q,,Q_OTHER,,"COMBUSTION_BC: Q ghost = arithmetic mean over range |  | post: 1917: Q(BC%II,BC%JJ,BC%KK) = Q_OTHER/REAL(N_INT_CELLS,EB)"
fire.f90,1916,1916,COMBUSTION_BC,runtime,count_normalisation,other,both_runtime,,,,,,,N_INT_CELLS = (EWC%IIO_MAX-EWC%IIO_MIN+1) * (EWC%JJO_MAX-EWC%JJO_MIN+1) * (EWC%KKO_MAX-EWC%KKO_MIN+1)
geom.f90,8981,8981,PROMOTE_REFINEMENT_FOOTPRINTS_FROM_BLOCKED_FINE,setup,count_normalisation,other,both_setup,,,,,,,IF ((EWC_COARSE%IIO_MAX-EWC_COARSE%IIO_MIN+1) *  (EWC_COARSE%JJO_MAX-EWC_COARSE%JJO_MIN+1) *  (EWC_COARSE%KKO_MAX-EWC_COARSE%KKO_MIN+1) <= 1
geom.f90,8988,8998,PROMOTE_REFINEMENT_FOOTPRINTS_FROM_BLOCKED_FINE,setup,range_loop,other,coarse_reads_fine,EWC_COARSE,"KKO_LOC,JJO_LOC,IIO_LOC",call:GET_FINE_CELL_FROM_COARSE_WALL,,,,only when range >1 (geom.f90:8981-8983 CYCLE if <=1): coarse wall reads fine cells
geom.f90,12415,12442,SET_GC_CUTCELLS_3D,setup,range_loop,average,both_setup,EWC,"KKO,JJO,IIO",MESHES%DY; MESHES%DZ; MESHES%DX; MESHES%FCVAR,,"AREA_NOM,N_CF,N_CRT",AREA," | post: 12450: IF(ABS(AREA_NM-AREA_NOM) > ADIFF_INFO_FACTOR*AREA_CRT) THEN || 12451: WRITE(LU_ERR,*) '_______________________________',NM,'___________',ICF,'__________________"
geom.f90,12514,12520,SET_GC_CUTCELLS_3D,setup,range_loop,other,both_setup,EWC,"KKO,JJO,IIO",MESHES%CCVAR,,,,
geom.f90,12549,12558,SET_GC_CUTCELLS_3D,setup,range_loop,other,both_setup,EWC,"KKO,JJO,IIO",MESHES%CCVAR,,,,
geom.f90,12565,12579,SET_GC_CUTCELLS_3D,setup,range_loop,area_or_count_sum,both_setup,EWC,"KKO,JJO,IIO",MESHES%CCVAR,,N_CF,,guard 12562: NOFC = EWC%NIC_MAX - EWC%NIC_MIN + 1
geom.f90,13068,13069,CC_GRID_TAG_RAYTRACE_SINGLE_COVER_WALL,setup,pick_min_corner,pick_min,both_setup,,,call:CC_GRID_TAG_BLOCK_CELL_PAIR,,,,IIO = EWC%IIO_MIN
geom.f90,13083,13084,CC_GRID_TAG_RAYTRACE_SINGLE_COVER_WALL,setup,pick_min_corner,pick_min,both_setup,,,,,,,IIO = EWC%IIO_MIN
geom.f90,13142,13190,CC_GRID_TAG_RAYTRACE_MULTI_COVER_WALL,setup,range_loop,other,both_setup,EWC,"KKO,JJO,IIO",call:CC_GRID_TAG_BLOCK_CELL_PAIR,,,,
geom.f90,13263,13263,CC_GRID_TAG_NONRAY_SINGLE_COVER_WALL,setup,pick_min_corner,pick_min,both_setup,,,M2%FCVAR,,,,IIOF=EWC%IIO_MIN
geom.f90,13311,13357,CC_GRID_TAG_NONRAY_MULTI_COVER_WALL,setup,range_loop,area_or_count_sum,both_setup,EWC,"KKO,JJO,IIO",M2%FCVAR; M2%CCVAR; call:CC_GRID_INSERT_SINGLE_CARTESIAN_CUTCELL,,"IOGC,JOGC,KOGC",,
geom.f90,13397,13397,TAG_CC_BLOCKING_REFINEMENT,setup,count_normalisation,other,both_setup,,,,,,,IF((EWC%IIO_MAX-EWC%IIO_MIN+1)*(EWC%JJO_MAX-EWC%JJO_MIN+1)*(EWC%KKO_MAX-EWC%KKO_MIN+1)==1) THEN
geom.f90,13402,13402,TAG_CC_BLOCKING_REFINEMENT,setup,count_normalisation,other,both_setup,,,,,,,ELSEIF((EWC%IIO_MAX-EWC%IIO_MIN+1)*(EWC%JJO_MAX-EWC%JJO_MIN+1)*(EWC%KKO_MAX-EWC%KKO_MIN+1)>1) THEN
geom.f90,13434,13434,TAG_CC_BLOCKING_REFINEMENT,setup,count_normalisation,other,both_setup,,,,,,,ELSEIF((EWC%IIO_MAX-EWC%IIO_MIN+1)*(EWC%JJO_MAX-EWC%JJO_MIN+1)*(EWC%KKO_MAX-EWC%KKO_MIN+1)>1) THEN
init.f90,1092,1092,INITIALIZE_MESH_VARIABLES_2,setup,pick_min_corner_inline,pick_min,both_setup,,,OM%CELL_INDEX; M%EXTERNAL_WALL; M%EXTERNAL_WALL,,,,"IC = OM%CELL_INDEX(M%EXTERNAL_WALL(IW)%IIO_MIN,M%EXTERNAL_WALL(IW)%JJO_MIN,M%EXTERNAL_WALL(IW)%KKO_MIN)"
init.f90,1413,1415,DEFINE_EDGE,setup,pick_min_corner,pick_min,both_setup,,,,,,,IIO = M%EXTERNAL_WALL(IW)%IIO_MIN
init.f90,3320,3325,INIT_WALL_CELL,runtime+setup,range_store,other,both_runtime,,,,,,,"RANGE DEFINITION: EWC%IIO/JJO/KKO_MIN/MAX = min/max over 2 probe points at +-47.5% of this cell face (init.f90:3147-3180, SEARCH_OTHER_MESHES); finer neighbour -> several cells, coarser/equal -> one cell; alignment enforced (ERROR 431) at init.f90:3184-3226 | EWC%IIO_MIN = IIO_MIN"
init.f90,4924,4926,REASSIGN_WALL_CELLS,runtime+setup,pick_min_corner,pick_min,both_runtime,,,MM%CELL%SOLID; MM%CELL_INDEX,,,,IIO = EWC%IIO_MIN
init.f90,5164,5166,GET_BOUNDARY_TYPE,runtime+setup,pick_min_corner,pick_min,both_runtime,,,MESHES%CELL_INDEX,,,,IIO = EWC%IIO_MIN
main.f90,2111,2111,INITIALIZE_MESH_EXCHANGE_1,setup,count_normalisation,other,both_setup,,,,,,,EWC%NIC = number of neighbour cells = MPI receive count per wall cell (NIC_MIN..NIC_MAX) | EWC%NIC = (EWC%IIO_MAX-EWC%IIO_MIN+1)*(EWC%JJO_MAX-EWC%JJO_MIN+1)*(EWC%KKO_MAX-EWC%KKO_MIN+1)
main.f90,2118,2118,INITIALIZE_MESH_EXCHANGE_1,setup,range_extent,other,both_setup,,,,,,,"IMIN=MAX(IMIN,EWC%IIO_MIN-1)"
main.f90,2120,2120,INITIALIZE_MESH_EXCHANGE_1,setup,range_extent,other,both_setup,,,,,,,"IMAX=MIN(IMAX,EWC%IIO_MAX+1)"
main.f90,2122,2122,INITIALIZE_MESH_EXCHANGE_1,setup,range_extent,other,both_setup,,,,,,,"JMIN=MAX(JMIN,EWC%JJO_MIN-1)"
main.f90,2124,2124,INITIALIZE_MESH_EXCHANGE_1,setup,range_extent,other,both_setup,,,,,,,"JMAX=MIN(JMAX,EWC%JJO_MAX+1)"
main.f90,2126,2126,INITIALIZE_MESH_EXCHANGE_1,setup,range_extent,other,both_setup,,,,,,,"KMIN=MAX(KMIN,EWC%KKO_MIN-1)"
main.f90,2128,2128,INITIALIZE_MESH_EXCHANGE_1,setup,range_extent,other,both_setup,,,,,,,"KMAX=MIN(KMAX,EWC%KKO_MAX+1)"
main.f90,2132,2132,INITIALIZE_MESH_EXCHANGE_1,setup,range_span,other,both_setup,,,M2%Y; M2%Z,,,,"AREA_RATIO = own face area / area spanned by the neighbour range; ~1 when neighbour equal or finer, <1 when neighbour coarser | EWC%AREA_RATIO =  M%DY(BC%JJ)*M%DZ(BC%KK)/((M2%Y(EWC%JJO_MAX)-M2%Y(EWC%JJO_MIN-1))*(M2%Z(EWC%KKO_MAX)-M2%Z(EWC%KKO_MIN-1)))"
main.f90,2134,2134,INITIALIZE_MESH_EXCHANGE_1,setup,range_span,other,both_setup,,,M2%X; M2%Z,,,,EWC%AREA_RATIO =  M%DX(BC%II)*M%DZ(BC%KK)/((M2%X(EWC%IIO_MAX)-M2%X(EWC%IIO_MIN-1))*(M2%Z(EWC%KKO_MAX)-M2%Z(EWC%KKO_MIN-1)))
main.f90,2136,2136,INITIALIZE_MESH_EXCHANGE_1,setup,range_span,other,both_setup,,,M2%X; M2%Y,,,,EWC%AREA_RATIO =  M%DX(BC%II)*M%DY(BC%JJ)/((M2%X(EWC%IIO_MAX)-M2%X(EWC%IIO_MIN-1))*(M2%Y(EWC%JJO_MAX)-M2%Y(EWC%JJO_MIN-1)))
main.f90,2152,2163,INITIALIZE_MESH_EXCHANGE_1,setup,range_loop,area_or_count_sum,both_setup,EWC,"KKO,JJO,IIO",,,NIC_R,,
main.f90,2890,2892,ZONE_BOUNDARY_EXCHANGE,setup,pick_min_corner,pick_min,both_setup,,,OM%PRESSURE_ZONE; call:ASSIGN_PRESSURE_ZONE,,,,IIO = EWC%IIO_MIN
part.f90,4662,4668,PARTICLE_MOMENTUM_TRANSFER,runtime,range_loop,average,both_runtime,EWC,"KKO,JJO,IIO",M2%DY; M2%DZ,,DA_OTHER,DA_OTHER, | post: 4673: DA_OTHER = DA_OTHER + M2%DX(IIO)*M2%DZ(KKO)
part.f90,4670,4676,PARTICLE_MOMENTUM_TRANSFER,runtime,range_loop,average,both_runtime,EWC,"KKO,JJO,IIO",M2%DX; M2%DZ,,DA_OTHER,DA_OTHER, | post: 4681: DA_OTHER = DA_OTHER + M2%DX(IIO)*M2%DY(JJO)
part.f90,4678,4684,PARTICLE_MOMENTUM_TRANSFER,runtime,range_loop,area_or_count_sum,both_runtime,EWC,"KKO,JJO,IIO",M2%DX; M2%DY,,DA_OTHER,DA_OTHER,
part.f90,4692,4698,PARTICLE_MOMENTUM_TRANSFER,runtime,range_loop,average,both_runtime,EWC,"KKO,JJO,IIO",OM%FVX_D; M2%DY; M2%DZ,,FVX_OTHER,DA_OTHER,
part.f90,4704,4710,PARTICLE_MOMENTUM_TRANSFER,runtime,range_loop,average,both_runtime,EWC,"KKO,JJO,IIO",OM%FVX_D; M2%DY; M2%DZ,,FVX_OTHER,DA_OTHER,
part.f90,4716,4722,PARTICLE_MOMENTUM_TRANSFER,runtime,range_loop,average,both_runtime,EWC,"KKO,JJO,IIO",OM%FVY_D; M2%DX; M2%DZ,,FVY_OTHER,DA_OTHER,
part.f90,4728,4734,PARTICLE_MOMENTUM_TRANSFER,runtime,range_loop,average,both_runtime,EWC,"KKO,JJO,IIO",OM%FVY_D; M2%DX; M2%DZ,,FVY_OTHER,DA_OTHER,
part.f90,4740,4746,PARTICLE_MOMENTUM_TRANSFER,runtime,range_loop,average,both_runtime,EWC,"KKO,JJO,IIO",OM%FVZ_D; M2%DX; M2%DY,,FVZ_OTHER,DA_OTHER,
part.f90,4752,4758,PARTICLE_MOMENTUM_TRANSFER,runtime,range_loop,average,both_runtime,EWC,"KKO,JJO,IIO",OM%FVZ_D; M2%DX; M2%DY,,FVZ_OTHER,DA_OTHER,
pres.f90,124,124,PRESSURE_SOLVER_COMPUTE_RHS,runtime,pick_min_corner_inline,pick_min,both_runtime,,,MESHES,,,,DX_OTHER = MESHES(NOM)%DX(EWC%IIO_MIN)
pres.f90,127,127,PRESSURE_SOLVER_COMPUTE_RHS,runtime,pick_min_corner_inline,pick_min,both_runtime,,,MESHES,,,,DX_OTHER = MESHES(NOM)%DX(EWC%IIO_MIN)
pres.f90,130,130,PRESSURE_SOLVER_COMPUTE_RHS,runtime,pick_min_corner_inline,pick_min,both_runtime,,,MESHES,,,,DY_OTHER = MESHES(NOM)%DY(EWC%JJO_MIN)
pres.f90,133,133,PRESSURE_SOLVER_COMPUTE_RHS,runtime,pick_min_corner_inline,pick_min,both_runtime,,,MESHES,,,,DY_OTHER = MESHES(NOM)%DY(EWC%JJO_MIN)
pres.f90,136,136,PRESSURE_SOLVER_COMPUTE_RHS,runtime,pick_min_corner_inline,pick_min,both_runtime,,,MESHES,,,,DZ_OTHER = MESHES(NOM)%DZ(EWC%KKO_MIN)
pres.f90,139,139,PRESSURE_SOLVER_COMPUTE_RHS,runtime,pick_min_corner_inline,pick_min,both_runtime,,,MESHES,,,,DZ_OTHER = MESHES(NOM)%DZ(EWC%KKO_MIN)
pres.f90,914,916,COMPUTE_VELOCITY_ERROR,runtime,pick_min_corner,pick_min,both_runtime,,,,,,,IIO1 = EWC%IIO_MIN
pres.f90,924,931,COMPUTE_VELOCITY_ERROR,runtime,range_loop,average,both_runtime,"EWC (via IIO1, line 914); EWC (via IIO2, line 917); EWC (via JJO1, line 915); EWC (via JJO2, line 918); EWC (via KKO1, line 916); EWC (via KKO2, line 919)","KKO,JJO,IIO",OM%FVX; M2%RDXN; OM%H; OM%U,,UN_NEW_OTHER,,"COMPUTE_VELOCITY_ERROR: other-mesh normal velocity averaged (/N_INT_CELLS at pres.f90:1038) |  | post: 937: UN_NEW_OTHER = UN_NEW_OTHER + OM%U(IIO-1,JJO,KKO) + DT*DUDT"
pres.f90,933,940,COMPUTE_VELOCITY_ERROR,runtime,range_loop,average,both_runtime,"EWC (via IIO1, line 914); EWC (via IIO2, line 917); EWC (via JJO1, line 915); EWC (via JJO2, line 918); EWC (via KKO1, line 916); EWC (via KKO2, line 919)","KKO,JJO,IIO",OM%FVX; M2%RDXN; OM%H; OM%U,,UN_NEW_OTHER,," | post: 946: UN_NEW_OTHER = UN_NEW_OTHER + OM%V(IIO,JJO,KKO)   + DT*DVDT"
pres.f90,942,949,COMPUTE_VELOCITY_ERROR,runtime,range_loop,average,both_runtime,"EWC (via IIO1, line 914); EWC (via IIO2, line 917); EWC (via JJO1, line 915); EWC (via JJO2, line 918); EWC (via KKO1, line 916); EWC (via KKO2, line 919)","KKO,JJO,IIO",OM%FVY; M2%RDYN; OM%H; OM%V,,UN_NEW_OTHER,," | post: 955: UN_NEW_OTHER = UN_NEW_OTHER + OM%V(IIO,JJO-1,KKO) + DT*DVDT"
pres.f90,951,958,COMPUTE_VELOCITY_ERROR,runtime,range_loop,average,both_runtime,"EWC (via IIO1, line 914); EWC (via IIO2, line 917); EWC (via JJO1, line 915); EWC (via JJO2, line 918); EWC (via KKO1, line 916); EWC (via KKO2, line 919)","KKO,JJO,IIO",OM%FVY; M2%RDYN; OM%H; OM%V,,UN_NEW_OTHER,," | post: 964: UN_NEW_OTHER = UN_NEW_OTHER + OM%W(IIO,JJO,KKO)   + DT*DWDT"
pres.f90,960,967,COMPUTE_VELOCITY_ERROR,runtime,range_loop,average,both_runtime,"EWC (via IIO1, line 914); EWC (via IIO2, line 917); EWC (via JJO1, line 915); EWC (via JJO2, line 918); EWC (via KKO1, line 916); EWC (via KKO2, line 919)","KKO,JJO,IIO",OM%FVZ; M2%RDZN; OM%H; OM%W,,UN_NEW_OTHER,," | post: 973: UN_NEW_OTHER = UN_NEW_OTHER + OM%W(IIO,JJO,KKO-1) + DT*DWDT"
pres.f90,969,976,COMPUTE_VELOCITY_ERROR,runtime,range_loop,sum,both_runtime,"EWC (via IIO1, line 914); EWC (via IIO2, line 917); EWC (via JJO1, line 915); EWC (via JJO2, line 918); EWC (via KKO1, line 916); EWC (via KKO2, line 919)","KKO,JJO,IIO",OM%FVZ; M2%RDZN; OM%H; OM%W,,UN_NEW_OTHER,,
pres.f90,981,988,COMPUTE_VELOCITY_ERROR,runtime,range_loop,average,both_runtime,"EWC (via IIO1, line 914); EWC (via IIO2, line 917); EWC (via JJO1, line 915); EWC (via JJO2, line 918); EWC (via KKO1, line 916); EWC (via KKO2, line 919)","KKO,JJO,IIO",OM%FVX; M2%RDXN; OM%HS; OM%U; OM%US,,UN_NEW_OTHER,," | post: 994: UN_NEW_OTHER = UN_NEW_OTHER + 0.5_EB*(OM%U(IIO-1,JJO,KKO)+OM%US(IIO-1,JJO,KKO) + DT*DUDT)"
pres.f90,990,997,COMPUTE_VELOCITY_ERROR,runtime,range_loop,average,both_runtime,"EWC (via IIO1, line 914); EWC (via IIO2, line 917); EWC (via JJO1, line 915); EWC (via JJO2, line 918); EWC (via KKO1, line 916); EWC (via KKO2, line 919)","KKO,JJO,IIO",OM%FVX; M2%RDXN; OM%HS; OM%U; OM%US,,UN_NEW_OTHER,," | post: 1003: UN_NEW_OTHER = UN_NEW_OTHER + 0.5_EB*(OM%V(IIO,JJO,KKO)+OM%VS(IIO,JJO,KKO)     + DT*DVDT)"
pres.f90,999,1006,COMPUTE_VELOCITY_ERROR,runtime,range_loop,average,both_runtime,"EWC (via IIO1, line 914); EWC (via IIO2, line 917); EWC (via JJO1, line 915); EWC (via JJO2, line 918); EWC (via KKO1, line 916); EWC (via KKO2, line 919)","KKO,JJO,IIO",OM%FVY; M2%RDYN; OM%HS; OM%V; OM%VS,,UN_NEW_OTHER,," | post: 1012: UN_NEW_OTHER = UN_NEW_OTHER + 0.5_EB*(OM%V(IIO,JJO-1,KKO)+OM%VS(IIO,JJO-1,KKO) + DT*DVDT)"
pres.f90,1008,1015,COMPUTE_VELOCITY_ERROR,runtime,range_loop,average,both_runtime,"EWC (via IIO1, line 914); EWC (via IIO2, line 917); EWC (via JJO1, line 915); EWC (via JJO2, line 918); EWC (via KKO1, line 916); EWC (via KKO2, line 919)","KKO,JJO,IIO",OM%FVY; M2%RDYN; OM%HS; OM%V; OM%VS,,UN_NEW_OTHER,," | post: 1021: UN_NEW_OTHER = UN_NEW_OTHER + 0.5_EB*(OM%W(IIO,JJO,KKO)+OM%WS(IIO,JJO,KKO)     + DT*DWDT)"
pres.f90,1017,1024,COMPUTE_VELOCITY_ERROR,runtime,range_loop,average,both_runtime,"EWC (via IIO1, line 914); EWC (via IIO2, line 917); EWC (via JJO1, line 915); EWC (via JJO2, line 918); EWC (via KKO1, line 916); EWC (via KKO2, line 919)","KKO,JJO,IIO",OM%FVZ; M2%RDZN; OM%HS; OM%W; OM%WS,,UN_NEW_OTHER,," | post: 1030: UN_NEW_OTHER = UN_NEW_OTHER + 0.5_EB*(OM%W(IIO,JJO,KKO-1)+OM%WS(IIO,JJO,KKO-1) + DT*DWDT)"
pres.f90,1026,1033,COMPUTE_VELOCITY_ERROR,runtime,range_loop,average,both_runtime,"EWC (via IIO1, line 914); EWC (via IIO2, line 917); EWC (via JJO1, line 915); EWC (via JJO2, line 918); EWC (via KKO1, line 916); EWC (via KKO2, line 919)","KKO,JJO,IIO",OM%FVZ; M2%RDZN; OM%HS; OM%W; OM%WS,,UN_NEW_OTHER,," | post: 1038: UN_NEW_OTHER = UN_NEW_OTHER/REAL(N_INT_CELLS,EB)"
pres.f90,1037,1037,COMPUTE_VELOCITY_ERROR,runtime,count_normalisation,other,both_runtime,,,,,,,N_INT_CELLS  = (EWC%IIO_MAX-EWC%IIO_MIN+1) * (EWC%JJO_MAX-EWC%JJO_MIN+1) * (EWC%KKO_MAX-EWC%KKO_MIN+1)
pres.f90,3738,3750,GLMAT_SOLVER_SETUP,runtime+setup,range_loop,other,both_runtime (guard AREA_RATIO>0.9: this mesh not finer),EWC,"KKO,JJO,IIO",call:COMPUTE_GUARD_CELL_INDEXES,,,,guard 3733: IF(WC%BOUNDARY_TYPE==INTERPOLATED_BOUNDARY .AND. EWC%NOM > 0 .AND. EWC%AREA_RATIO>0.9_EB) THEN
pres.f90,3790,3799,GLMAT_SOLVER_SETUP,runtime+setup,range_loop,other,both_runtime (guard AREA_RATIO>0.9: this mesh not finer),EWC,"KKO,JJO,IIO",call:COMPUTE_GUARD_CELL_INDEXES,,,,guard 3788: IF(ALLOCATED(OMESH(EWC%NOM)%EWC_TYPE) .AND. EWC%AREA_RATIO>0.9_EB) THEN
pres.f90,3818,3827,GLMAT_SOLVER_SETUP,runtime+setup,range_loop,other,both_runtime,EWC,"KKO,JJO,IIO",call:COMPUTE_GUARD_CELL_INDEXES,,,,
pres.f90,4109,4124,COPY_H_OMESH_TO_MESH,runtime,range_loop,average,both_runtime,EWC,"KKO,JJO,IIO",OM%MUNKH; call:REG_INTERP_WALL_DISTANCES; call:COMPUTE_GUARD_CELL_INDEXES; OM%H,,"H_EXTERNAL_MEAN,NCELLS_EXT,SUM_D_EXT",,COPY_H_OMESH_TO_MESH: H guard = mean over range (/NCELLS_EXT) |  | post: 4125: H_EXTERNAL_MEAN = H_EXTERNAL_MEAN / NCELLS_EXT || 4126: DX_EXT = SUM_D_EXT / NCELLS_EXT
pres.f90,4175,4190,COPY_H_OMESH_TO_MESH,runtime,range_loop,average,both_runtime,EWC,"KKO,JJO,IIO",OM%MUNKH; call:REG_INTERP_WALL_DISTANCES; call:COMPUTE_GUARD_CELL_INDEXES; OM%HS,,"H_EXTERNAL_MEAN,NCELLS_EXT,SUM_D_EXT",, | post: 4191: H_EXTERNAL_MEAN = H_EXTERNAL_MEAN / NCELLS_EXT || 4192: DX_EXT = SUM_D_EXT / NCELLS_EXT
pres.f90,4309,4327,WRITE_EWC_TYPE_DIAGNOSTIC,runtime+setup,range_loop,other,both_runtime,EWC,"KKO,JJO,IIO",call:COMPUTE_GUARD_CELL_INDEXES,,,,
pres.f90,5167,5252,GET_H_MATRIX,runtime+setup,range_loop,pick_min_or_max,both_runtime,EWC,"KKO,JJO,IIO",OM%MUNKH; call:COMPUTE_GUARD_CELL_INDEXES; M2%DY; M2%R; M2%DZ; M2%DX; M2%RC; call:REG_INTERP_WALL_DISTANCES,,,AF,
pres.f90,5424,5455,GET_MATRIXGRAPH_H_WHLDOM,runtime+setup,range_loop,other,both_runtime,EWC,"KKO,JJO,IIO",OMESH%MUNKH; call:COMPUTE_GUARD_CELL_INDEXES,,,,
turb.f90,2284,2286,SANDIA_DAT,setup,pick_min_corner,pick_min,both_setup,,,M2%U; M2%V; M2%W,,,,IIO = EWC%IIO_MIN
vege.f90,678,699,FILL_BOUNDARY_VALUES,runtime+setup,range_loop,average,both_runtime,EWC,"JJO,IIO",OMESH%PHI_LS; OMESH%PHI1_LS; OMESH%U_LS; OMESH%V_LS; OMESH%Z_LS,,"PHI_LS_OTHER,PHI_LS_OTHER_2,U_LS_OTHER,V_LS_OTHER,Z_LS_OTHER",,"level-set PHI/U/V/Z ghost = arithmetic mean over range (2-D) |  | post: 704: PHI_LS_P(II,JJ) = PHI_LS_OTHER/REAL(N_INT_CELLS,EB) || 705: IF (IOR==-2) PHI_LS_P(II,JJ-1) = PHI_LS_OTHER_2/REAL(N_INT_CELLS,EB)"
vege.f90,700,700,FILL_BOUNDARY_VALUES,runtime+setup,count_normalisation,other,both_runtime,,,,,,,N_INT_CELLS = (EWC%IIO_MAX-EWC%IIO_MIN+1) * (EWC%JJO_MAX-EWC%JJO_MIN+1)
velo.f90,526,538,VISCOSITY_BC,runtime+setup,range_loop,average,both_runtime,EWC,"KKO,JJO,IIO",OMESH%MU; OMESH%KRES; OMESH%DS; OMESH%D,,"DP_OTHER,KRES_OTHER,MU_OTHER",,"VISCOSITY_BC: MU/KRES/D ghost = arithmetic mean over range (/N_INT_CELLS) |  | post: 540: MU_OTHER = MU_OTHER/REAL(N_INT_CELLS,EB) || 541: KRES_OTHER = KRES_OTHER/REAL(N_INT_CELLS,EB)"
velo.f90,539,539,VISCOSITY_BC,runtime+setup,count_normalisation,other,both_runtime,,,,,,,N_INT_CELLS = (EWC%IIO_MAX-EWC%IIO_MIN+1) * (EWC%JJO_MAX-EWC%JJO_MIN+1) * (EWC%KKO_MAX-EWC%KKO_MIN+1)
velo.f90,1391,1397,NO_FLUX,runtime,range_loop,average,both_runtime,EWC,"KKO,JJO,IIO",OM_HP[=>OMESH(NOM)%H|OMESH(NOM)%HS],,H_OTHER,,"NO_FLUX: HP ghost = arithmetic mean of OMESH H over range (/N_INT_CELLS) |  | post: 1399: HP(II,JJ,KK)  = H_OTHER/REAL(N_INT_CELLS,EB)"
velo.f90,1398,1398,NO_FLUX,runtime,count_normalisation,other,both_runtime,,,,,,,N_INT_CELLS = (EWC%IIO_MAX-EWC%IIO_MIN+1) * (EWC%JJO_MAX-EWC%JJO_MIN+1) * (EWC%KKO_MAX-EWC%KKO_MIN+1)
velo.f90,1873,1886,VELOCITY_BC,runtime+setup,range_loop,average,both_runtime,EWC,"KKOO,JJOO,IIOO",OM_UU[=>OMESH(EWC%NOM)%U|OMESH(EWC%NOM)%US]; OM_VV[=>OMESH(EWC%NOM)%V|OMESH(EWC%NOM)%VS]; OM_WW[=>OMESH(EWC%NOM)%W|OMESH(EWC%NOM)%WS],,UN_OTHER,,"VELOCITY_BC: normal velocity of other mesh = arithmetic mean over range |  | post: 1888: UN_OTHER = UN_OTHER/REAL(N_INT_CELLS,EB)"
velo.f90,1887,1887,VELOCITY_BC,runtime+setup,count_normalisation,other,both_runtime,,,,,,,N_INT_CELLS = (EWC%IIO_MAX-EWC%IIO_MIN+1) * (EWC%JJO_MAX-EWC%JJO_MIN+1) * (EWC%KKO_MAX-EWC%KKO_MIN+1)
velo.f90,2688,2694,MATCH_VELOCITY,runtime+setup,range_loop,area_or_count_sum,both_runtime,EWC,"KKO,JJO,IIO",M2%DY; M2%DZ,,DA_OTHER,DA_OTHER,
velo.f90,2698,2704,MATCH_VELOCITY,runtime+setup,range_loop,area_or_count_sum,both_runtime,EWC,"KKO,JJO,IIO",M2%DX; M2%DZ,,DA_OTHER,DA_OTHER,
velo.f90,2708,2714,MATCH_VELOCITY,runtime+setup,range_loop,area_or_count_sum,both_runtime,EWC,"KKO,JJO,IIO",M2%DX; M2%DY,,DA_OTHER,DA_OTHER,
velo.f90,2724,2731,MATCH_VELOCITY,runtime+setup,range_loop,average,both_runtime,EWC,"KKO,JJO,IIO",M2%DY; M2%DZ,OM_UU,UU_OTHER,"AREA_RATIO,DA_OTHER","MATCH_VELOCITY: UU_OTHER = area-weighted mean over neighbour faces; UVW_SAVE=own U; U(0)=0.5*(own+other); OM_UU also relaxed only if AREA_RATIO>0.9 (this mesh not finer) |  | post: 2733: UU(0,JJ,KK)  = 0.5_EB*(UU(0,JJ,KK) + UU_OTHER)"
velo.f90,2738,2745,MATCH_VELOCITY,runtime+setup,range_loop,average,both_runtime,EWC,"KKO,JJO,IIO",M2%DY; M2%DZ,OM_UU,UU_OTHER,"AREA_RATIO,DA_OTHER"," | post: 2747: UU(IBAR,JJ,KK) = 0.5_EB*(UU(IBAR,JJ,KK) + UU_OTHER)"
velo.f90,2752,2759,MATCH_VELOCITY,runtime+setup,range_loop,average,both_runtime,EWC,"KKO,JJO,IIO",M2%DX; M2%DZ,OM_VV,VV_OTHER,"AREA_RATIO,DA_OTHER"," | post: 2761: VV(II,0,KK)  = 0.5_EB*(VV(II,0,KK) + VV_OTHER)"
velo.f90,2766,2773,MATCH_VELOCITY,runtime+setup,range_loop,average,both_runtime,EWC,"KKO,JJO,IIO",M2%DX; M2%DZ,OM_VV,VV_OTHER,"AREA_RATIO,DA_OTHER"," | post: 2775: VV(II,JBAR,KK) = 0.5_EB*(VV(II,JBAR,KK) + VV_OTHER)"
velo.f90,2780,2787,MATCH_VELOCITY,runtime+setup,range_loop,average,both_runtime,EWC,"KKO,JJO,IIO",M2%DX; M2%DY,OM_WW,WW_OTHER,"AREA_RATIO,DA_OTHER"," | post: 2789: WW(II,JJ,0)  = 0.5_EB*(WW(II,JJ,0) + WW_OTHER)"
velo.f90,2794,2801,MATCH_VELOCITY,runtime+setup,range_loop,average,both_runtime,EWC,"KKO,JJO,IIO",M2%DX; M2%DY,OM_WW,WW_OTHER,"AREA_RATIO,DA_OTHER"," | post: 2803: WW(II,JJ,KBAR) = 0.5_EB*(WW(II,JJ,KBAR) + WW_OTHER)"
velo.f90,2821,2835,MATCH_VELOCITY,runtime+setup,range_loop,other,both_runtime,EWC,"KKO,JJO,IIO",M2%FCVAR; OM_UU; OM_VV; OM_WW,,,,
velo.f90,2837,2845,MATCH_VELOCITY,runtime+setup,range_loop,other,both_runtime,EWC,"KKO,JJO,IIO",OM_UU; OM_VV; OM_WW,,,,
velo.f90,2848,2848,MATCH_VELOCITY,runtime+setup,count_normalisation,other,both_runtime,,,,,,,"NOM_CELLS = REAL((EWC%IIO_MAX-EWC%IIO_MIN+1)*(EWC%JJO_MAX-EWC%JJO_MIN+1)*(EWC%KKO_MAX-EWC%KKO_MIN+1),EB)"
velo.f90,2912,2918,MATCH_VELOCITY_FLUX,runtime,range_loop,average,both_runtime,EWC,"KKO,JJO,IIO",M2%DY; M2%DZ,,DA_OTHER,DA_OTHER, | post: 2923: DA_OTHER = DA_OTHER + M2%DX(IIO)*M2%DZ(KKO)
velo.f90,2920,2926,MATCH_VELOCITY_FLUX,runtime,range_loop,average,both_runtime,EWC,"KKO,JJO,IIO",M2%DX; M2%DZ,,DA_OTHER,DA_OTHER, | post: 2931: DA_OTHER = DA_OTHER + M2%DX(IIO)*M2%DY(JJO)
velo.f90,2928,2934,MATCH_VELOCITY_FLUX,runtime,range_loop,area_or_count_sum,both_runtime,EWC,"KKO,JJO,IIO",M2%DX; M2%DY,,DA_OTHER,DA_OTHER,
velo.f90,2944,2950,MATCH_VELOCITY_FLUX,runtime,range_loop,average,both_runtime,EWC,"KKO,JJO,IIO",OM%FVX; M2%DY; M2%DZ,,FVX_OTHER,DA_OTHER," | post: 2951: FVX(0,JJ,KK) = 0.5_EB*(FVX(0,JJ,KK) + FVX_OTHER)"
velo.f90,2956,2962,MATCH_VELOCITY_FLUX,runtime,range_loop,average,both_runtime,EWC,"KKO,JJO,IIO",OM%FVX; M2%DY; M2%DZ,,FVX_OTHER,DA_OTHER," | post: 2963: FVX(IBAR,JJ,KK) = 0.5_EB*(FVX(IBAR,JJ,KK) + FVX_OTHER)"
velo.f90,2968,2974,MATCH_VELOCITY_FLUX,runtime,range_loop,average,both_runtime,EWC,"KKO,JJO,IIO",OM%FVY; M2%DX; M2%DZ,,FVY_OTHER,DA_OTHER," | post: 2975: FVY(II,0,KK) = 0.5_EB*(FVY(II,0,KK) + FVY_OTHER)"
velo.f90,2980,2986,MATCH_VELOCITY_FLUX,runtime,range_loop,average,both_runtime,EWC,"KKO,JJO,IIO",OM%FVY; M2%DX; M2%DZ,,FVY_OTHER,DA_OTHER," | post: 2987: FVY(II,JBAR,KK) = 0.5_EB*(FVY(II,JBAR,KK) + FVY_OTHER)"
velo.f90,2992,2998,MATCH_VELOCITY_FLUX,runtime,range_loop,average,both_runtime,EWC,"KKO,JJO,IIO",OM%FVZ; M2%DX; M2%DY,,FVZ_OTHER,DA_OTHER," | post: 2999: FVZ(II,JJ,0) = 0.5_EB*(FVZ(II,JJ,0) + FVZ_OTHER)"
velo.f90,3004,3010,MATCH_VELOCITY_FLUX,runtime,range_loop,average,both_runtime,EWC,"KKO,JJO,IIO",OM%FVZ; M2%DX; M2%DY,,FVZ_OTHER,DA_OTHER," | post: 3011: FVZ(II,JJ,KBAR) = 0.5_EB*(FVZ(II,JJ,KBAR) + FVZ_OTHER)"
wall.f90,319,339,ASSIGN_GHOST_VALUE,runtime+setup,range_loop,average,both_runtime,EWC,"KKO,JJO,IIO",MM%DY; MM%DZ; MM%DX; OM_RHOP[=>OM%RHO|OM%RHOS]; OM_ZZP[=>OM%ZZ|OM%ZZS],,"II2,JJ2,KK2,RHO_OTHER,RHO_OTHER_2",ARO,"ASSIGN_GHOST_VALUE: ghost RHO/ZZ (1st and 2nd layer) = sum ARO*OM_RHOP, ARO=MIN(1,A_other/A_this) (wall.f90:326-331): coarse side = area-weighted mean of fine cells; fine side = injection of the single coarse cell (ARO=1) |  | post: 344: ZZP(BC%II,BC%JJ,BC%KK,1:N_TOTAL_SCALARS) = MAX(0._EB,MIN(1._EB,RHO_ZZ_OTHER(1:N_TOTAL_SCAL"
wall.f90,357,359,ASSIGN_GHOST_VALUE,runtime+setup,pick_min_corner,pick_min,both_runtime,,,MM%CELL_INDEX,,,,2nd-order ghost only if |AREA_RATIO-1|<0.01 (wall.f90:356); uses min-corner cell for the solid test | IIO = EWC%IIO_MIN
wall.f90,839,839,SURFACE_HEAT_TRANSFER,runtime+setup,pick_min_corner,pick_min,both_runtime,,,MM%DZ,,,,KKO = EWC%KKO_MIN
wall.f90,896,944,SURFACE_HEAT_TRANSFER,runtime+setup,range_loop,average,both_runtime,EWC,"KKO,JJO,IIO",OM_MUP[=>OM%MU]; OM_RHOP[=>OM%RHO|OM%RHOS]; OM_ZZP[=>OM%ZZ|OM%ZZS]; call:EVALUATE_RAMP; MM%ZC; MM%DY; MM%DZ; MM%RDXN; MM%DX; MM%RDYN; MM%RDZN,,RHO_D_DZDN_OTHER,ARO,SURFACE_HEAT_TRANSFER: area-weighted (ARO) neighbour values
wall.f90,1371,1373,CALCULATE_ZZ_F,runtime+setup,pick_min_corner,pick_min,both_runtime,,,MESHES%CELL%OBST_INDEX; MESHES%CELL_INDEX,,,,IIO = EWC%IIO_MIN
