file,routine,host,class_,entity,access,n_refs,extent,lines,callees,call_context
mass.f90,DENSITY,MASS::DENSITY,mesh_ptr,MESH_TYPE%ADV_FX,read,1,0:IBAR | 0:JBAR | 0:KBAR | 1:N_TOTAL_SCALARS,654,,"per-step: main.f90:780 (predictor, in CHANGE_TIME_STEP_LOOP), main.f90:949 (corrector)"
mass.f90,DENSITY,MASS::DENSITY,mesh_ptr,MESH_TYPE%ADV_FX,write,2,0:IBAR | 0:JBAR | 0:KBAR | 1:N_TOTAL_SCALARS,"466,654",,"per-step: main.f90:780 (predictor, in CHANGE_TIME_STEP_LOOP), main.f90:949 (corrector)"
mass.f90,DENSITY,MASS::DENSITY,mesh_ptr,MESH_TYPE%ADV_FY,read,1,0:IBAR | 0:JBAR | 0:KBAR | 1:N_TOTAL_SCALARS,655,,"per-step: main.f90:780 (predictor, in CHANGE_TIME_STEP_LOOP), main.f90:949 (corrector)"
mass.f90,DENSITY,MASS::DENSITY,mesh_ptr,MESH_TYPE%ADV_FY,write,2,0:IBAR | 0:JBAR | 0:KBAR | 1:N_TOTAL_SCALARS,"467,655",,"per-step: main.f90:780 (predictor, in CHANGE_TIME_STEP_LOOP), main.f90:949 (corrector)"
mass.f90,DENSITY,MASS::DENSITY,mesh_ptr,MESH_TYPE%ADV_FZ,read,1,0:IBAR | 0:JBAR | 0:KBAR | 1:N_TOTAL_SCALARS,656,,"per-step: main.f90:780 (predictor, in CHANGE_TIME_STEP_LOOP), main.f90:949 (corrector)"
mass.f90,DENSITY,MASS::DENSITY,mesh_ptr,MESH_TYPE%ADV_FZ,write,2,0:IBAR | 0:JBAR | 0:KBAR | 1:N_TOTAL_SCALARS,"468,656",,"per-step: main.f90:780 (predictor, in CHANGE_TIME_STEP_LOOP), main.f90:949 (corrector)"
mass.f90,DENSITY,MASS::DENSITY,mesh_ptr,MESH_TYPE%BOUNDARY_COORD,ptr_target,2,{?},"427,599",,"per-step: main.f90:780 (predictor, in CHANGE_TIME_STEP_LOOP), main.f90:949 (corrector)"
mass.f90,DENSITY,MASS::DENSITY,mesh_ptr,MESH_TYPE%CELL%SOLID,read,10,{?},"446,508,530,559,573,623,690,712,741,755",,"per-step: main.f90:780 (predictor, in CHANGE_TIME_STEP_LOOP), main.f90:949 (corrector)"
mass.f90,DENSITY,MASS::DENSITY,mesh_ptr,MESH_TYPE%CELL_INDEX,read,10,1:IBAR | 1:JBAR | 1:KBAR,"446,508,530,559,573,623,690,712,741,755",,"per-step: main.f90:780 (predictor, in CHANGE_TIME_STEP_LOOP), main.f90:949 (corrector)"
mass.f90,DENSITY,MASS::DENSITY,mesh_ptr,MESH_TYPE%DEL_RHO_D_DEL_Z,read,2,1:IBAR{whole} | 1:JBAR | 1:KBAR | 1:N_TOTAL_SCALARS,"412,624",,"per-step: main.f90:780 (predictor, in CHANGE_TIME_STEP_LOOP), main.f90:949 (corrector)"
mass.f90,DENSITY,MASS::DENSITY,mesh_ptr,MESH_TYPE%D_PBAR_DT,read,1,1:N_ZONE,548,,"per-step: main.f90:780 (predictor, in CHANGE_TIME_STEP_LOOP), main.f90:949 (corrector)"
mass.f90,DENSITY,MASS::DENSITY,mesh_ptr,MESH_TYPE%D_PBAR_DT_S,read,1,1:N_ZONE,730,,"per-step: main.f90:780 (predictor, in CHANGE_TIME_STEP_LOOP), main.f90:949 (corrector)"
mass.f90,DENSITY,MASS::DENSITY,mesh_ptr,MESH_TYPE%D_SOURCE,write,1,{whole},644,,"per-step: main.f90:780 (predictor, in CHANGE_TIME_STEP_LOOP), main.f90:949 (corrector)"
mass.f90,DENSITY,MASS::DENSITY,mesh_ptr,MESH_TYPE%EXTERNAL_WALL,ptr_target,1,1:N_EXTERNAL_WALL_CELLS,597,,"per-step: main.f90:780 (predictor, in CHANGE_TIME_STEP_LOOP), main.f90:949 (corrector)"
mass.f90,DENSITY,MASS::DENSITY,mesh_ptr,MESH_TYPE%FX,read,6,0:IBAR | 0:JBAR | 0:KBAR | 1:N_TOTAL_SCALARS,"448,466,625,654",,"per-step: main.f90:780 (predictor, in CHANGE_TIME_STEP_LOOP), main.f90:949 (corrector)"
mass.f90,DENSITY,MASS::DENSITY,mesh_ptr,MESH_TYPE%FY,read,6,0:IBAR | 0:JBAR | 0:KBAR | 1:N_TOTAL_SCALARS,"449,467,626,655",,"per-step: main.f90:780 (predictor, in CHANGE_TIME_STEP_LOOP), main.f90:949 (corrector)"
mass.f90,DENSITY,MASS::DENSITY,mesh_ptr,MESH_TYPE%FZ,read,6,0:IBAR | 0:JBAR | 0:KBAR | 1:N_TOTAL_SCALARS,"450,468,627,656",,"per-step: main.f90:780 (predictor, in CHANGE_TIME_STEP_LOOP), main.f90:949 (corrector)"
mass.f90,DENSITY,MASS::DENSITY,mesh_ptr,MESH_TYPE%IBAR,read,14,,"445,465,486,507,529,558,572,622,653,668,689,711,740,754",,"per-step: main.f90:780 (predictor, in CHANGE_TIME_STEP_LOOP), main.f90:949 (corrector)"
mass.f90,DENSITY,MASS::DENSITY,mesh_ptr,MESH_TYPE%IBP1,read,6,,"477,478,479,640,641",,"per-step: main.f90:780 (predictor, in CHANGE_TIME_STEP_LOOP), main.f90:949 (corrector)"
mass.f90,DENSITY,MASS::DENSITY,mesh_ptr,MESH_TYPE%JBAR,read,14,,"444,464,485,506,528,557,571,621,652,667,688,710,739,753",,"per-step: main.f90:780 (predictor, in CHANGE_TIME_STEP_LOOP), main.f90:949 (corrector)"
mass.f90,DENSITY,MASS::DENSITY,mesh_ptr,MESH_TYPE%JBP1,read,6,,"477,478,479,640,641",,"per-step: main.f90:780 (predictor, in CHANGE_TIME_STEP_LOOP), main.f90:949 (corrector)"
mass.f90,DENSITY,MASS::DENSITY,mesh_ptr,MESH_TYPE%KBAR,read,14,,"443,463,484,505,527,556,570,620,651,666,687,709,738,752",,"per-step: main.f90:780 (predictor, in CHANGE_TIME_STEP_LOOP), main.f90:949 (corrector)"
mass.f90,DENSITY,MASS::DENSITY,mesh_ptr,MESH_TYPE%KBP1,read,6,,"477,478,479,640,641",,"per-step: main.f90:780 (predictor, in CHANGE_TIME_STEP_LOOP), main.f90:949 (corrector)"
mass.f90,DENSITY,MASS::DENSITY,mesh_ptr,MESH_TYPE%M_DOT_PPP,read,2,0:IBAR+1 | 0:JBAR+1 | 0:KBAR+1 | 1:N_TRACKED_SPECIES,"479,641",,"per-step: main.f90:780 (predictor, in CHANGE_TIME_STEP_LOOP), main.f90:949 (corrector)"
mass.f90,DENSITY,MASS::DENSITY,mesh_ptr,MESH_TYPE%M_DOT_PPP,write,1,{whole},643,,"per-step: main.f90:780 (predictor, in CHANGE_TIME_STEP_LOOP), main.f90:949 (corrector)"
mass.f90,DENSITY,MASS::DENSITY,mesh_ptr,MESH_TYPE%N_EXTERNAL_WALL_CELLS,read,2,,"424,595",,"per-step: main.f90:780 (predictor, in CHANGE_TIME_STEP_LOOP), main.f90:949 (corrector)"
mass.f90,DENSITY,MASS::DENSITY,mesh_ptr,MESH_TYPE%PBAR,read,3,1:KBAR{all} | 1:N_ZONE{?},"548,730,756",,"per-step: main.f90:780 (predictor, in CHANGE_TIME_STEP_LOOP), main.f90:949 (corrector)"
mass.f90,DENSITY,MASS::DENSITY,mesh_ptr,MESH_TYPE%PBAR,write,1,{all} | 1:N_ZONE,730,,"per-step: main.f90:780 (predictor, in CHANGE_TIME_STEP_LOOP), main.f90:949 (corrector)"
mass.f90,DENSITY,MASS::DENSITY,mesh_ptr,MESH_TYPE%PBAR_S,read,2,1:KBAR{all} | 1:N_ZONE{?},"574,730",,"per-step: main.f90:780 (predictor, in CHANGE_TIME_STEP_LOOP), main.f90:949 (corrector)"
mass.f90,DENSITY,MASS::DENSITY,mesh_ptr,MESH_TYPE%PBAR_S,write,1,{all} | 1:N_ZONE,548,,"per-step: main.f90:780 (predictor, in CHANGE_TIME_STEP_LOOP), main.f90:949 (corrector)"
mass.f90,DENSITY,MASS::DENSITY,mesh_ptr,MESH_TYPE%PRESSURE_ZONE,read,2,1:IBAR | 1:JBAR | 1:KBAR,"574,756",,"per-step: main.f90:780 (predictor, in CHANGE_TIME_STEP_LOOP), main.f90:949 (corrector)"
mass.f90,DENSITY,MASS::DENSITY,mesh_ptr,MESH_TYPE%R,read,4,0:IBAR,"448,625",,"per-step: main.f90:780 (predictor, in CHANGE_TIME_STEP_LOOP), main.f90:949 (corrector)"
mass.f90,DENSITY,MASS::DENSITY,mesh_ptr,MESH_TYPE%RDX,read,2,1:IBAR,"448,625",,"per-step: main.f90:780 (predictor, in CHANGE_TIME_STEP_LOOP), main.f90:949 (corrector)"
mass.f90,DENSITY,MASS::DENSITY,mesh_ptr,MESH_TYPE%RDY,read,2,1:JBAR,"449,626",,"per-step: main.f90:780 (predictor, in CHANGE_TIME_STEP_LOOP), main.f90:949 (corrector)"
mass.f90,DENSITY,MASS::DENSITY,mesh_ptr,MESH_TYPE%RDZ,read,2,1:KBAR,"450,627",,"per-step: main.f90:780 (predictor, in CHANGE_TIME_STEP_LOOP), main.f90:949 (corrector)"
mass.f90,DENSITY,MASS::DENSITY,mesh_ptr,MESH_TYPE%RHO,read,4,1:IBAR | 1:JBAR | 1:KBAR,"451,628,713,756",,"per-step: main.f90:780 (predictor, in CHANGE_TIME_STEP_LOOP), main.f90:949 (corrector)"
mass.f90,DENSITY,MASS::DENSITY,mesh_ptr,MESH_TYPE%RHO,write,1,1:IBAR | 1:JBAR | 1:KBAR,691,,"per-step: main.f90:780 (predictor, in CHANGE_TIME_STEP_LOOP), main.f90:949 (corrector)"
mass.f90,DENSITY,MASS::DENSITY,mesh_ptr,MESH_TYPE%RHOS,read,3,1:IBAR | 1:JBAR | 1:KBAR,"531,574,628",,"per-step: main.f90:780 (predictor, in CHANGE_TIME_STEP_LOOP), main.f90:949 (corrector)"
mass.f90,DENSITY,MASS::DENSITY,mesh_ptr,MESH_TYPE%RHOS,write,1,1:IBAR | 1:JBAR | 1:KBAR,509,,"per-step: main.f90:780 (predictor, in CHANGE_TIME_STEP_LOOP), main.f90:949 (corrector)"
mass.f90,DENSITY,MASS::DENSITY,mesh_ptr,MESH_TYPE%RRN,read,2,1:IBAR,"448,625",,"per-step: main.f90:780 (predictor, in CHANGE_TIME_STEP_LOOP), main.f90:949 (corrector)"
mass.f90,DENSITY,MASS::DENSITY,mesh_ptr,MESH_TYPE%RSUM,arg,2,1:IBAR | 1:JBAR | 1:KBAR,"561,743",GET_SPECIFIC_GAS_CONSTANT,"per-step: main.f90:780 (predictor, in CHANGE_TIME_STEP_LOOP), main.f90:949 (corrector)"
mass.f90,DENSITY,MASS::DENSITY,mesh_ptr,MESH_TYPE%RSUM,read,2,1:IBAR | 1:JBAR | 1:KBAR,"574,756",,"per-step: main.f90:780 (predictor, in CHANGE_TIME_STEP_LOOP), main.f90:949 (corrector)"
mass.f90,DENSITY,MASS::DENSITY,mesh_ptr,MESH_TYPE%SWORK4,ptr_target,1,{whole},402,,"per-step: main.f90:780 (predictor, in CHANGE_TIME_STEP_LOOP), main.f90:949 (corrector)"
mass.f90,DENSITY,MASS::DENSITY,mesh_ptr,MESH_TYPE%TMP,write,2,1:IBAR | 1:JBAR | 1:KBAR,"574,756",,"per-step: main.f90:780 (predictor, in CHANGE_TIME_STEP_LOOP), main.f90:949 (corrector)"
mass.f90,DENSITY,MASS::DENSITY,mesh_ptr,MESH_TYPE%U,read,1,{whole},417,,"per-step: main.f90:780 (predictor, in CHANGE_TIME_STEP_LOOP), main.f90:949 (corrector)"
mass.f90,DENSITY,MASS::DENSITY,mesh_ptr,MESH_TYPE%US,read,1,{whole},588,,"per-step: main.f90:780 (predictor, in CHANGE_TIME_STEP_LOOP), main.f90:949 (corrector)"
mass.f90,DENSITY,MASS::DENSITY,mesh_ptr,MESH_TYPE%UVW_SAVE,read,12,1:N_EXTERNAL_WALL_CELLS,"429,430,431,432,433,434,601,602,603,604,605,606",,"per-step: main.f90:780 (predictor, in CHANGE_TIME_STEP_LOOP), main.f90:949 (corrector)"
mass.f90,DENSITY,MASS::DENSITY,mesh_ptr,MESH_TYPE%V,read,1,{whole},418,,"per-step: main.f90:780 (predictor, in CHANGE_TIME_STEP_LOOP), main.f90:949 (corrector)"
mass.f90,DENSITY,MASS::DENSITY,mesh_ptr,MESH_TYPE%VS,read,1,{whole},589,,"per-step: main.f90:780 (predictor, in CHANGE_TIME_STEP_LOOP), main.f90:949 (corrector)"
mass.f90,DENSITY,MASS::DENSITY,mesh_ptr,MESH_TYPE%W,read,1,{whole},419,,"per-step: main.f90:780 (predictor, in CHANGE_TIME_STEP_LOOP), main.f90:949 (corrector)"
mass.f90,DENSITY,MASS::DENSITY,mesh_ptr,MESH_TYPE%WALL,ptr_target,2,1:N_EXTERNAL_WALL_CELLS,"425,596",,"per-step: main.f90:780 (predictor, in CHANGE_TIME_STEP_LOOP), main.f90:949 (corrector)"
mass.f90,DENSITY,MASS::DENSITY,mesh_ptr,MESH_TYPE%WORK_U,ptr_target,1,{whole},399,,"per-step: main.f90:780 (predictor, in CHANGE_TIME_STEP_LOOP), main.f90:949 (corrector)"
mass.f90,DENSITY,MASS::DENSITY,mesh_ptr,MESH_TYPE%WORK_V,ptr_target,1,{whole},400,,"per-step: main.f90:780 (predictor, in CHANGE_TIME_STEP_LOOP), main.f90:949 (corrector)"
mass.f90,DENSITY,MASS::DENSITY,mesh_ptr,MESH_TYPE%WORK_W,ptr_target,1,{whole},401,,"per-step: main.f90:780 (predictor, in CHANGE_TIME_STEP_LOOP), main.f90:949 (corrector)"
mass.f90,DENSITY,MASS::DENSITY,mesh_ptr,MESH_TYPE%WS,read,1,{whole},590,,"per-step: main.f90:780 (predictor, in CHANGE_TIME_STEP_LOOP), main.f90:949 (corrector)"
mass.f90,DENSITY,MASS::DENSITY,mesh_ptr,MESH_TYPE%XC,read,2,1:IBAR,"488,670",,"per-step: main.f90:780 (predictor, in CHANGE_TIME_STEP_LOOP), main.f90:949 (corrector)"
mass.f90,DENSITY,MASS::DENSITY,mesh_ptr,MESH_TYPE%ZC,read,2,1:KBAR,"489,671",,"per-step: main.f90:780 (predictor, in CHANGE_TIME_STEP_LOOP), main.f90:949 (corrector)"
mass.f90,DENSITY,MASS::DENSITY,mesh_ptr,MESH_TYPE%ZZ,read,8,"0:IBAR+1 | 0:JBAR+1 | 0:KBAR+1 | 1:N_TOTAL_SCALARS{1,2,N_TRACKED_SPECIES}","451,628,640,673,674,691,713,742",,"per-step: main.f90:780 (predictor, in CHANGE_TIME_STEP_LOOP), main.f90:949 (corrector)"
mass.f90,DENSITY,MASS::DENSITY,mesh_ptr,MESH_TYPE%ZZ,write,5,"0:IBAR+1 | 0:JBAR+1 | 0:KBAR+1 | 1:N_TOTAL_SCALARS{1,2,N_TRACKED_SPECIES}","628,640,673,674,713",,"per-step: main.f90:780 (predictor, in CHANGE_TIME_STEP_LOOP), main.f90:949 (corrector)"
mass.f90,DENSITY,MASS::DENSITY,mesh_ptr,MESH_TYPE%ZZS,read,7,"0:IBAR+1 | 0:JBAR+1 | 0:KBAR+1 | 1:N_TRACKED_SPECIES{1,2,N_TOTAL_SCALARS}","478,491,492,509,531,560,628",,"per-step: main.f90:780 (predictor, in CHANGE_TIME_STEP_LOOP), main.f90:949 (corrector)"
mass.f90,DENSITY,MASS::DENSITY,mesh_ptr,MESH_TYPE%ZZS,write,5,"0:IBAR+1 | 0:JBAR+1 | 0:KBAR+1 | 1:N_TOTAL_SCALARS{1,2,N_TRACKED_SPECIES}","451,477,491,492,531",,"per-step: main.f90:780 (predictor, in CHANGE_TIME_STEP_LOOP), main.f90:949 (corrector)"
mass.f90,DENSITY,MASS::DENSITY,mesh_direct,MESH_TYPE%M_DOT_PPP  (via MESHES),inquiry:ALLOCATED,2,{whole},"477,639",,"per-step: main.f90:780 (predictor, in CHANGE_TIME_STEP_LOOP), main.f90:949 (corrector)"
mass.f90,DENSITY,MASS::DENSITY,nested,BOUNDARY_COORD_TYPE%IIG,read,12,,"429,430,431,432,433,434,601,602,603,604,605,606",,"per-step: main.f90:780 (predictor, in CHANGE_TIME_STEP_LOOP), main.f90:949 (corrector)"
mass.f90,DENSITY,MASS::DENSITY,nested,BOUNDARY_COORD_TYPE%IOR,read,2,,"428,600",,"per-step: main.f90:780 (predictor, in CHANGE_TIME_STEP_LOOP), main.f90:949 (corrector)"
mass.f90,DENSITY,MASS::DENSITY,nested,BOUNDARY_COORD_TYPE%JJG,read,12,,"429,430,431,432,433,434,601,602,603,604,605,606",,"per-step: main.f90:780 (predictor, in CHANGE_TIME_STEP_LOOP), main.f90:949 (corrector)"
mass.f90,DENSITY,MASS::DENSITY,nested,BOUNDARY_COORD_TYPE%KKG,read,12,,"429,430,431,432,433,434,601,602,603,604,605,606",,"per-step: main.f90:780 (predictor, in CHANGE_TIME_STEP_LOOP), main.f90:949 (corrector)"
mass.f90,DENSITY,MASS::DENSITY,nested,EXTERNAL_WALL_TYPE%BOUNDARY_TYPE_PREVIOUS,read,1,,598,,"per-step: main.f90:780 (predictor, in CHANGE_TIME_STEP_LOOP), main.f90:949 (corrector)"
mass.f90,DENSITY,MASS::DENSITY,nested,WALL_TYPE%BC_INDEX,ptr_target,2,,"427,599",,"per-step: main.f90:780 (predictor, in CHANGE_TIME_STEP_LOOP), main.f90:949 (corrector)"
mass.f90,DENSITY,MASS::DENSITY,nested,WALL_TYPE%BOUNDARY_TYPE,read,1,,426,,"per-step: main.f90:780 (predictor, in CHANGE_TIME_STEP_LOOP), main.f90:949 (corrector)"
mass.f90,DENSITY,MASS::DENSITY,module_global,GLOBAL_CONSTANTS::CC_IBM,read,3,,"460,642,648",,"per-step: main.f90:780 (predictor, in CHANGE_TIME_STEP_LOOP), main.f90:949 (corrector)"
mass.f90,DENSITY,MASS::DENSITY,module_global,GLOBAL_CONSTANTS::FIRST_PASS,read,1,,408,,"per-step: main.f90:780 (predictor, in CHANGE_TIME_STEP_LOOP), main.f90:949 (corrector)"
mass.f90,DENSITY,MASS::DENSITY,module_global,GLOBAL_CONSTANTS::GRAVITATIONAL_SETTLING,read,2,,"411,612",,"per-step: main.f90:780 (predictor, in CHANGE_TIME_STEP_LOOP), main.f90:949 (corrector)"
mass.f90,DENSITY,MASS::DENSITY,module_global,GLOBAL_CONSTANTS::ICYC,read,1,,390,,"per-step: main.f90:780 (predictor, in CHANGE_TIME_STEP_LOOP), main.f90:949 (corrector)"
mass.f90,DENSITY,MASS::DENSITY,module_global,GLOBAL_CONSTANTS::INTERPOLATED_BOUNDARY,read,2,,"426,598",,"per-step: main.f90:780 (predictor, in CHANGE_TIME_STEP_LOOP), main.f90:949 (corrector)"
mass.f90,DENSITY,MASS::DENSITY,module_global,GLOBAL_CONSTANTS::N_TOTAL_SCALARS,read,10,,"442,462,522,531,619,650,704,713",,"per-step: main.f90:780 (predictor, in CHANGE_TIME_STEP_LOOP), main.f90:949 (corrector)"
mass.f90,DENSITY,MASS::DENSITY,module_global,GLOBAL_CONSTANTS::N_TRACKED_SPECIES,read,12,,"477,478,479,509,560,640,641,691,742",,"per-step: main.f90:780 (predictor, in CHANGE_TIME_STEP_LOOP), main.f90:949 (corrector)"
mass.f90,DENSITY,MASS::DENSITY,module_global,GLOBAL_CONSTANTS::N_ZONE,read,2,,"547,729",,"per-step: main.f90:780 (predictor, in CHANGE_TIME_STEP_LOOP), main.f90:949 (corrector)"
mass.f90,DENSITY,MASS::DENSITY,module_global,GLOBAL_CONSTANTS::PERIODIC_TEST,read,9,,"388,483,496,665,678",,"per-step: main.f90:780 (predictor, in CHANGE_TIME_STEP_LOOP), main.f90:949 (corrector)"
mass.f90,DENSITY,MASS::DENSITY,module_global,GLOBAL_CONSTANTS::PREDICTOR,read,1,,404,,"per-step: main.f90:780 (predictor, in CHANGE_TIME_STEP_LOOP), main.f90:949 (corrector)"
mass.f90,DENSITY,MASS::DENSITY,module_global,GLOBAL_CONSTANTS::SOLID_PHASE_ONLY,read,1,,383,,"per-step: main.f90:780 (predictor, in CHANGE_TIME_STEP_LOOP), main.f90:949 (corrector)"
mass.f90,DENSITY,MASS::DENSITY,module_global,GLOBAL_CONSTANTS::STORE_SPECIES_FLUX,read,2,,"461,649",,"per-step: main.f90:780 (predictor, in CHANGE_TIME_STEP_LOOP), main.f90:949 (corrector)"
mass.f90,DENSITY,MASS::DENSITY,module_global,GLOBAL_CONSTANTS::THERMOPHORETIC_SETTLING,read,2,,"411,612",,"per-step: main.f90:780 (predictor, in CHANGE_TIME_STEP_LOOP), main.f90:949 (corrector)"
mass.f90,DENSITY,MASS::DENSITY,module_global,GLOBAL_CONSTANTS::T_USED,read,1,3:3,768,,"per-step: main.f90:780 (predictor, in CHANGE_TIME_STEP_LOOP), main.f90:949 (corrector)"
mass.f90,DENSITY,MASS::DENSITY,module_global,GLOBAL_CONSTANTS::T_USED,write,1,3:3,768,,"per-step: main.f90:780 (predictor, in CHANGE_TIME_STEP_LOOP), main.f90:949 (corrector)"
mass.f90,DENSITY,MASS::DENSITY,module_global,MANUFACTURED_SOLUTIONS::UF_MMS,read,2,,"488,670",,"per-step: main.f90:780 (predictor, in CHANGE_TIME_STEP_LOOP), main.f90:949 (corrector)"
mass.f90,DENSITY,MASS::DENSITY,module_global,MANUFACTURED_SOLUTIONS::WF_MMS,read,2,,"489,671",,"per-step: main.f90:780 (predictor, in CHANGE_TIME_STEP_LOOP), main.f90:949 (corrector)"
mass.f90,DENSITY,MASS::DENSITY,module_global,TYPES::SPECIES_MIXTURE%DEPOSITING,read,2,{whole},"411,612",,"per-step: main.f90:780 (predictor, in CHANGE_TIME_STEP_LOOP), main.f90:949 (corrector)"
mass.f90,DENSITY,MASS::DENSITY,dummy,DENSITY:DT,arg,2,,"497,679",ROTATED_CUBE_RHS_ZZ,"per-step: main.f90:780 (predictor, in CHANGE_TIME_STEP_LOOP), main.f90:949 (corrector)"
mass.f90,DENSITY,MASS::DENSITY,dummy,DENSITY:DT,read,10,,"451,479,491,492,548,628,641,673,674,730",,"per-step: main.f90:780 (predictor, in CHANGE_TIME_STEP_LOOP), main.f90:949 (corrector)"
mass.f90,DENSITY,MASS::DENSITY,dummy,DENSITY:NM,arg,3,,"397,497,679","POINT_TO_MESH,ROTATED_CUBE_RHS_ZZ","per-step: main.f90:780 (predictor, in CHANGE_TIME_STEP_LOOP), main.f90:949 (corrector)"
mass.f90,DENSITY,MASS::DENSITY,dummy,DENSITY:NM,read,6,,"411,460,477,612,639,648",,"per-step: main.f90:780 (predictor, in CHANGE_TIME_STEP_LOOP), main.f90:949 (corrector)"
mass.f90,DENSITY,MASS::DENSITY,dummy,DENSITY:T,arg,2,,"497,679",ROTATED_CUBE_RHS_ZZ,"per-step: main.f90:780 (predictor, in CHANGE_TIME_STEP_LOOP), main.f90:949 (corrector)"
mass.f90,DENSITY,MASS::DENSITY,dummy,DENSITY:T,read,6,,"488,489,490,670,671,672",,"per-step: main.f90:780 (predictor, in CHANGE_TIME_STEP_LOOP), main.f90:949 (corrector)"
mass.f90,DENSITY,MASS::DENSITY,local_alias,DEL_RHO_D_DEL_Z__0=>SWORK4,read,1,1:IBAR | 1:JBAR | 1:KBAR | 1:N_TOTAL_SCALARS,447,,"per-step: main.f90:780 (predictor, in CHANGE_TIME_STEP_LOOP), main.f90:949 (corrector)"
mass.f90,DENSITY,MASS::DENSITY,local_alias,DEL_RHO_D_DEL_Z__0=>SWORK4,write,1,{whole},412,,"per-step: main.f90:780 (predictor, in CHANGE_TIME_STEP_LOOP), main.f90:949 (corrector)"
mass.f90,DENSITY,MASS::DENSITY,local_alias,UU=>WORK_U,read,8,0:IBAR{whole} | 0:JBAR | 0:KBAR,"448,460,466,625,648,654",,"per-step: main.f90:780 (predictor, in CHANGE_TIME_STEP_LOOP), main.f90:949 (corrector)"
mass.f90,DENSITY,MASS::DENSITY,local_alias,UU=>WORK_U,write,6,"{wall:BC%IIG,wall:BC%IIG-1,whole} | {wall:BC%JJG} | {wall:BC%KKG}","417,429,430,588,601,602",,"per-step: main.f90:780 (predictor, in CHANGE_TIME_STEP_LOOP), main.f90:949 (corrector)"
mass.f90,DENSITY,MASS::DENSITY,local_alias,VV=>WORK_V,read,8,0:IBAR{whole} | 0:JBAR | 0:KBAR,"449,460,467,626,648,655",,"per-step: main.f90:780 (predictor, in CHANGE_TIME_STEP_LOOP), main.f90:949 (corrector)"
mass.f90,DENSITY,MASS::DENSITY,local_alias,VV=>WORK_V,write,6,"{wall:BC%IIG,whole} | {wall:BC%JJG,wall:BC%JJG-1} | {wall:BC%KKG}","418,431,432,589,603,604",,"per-step: main.f90:780 (predictor, in CHANGE_TIME_STEP_LOOP), main.f90:949 (corrector)"
mass.f90,DENSITY,MASS::DENSITY,local_alias,WW=>WORK_W,read,8,0:IBAR{whole} | 0:JBAR | 0:KBAR,"450,460,468,627,648,656",,"per-step: main.f90:780 (predictor, in CHANGE_TIME_STEP_LOOP), main.f90:949 (corrector)"
mass.f90,DENSITY,MASS::DENSITY,local_alias,WW=>WORK_W,write,6,"{wall:BC%IIG,whole} | {wall:BC%JJG} | {wall:BC%KKG,wall:BC%KKG-1}","419,433,434,590,605,606",,"per-step: main.f90:780 (predictor, in CHANGE_TIME_STEP_LOOP), main.f90:949 (corrector)"
mass.f90,CHECK_MASS_DENSITY,MASS::DENSITY::CHECK_MASS_DENSITY,mesh_ptr,MESH_TYPE%CELL%SOLID,read,3,"{?,idx:IC}","811,885,950",,"called mass.f90:518, 700"
mass.f90,CHECK_MASS_DENSITY,MASS::DENSITY::CHECK_MASS_DENSITY,mesh_ptr,MESH_TYPE%CELL%WALL_INDEX,read,12,-3:3,"831,832,833,834,835,836,907,908,909,910,911,912",,"called mass.f90:518, 700"
mass.f90,CHECK_MASS_DENSITY,MASS::DENSITY::CHECK_MASS_DENSITY,mesh_ptr,MESH_TYPE%CELL_INDEX,read,3,1:IBAR | 1:JBAR | 1:KBAR,"810,884,950",,"called mass.f90:518, 700"
mass.f90,CHECK_MASS_DENSITY,MASS::DENSITY::CHECK_MASS_DENSITY,mesh_ptr,MESH_TYPE%CLIP_RHOMAX,read,3,,"853,859,943",,"called mass.f90:518, 700"
mass.f90,CHECK_MASS_DENSITY,MASS::DENSITY::CHECK_MASS_DENSITY,mesh_ptr,MESH_TYPE%CLIP_RHOMAX,write,2,,"787,819",,"called mass.f90:518, 700"
mass.f90,CHECK_MASS_DENSITY,MASS::DENSITY::CHECK_MASS_DENSITY,mesh_ptr,MESH_TYPE%CLIP_RHOMIN,read,3,,"853,859,943",,"called mass.f90:518, 700"
mass.f90,CHECK_MASS_DENSITY,MASS::DENSITY::CHECK_MASS_DENSITY,mesh_ptr,MESH_TYPE%CLIP_RHOMIN,write,2,,"786,815",,"called mass.f90:518, 700"
mass.f90,CHECK_MASS_DENSITY,MASS::DENSITY::CHECK_MASS_DENSITY,mesh_ptr,MESH_TYPE%DX,read,14,0:IBAR+1,"822,823,824,825,826,827,828,898,899,900,901,902,903,904",,"called mass.f90:518, 700"
mass.f90,CHECK_MASS_DENSITY,MASS::DENSITY::CHECK_MASS_DENSITY,mesh_ptr,MESH_TYPE%DY,read,10,0:JBAR+1,"801,804,805,806,807,875,878,879,880,881",,"called mass.f90:518, 700"
mass.f90,CHECK_MASS_DENSITY,MASS::DENSITY::CHECK_MASS_DENSITY,mesh_ptr,MESH_TYPE%DZ,read,10,0:KBAR+1,"801,804,805,806,807,875,878,879,880,881",,"called mass.f90:518, 700"
mass.f90,CHECK_MASS_DENSITY,MASS::DENSITY::CHECK_MASS_DENSITY,mesh_ptr,MESH_TYPE%IBAR,read,9,,"808,854,859,882,933,949",,"called mass.f90:518, 700"
mass.f90,CHECK_MASS_DENSITY,MASS::DENSITY::CHECK_MASS_DENSITY,mesh_ptr,MESH_TYPE%JBAR,read,9,,"800,854,859,874,932,948",,"called mass.f90:518, 700"
mass.f90,CHECK_MASS_DENSITY,MASS::DENSITY::CHECK_MASS_DENSITY,mesh_ptr,MESH_TYPE%KBAR,read,9,,"799,854,859,873,931,947",,"called mass.f90:518, 700"
mass.f90,CHECK_MASS_DENSITY,MASS::DENSITY::CHECK_MASS_DENSITY,mesh_ptr,MESH_TYPE%RHO,ptr_target,1,{whole},794,,"called mass.f90:518, 700"
mass.f90,CHECK_MASS_DENSITY,MASS::DENSITY::CHECK_MASS_DENSITY,mesh_ptr,MESH_TYPE%RHOS,ptr_target,1,{whole},791,,"called mass.f90:518, 700"
mass.f90,CHECK_MASS_DENSITY,MASS::DENSITY::CHECK_MASS_DENSITY,mesh_ptr,MESH_TYPE%WORK4,ptr_target,1,{whole},784,,"called mass.f90:518, 700"
mass.f90,CHECK_MASS_DENSITY,MASS::DENSITY::CHECK_MASS_DENSITY,mesh_ptr,MESH_TYPE%WORK5,ptr_target,1,{whole},870,,"called mass.f90:518, 700"
mass.f90,CHECK_MASS_DENSITY,MASS::DENSITY::CHECK_MASS_DENSITY,mesh_ptr,MESH_TYPE%ZZ,ptr_target,1,{whole},793,,"called mass.f90:518, 700"
mass.f90,CHECK_MASS_DENSITY,MASS::DENSITY::CHECK_MASS_DENSITY,mesh_ptr,MESH_TYPE%ZZS,ptr_target,1,{whole},790,,"called mass.f90:518, 700"
mass.f90,CHECK_MASS_DENSITY,MASS::DENSITY::CHECK_MASS_DENSITY,module_global,GLOBAL_CONSTANTS::N_TRACKED_SPECIES,read,6,,"858,868,951,952,955",,"called mass.f90:518, 700"
mass.f90,CHECK_MASS_DENSITY,MASS::DENSITY::CHECK_MASS_DENSITY,module_global,GLOBAL_CONSTANTS::PREDICTOR,read,1,,789,,"called mass.f90:518, 700"
mass.f90,CHECK_MASS_DENSITY,MASS::DENSITY::CHECK_MASS_DENSITY,module_global,GLOBAL_CONSTANTS::RHOMAX,read,9,,"809,817,831,832,833,834,835,836,854",,"called mass.f90:518, 700"
mass.f90,CHECK_MASS_DENSITY,MASS::DENSITY::CHECK_MASS_DENSITY,module_global,GLOBAL_CONSTANTS::RHOMIN,read,10,,"809,812,813,831,832,833,834,835,836,854",,"called mass.f90:518, 700"
mass.f90,CHECK_MASS_DENSITY,MASS::DENSITY::CHECK_MASS_DENSITY,module_global,PRECISION_PARAMETERS::TWO_EPSILON_EB,read,2,,"838,914",,"called mass.f90:518, 700"
mass.f90,CHECK_MASS_DENSITY,MASS::DENSITY::CHECK_MASS_DENSITY,local_alias,DELTA_RHO=>WORK4,read,8,0:IBAR+1 | 0:JBAR+1 | 0:KBAR+1,"840,841,842,843,844,845,846,854",,"called mass.f90:518, 700"
mass.f90,CHECK_MASS_DENSITY,MASS::DENSITY::CHECK_MASS_DENSITY,local_alias,DELTA_RHO=>WORK4,write,8,0:IBAR+1{whole} | 0:JBAR+1 | 0:KBAR+1,"785,840,841,842,843,844,845,846",,"called mass.f90:518, 700"
mass.f90,CHECK_MASS_DENSITY,MASS::DENSITY::CHECK_MASS_DENSITY,local_alias,DELTA_RHO_ZZ=>WORK5,read,8,0:IBAR+1 | 0:JBAR+1 | 0:KBAR+1,"916,917,918,919,920,921,922,934",,"called mass.f90:518, 700"
mass.f90,CHECK_MASS_DENSITY,MASS::DENSITY::CHECK_MASS_DENSITY,local_alias,DELTA_RHO_ZZ=>WORK5,write,8,0:IBAR+1{whole} | 0:JBAR+1 | 0:KBAR+1,"871,916,917,918,919,920,921,922",,"called mass.f90:518, 700"
mass.f90,CHECK_MASS_DENSITY,MASS::DENSITY::CHECK_MASS_DENSITY,local_alias,RHOP=>RHO|RHOS,read,17,0:IBAR+1 | 0:JBAR+1 | 0:KBAR+1,"809,812,830,831,832,833,834,835,836,854,859,887,934,953,954,955",,"called mass.f90:518, 700"
mass.f90,CHECK_MASS_DENSITY,MASS::DENSITY::CHECK_MASS_DENSITY,local_alias,RHOP=>RHO|RHOS,write,1,1:IBAR | 1:JBAR | 1:KBAR,854,,"called mass.f90:518, 700"
mass.f90,CHECK_MASS_DENSITY,MASS::DENSITY::CHECK_MASS_DENSITY,local_alias,RHO_ZZ=>ZZ|ZZS,read,15,0:IBAR+1 | 0:JBAR+1 | 0:KBAR+1 | 1:N_TRACKED_SPECIES{idx:N},"888,890,906,907,908,909,910,911,912,934,951,952,953,955",,"called mass.f90:518, 700"
mass.f90,CHECK_MASS_DENSITY,MASS::DENSITY::CHECK_MASS_DENSITY,local_alias,RHO_ZZ=>ZZ|ZZS,write,4,"1:IBAR | 1:JBAR | 1:KBAR | 1:1{N_TRACKED_SPECIES,idx:N}","859,934,955,957",,"called mass.f90:518, 700"
mass.f90,CLIP_PASSIVE_SCALARS,MASS::DENSITY::CLIP_PASSIVE_SCALARS,mesh_ptr,MESH_TYPE%CELL%SOLID,read,1,{?},983,,"called mass.f90:540, 722"
mass.f90,CLIP_PASSIVE_SCALARS,MASS::DENSITY::CLIP_PASSIVE_SCALARS,mesh_ptr,MESH_TYPE%CELL_INDEX,read,1,1:IBAR | 1:JBAR | 1:KBAR,983,,"called mass.f90:540, 722"
mass.f90,CLIP_PASSIVE_SCALARS,MASS::DENSITY::CLIP_PASSIVE_SCALARS,mesh_ptr,MESH_TYPE%IBAR,read,1,,982,,"called mass.f90:540, 722"
mass.f90,CLIP_PASSIVE_SCALARS,MASS::DENSITY::CLIP_PASSIVE_SCALARS,mesh_ptr,MESH_TYPE%JBAR,read,1,,981,,"called mass.f90:540, 722"
mass.f90,CLIP_PASSIVE_SCALARS,MASS::DENSITY::CLIP_PASSIVE_SCALARS,mesh_ptr,MESH_TYPE%KBAR,read,1,,980,,"called mass.f90:540, 722"
mass.f90,CLIP_PASSIVE_SCALARS,MASS::DENSITY::CLIP_PASSIVE_SCALARS,mesh_ptr,MESH_TYPE%ZZ,ptr_target,1,{whole},977,,"called mass.f90:540, 722"
mass.f90,CLIP_PASSIVE_SCALARS,MASS::DENSITY::CLIP_PASSIVE_SCALARS,mesh_ptr,MESH_TYPE%ZZS,ptr_target,1,{whole},975,,"called mass.f90:540, 722"
mass.f90,CLIP_PASSIVE_SCALARS,MASS::DENSITY::CLIP_PASSIVE_SCALARS,module_global,GLOBAL_CONSTANTS::N_PASSIVE_SCALARS,read,1,,972,,"called mass.f90:540, 722"
mass.f90,CLIP_PASSIVE_SCALARS,MASS::DENSITY::CLIP_PASSIVE_SCALARS,module_global,GLOBAL_CONSTANTS::PREDICTOR,read,1,,974,,"called mass.f90:540, 722"
mass.f90,CLIP_PASSIVE_SCALARS,MASS::DENSITY::CLIP_PASSIVE_SCALARS,module_global,GLOBAL_CONSTANTS::ZETA_INDEX,read,2,,984,,"called mass.f90:540, 722"
mass.f90,CLIP_PASSIVE_SCALARS,MASS::DENSITY::CLIP_PASSIVE_SCALARS,local_alias,ZZP=>ZZ|ZZS,read,1,1:IBAR | 1:JBAR | 1:KBAR | {idx:ZETA_INDEX},984,,"called mass.f90:540, 722"
mass.f90,CLIP_PASSIVE_SCALARS,MASS::DENSITY::CLIP_PASSIVE_SCALARS,local_alias,ZZP=>ZZ|ZZS,write,1,1:IBAR | 1:JBAR | 1:KBAR | {idx:ZETA_INDEX},984,,"called mass.f90:540, 722"
mass.f90,MASS_FINITE_DIFFERENCES,MASS::MASS_FINITE_DIFFERENCES,mesh_ptr,MESH_TYPE%BOUNDARY_COORD,ptr_target,2,{?},"96,227",,"per-step: main.f90:767 (predictor), main.f90:948 (corrector)"
mass.f90,MASS_FINITE_DIFFERENCES,MASS::MASS_FINITE_DIFFERENCES,mesh_ptr,MESH_TYPE%BOUNDARY_PROP1,ptr_target,2,{?},"97,228",,"per-step: main.f90:767 (predictor), main.f90:948 (corrector)"
mass.f90,MASS_FINITE_DIFFERENCES,MASS::MASS_FINITE_DIFFERENCES,mesh_ptr,MESH_TYPE%CELL%EXTERIOR,read,2,{idx:IC},"108,239",,"per-step: main.f90:767 (predictor), main.f90:948 (corrector)"
mass.f90,MASS_FINITE_DIFFERENCES,MASS::MASS_FINITE_DIFFERENCES,mesh_ptr,MESH_TYPE%CELL%SOLID,read,2,{idx:IC},"108,239",,"per-step: main.f90:767 (predictor), main.f90:948 (corrector)"
mass.f90,MASS_FINITE_DIFFERENCES,MASS::MASS_FINITE_DIFFERENCES,mesh_ptr,MESH_TYPE%CELL%WALL_INDEX,read,12,-3:3,"140,150,157,164,171,178,272,282,289,296,303,310",,"per-step: main.f90:767 (predictor), main.f90:948 (corrector)"
mass.f90,MASS_FINITE_DIFFERENCES,MASS::MASS_FINITE_DIFFERENCES,mesh_ptr,MESH_TYPE%CELL_INDEX,read,14,"{wall:II,wall:II+1,wall:II-1} | {wall:JJ,wall:JJ+1,wall:JJ-1} | {wall:KK,wall:KK+1,wall:KK-1}","106,140,150,157,164,171,178,237,272,282,289,296,303,310",,"per-step: main.f90:767 (predictor), main.f90:948 (corrector)"
mass.f90,MASS_FINITE_DIFFERENCES,MASS::MASS_FINITE_DIFFERENCES,mesh_ptr,MESH_TYPE%DT_RESTRICT_COUNT,write,1,,61,,"per-step: main.f90:767 (predictor), main.f90:948 (corrector)"
mass.f90,MASS_FINITE_DIFFERENCES,MASS::MASS_FINITE_DIFFERENCES,mesh_ptr,MESH_TYPE%FX,ptr_target,2,{all} | {all} | {all} | 0:N_TOTAL_SCALARS{0},"81,212",,"per-step: main.f90:767 (predictor), main.f90:948 (corrector)"
mass.f90,MASS_FINITE_DIFFERENCES,MASS::MASS_FINITE_DIFFERENCES,mesh_ptr,MESH_TYPE%FX,read,4,"0:IBAR | 0:JBAR | 0:KBAR | 0:N_TRACKED_SPECIES{0,?}","331,333,334,335",,"per-step: main.f90:767 (predictor), main.f90:948 (corrector)"
mass.f90,MASS_FINITE_DIFFERENCES,MASS::MASS_FINITE_DIFFERENCES,mesh_ptr,MESH_TYPE%FX,write,13,"0:IBAR{wall:II+1,wall:II-2,wall:IIG,wall:IIG-1} | 0:JBAR{wall:JJ,wall:JJG} | 0:KBAR{wall:KK,wall:KKG} | 0:N_TOTAL_SCALARS{0,idx:N}","111,112,121,122,144,154,241,242,253,254,276,286,333",,"per-step: main.f90:767 (predictor), main.f90:948 (corrector)"
mass.f90,MASS_FINITE_DIFFERENCES,MASS::MASS_FINITE_DIFFERENCES,mesh_ptr,MESH_TYPE%FY,ptr_target,2,{all} | {all} | {all} | 0:N_TOTAL_SCALARS{0},"82,213",,"per-step: main.f90:767 (predictor), main.f90:948 (corrector)"
mass.f90,MASS_FINITE_DIFFERENCES,MASS::MASS_FINITE_DIFFERENCES,mesh_ptr,MESH_TYPE%FY,read,4,"0:IBAR | 0:JBAR | 0:KBAR | 0:N_TRACKED_SPECIES{0,?}","337,339,340,341",,"per-step: main.f90:767 (predictor), main.f90:948 (corrector)"
mass.f90,MASS_FINITE_DIFFERENCES,MASS::MASS_FINITE_DIFFERENCES,mesh_ptr,MESH_TYPE%FY,write,13,"0:IBAR{wall:II,wall:IIG} | 0:JBAR{wall:JJ+1,wall:JJ-2,wall:JJG,wall:JJG-1} | 0:KBAR{wall:KK,wall:KKG} | 0:N_TOTAL_SCALARS{0,idx:N}","113,114,123,124,161,168,243,244,255,256,293,300,339",,"per-step: main.f90:767 (predictor), main.f90:948 (corrector)"
mass.f90,MASS_FINITE_DIFFERENCES,MASS::MASS_FINITE_DIFFERENCES,mesh_ptr,MESH_TYPE%FZ,ptr_target,2,{all} | {all} | {all} | 0:N_TOTAL_SCALARS{0},"83,214",,"per-step: main.f90:767 (predictor), main.f90:948 (corrector)"
mass.f90,MASS_FINITE_DIFFERENCES,MASS::MASS_FINITE_DIFFERENCES,mesh_ptr,MESH_TYPE%FZ,read,4,"0:IBAR | 0:JBAR | 0:KBAR | 0:N_TRACKED_SPECIES{0,?}","343,345,346,347",,"per-step: main.f90:767 (predictor), main.f90:948 (corrector)"
mass.f90,MASS_FINITE_DIFFERENCES,MASS::MASS_FINITE_DIFFERENCES,mesh_ptr,MESH_TYPE%FZ,write,13,"0:IBAR{wall:II,wall:IIG} | 0:JBAR{wall:JJ,wall:JJG} | 0:KBAR{wall:KK+1,wall:KK-2,wall:KKG,wall:KKG-1} | 0:N_TOTAL_SCALARS{0,idx:N}","115,116,125,126,175,182,245,246,257,258,307,314,345",,"per-step: main.f90:767 (predictor), main.f90:948 (corrector)"
mass.f90,MASS_FINITE_DIFFERENCES,MASS::MASS_FINITE_DIFFERENCES,mesh_ptr,MESH_TYPE%IBAR,arg,6,,"84,85,86,215,216,217",GET_SCALAR_FACE_VALUE,"per-step: main.f90:767 (predictor), main.f90:948 (corrector)"
mass.f90,MASS_FINITE_DIFFERENCES,MASS::MASS_FINITE_DIFFERENCES,mesh_ptr,MESH_TYPE%IBAR,read,1,,330,,"per-step: main.f90:767 (predictor), main.f90:948 (corrector)"
mass.f90,MASS_FINITE_DIFFERENCES,MASS::MASS_FINITE_DIFFERENCES,mesh_ptr,MESH_TYPE%IBP1,read,2,,"72,203",,"per-step: main.f90:767 (predictor), main.f90:948 (corrector)"
mass.f90,MASS_FINITE_DIFFERENCES,MASS::MASS_FINITE_DIFFERENCES,mesh_ptr,MESH_TYPE%JBAR,arg,6,,"84,85,86,215,216,217",GET_SCALAR_FACE_VALUE,"per-step: main.f90:767 (predictor), main.f90:948 (corrector)"
mass.f90,MASS_FINITE_DIFFERENCES,MASS::MASS_FINITE_DIFFERENCES,mesh_ptr,MESH_TYPE%JBAR,read,1,,329,,"per-step: main.f90:767 (predictor), main.f90:948 (corrector)"
mass.f90,MASS_FINITE_DIFFERENCES,MASS::MASS_FINITE_DIFFERENCES,mesh_ptr,MESH_TYPE%JBP1,read,2,,"71,202",,"per-step: main.f90:767 (predictor), main.f90:948 (corrector)"
mass.f90,MASS_FINITE_DIFFERENCES,MASS::MASS_FINITE_DIFFERENCES,mesh_ptr,MESH_TYPE%KBAR,arg,6,,"84,85,86,215,216,217",GET_SCALAR_FACE_VALUE,"per-step: main.f90:767 (predictor), main.f90:948 (corrector)"
mass.f90,MASS_FINITE_DIFFERENCES,MASS::MASS_FINITE_DIFFERENCES,mesh_ptr,MESH_TYPE%KBAR,read,1,,328,,"per-step: main.f90:767 (predictor), main.f90:948 (corrector)"
mass.f90,MASS_FINITE_DIFFERENCES,MASS::MASS_FINITE_DIFFERENCES,mesh_ptr,MESH_TYPE%KBP1,read,2,,"70,201",,"per-step: main.f90:767 (predictor), main.f90:948 (corrector)"
mass.f90,MASS_FINITE_DIFFERENCES,MASS::MASS_FINITE_DIFFERENCES,mesh_ptr,MESH_TYPE%N_EXTERNAL_WALL_CELLS,read,2,,"93,224",,"per-step: main.f90:767 (predictor), main.f90:948 (corrector)"
mass.f90,MASS_FINITE_DIFFERENCES,MASS::MASS_FINITE_DIFFERENCES,mesh_ptr,MESH_TYPE%N_INTERNAL_WALL_CELLS,read,2,,"93,224",,"per-step: main.f90:767 (predictor), main.f90:948 (corrector)"
mass.f90,MASS_FINITE_DIFFERENCES,MASS::MASS_FINITE_DIFFERENCES,mesh_ptr,MESH_TYPE%RHO,ptr_target,1,{whole},48,,"per-step: main.f90:767 (predictor), main.f90:948 (corrector)"
mass.f90,MASS_FINITE_DIFFERENCES,MASS::MASS_FINITE_DIFFERENCES,mesh_ptr,MESH_TYPE%RHOS,ptr_target,1,{whole},54,,"per-step: main.f90:767 (predictor), main.f90:948 (corrector)"
mass.f90,MASS_FINITE_DIFFERENCES,MASS::MASS_FINITE_DIFFERENCES,mesh_ptr,MESH_TYPE%U,ptr_target,1,{whole},45,,"per-step: main.f90:767 (predictor), main.f90:948 (corrector)"
mass.f90,MASS_FINITE_DIFFERENCES,MASS::MASS_FINITE_DIFFERENCES,mesh_ptr,MESH_TYPE%US,ptr_target,1,{whole},51,,"per-step: main.f90:767 (predictor), main.f90:948 (corrector)"
mass.f90,MASS_FINITE_DIFFERENCES,MASS::MASS_FINITE_DIFFERENCES,mesh_ptr,MESH_TYPE%V,ptr_target,1,{whole},46,,"per-step: main.f90:767 (predictor), main.f90:948 (corrector)"
mass.f90,MASS_FINITE_DIFFERENCES,MASS::MASS_FINITE_DIFFERENCES,mesh_ptr,MESH_TYPE%VS,ptr_target,1,{whole},52,,"per-step: main.f90:767 (predictor), main.f90:948 (corrector)"
mass.f90,MASS_FINITE_DIFFERENCES,MASS::MASS_FINITE_DIFFERENCES,mesh_ptr,MESH_TYPE%W,ptr_target,1,{whole},47,,"per-step: main.f90:767 (predictor), main.f90:948 (corrector)"
mass.f90,MASS_FINITE_DIFFERENCES,MASS::MASS_FINITE_DIFFERENCES,mesh_ptr,MESH_TYPE%WALL,ptr_target,2,{idx:IW},"94,225",,"per-step: main.f90:767 (predictor), main.f90:948 (corrector)"
mass.f90,MASS_FINITE_DIFFERENCES,MASS::MASS_FINITE_DIFFERENCES,mesh_ptr,MESH_TYPE%WORK_PAD,ptr_target,2,{whole},"67,198",,"per-step: main.f90:767 (predictor), main.f90:948 (corrector)"
mass.f90,MASS_FINITE_DIFFERENCES,MASS::MASS_FINITE_DIFFERENCES,mesh_ptr,MESH_TYPE%WS,ptr_target,1,{whole},53,,"per-step: main.f90:767 (predictor), main.f90:948 (corrector)"
mass.f90,MASS_FINITE_DIFFERENCES,MASS::MASS_FINITE_DIFFERENCES,mesh_ptr,MESH_TYPE%ZZ,ptr_target,1,{whole},49,,"per-step: main.f90:767 (predictor), main.f90:948 (corrector)"
mass.f90,MASS_FINITE_DIFFERENCES,MASS::MASS_FINITE_DIFFERENCES,mesh_ptr,MESH_TYPE%ZZS,ptr_target,1,{whole},55,,"per-step: main.f90:767 (predictor), main.f90:948 (corrector)"
mass.f90,MASS_FINITE_DIFFERENCES,MASS::MASS_FINITE_DIFFERENCES,nested,BOUNDARY_COORD_TYPE%II,read,2,,"99,230",,"per-step: main.f90:767 (predictor), main.f90:948 (corrector)"
mass.f90,MASS_FINITE_DIFFERENCES,MASS::MASS_FINITE_DIFFERENCES,nested,BOUNDARY_COORD_TYPE%IIG,read,2,,"102,233",,"per-step: main.f90:767 (predictor), main.f90:948 (corrector)"
mass.f90,MASS_FINITE_DIFFERENCES,MASS::MASS_FINITE_DIFFERENCES,nested,BOUNDARY_COORD_TYPE%IOR,read,2,,"105,236",,"per-step: main.f90:767 (predictor), main.f90:948 (corrector)"
mass.f90,MASS_FINITE_DIFFERENCES,MASS::MASS_FINITE_DIFFERENCES,nested,BOUNDARY_COORD_TYPE%JJ,read,2,,"100,231",,"per-step: main.f90:767 (predictor), main.f90:948 (corrector)"
mass.f90,MASS_FINITE_DIFFERENCES,MASS::MASS_FINITE_DIFFERENCES,nested,BOUNDARY_COORD_TYPE%JJG,read,2,,"103,234",,"per-step: main.f90:767 (predictor), main.f90:948 (corrector)"
mass.f90,MASS_FINITE_DIFFERENCES,MASS::MASS_FINITE_DIFFERENCES,nested,BOUNDARY_COORD_TYPE%KK,read,2,,"101,232",,"per-step: main.f90:767 (predictor), main.f90:948 (corrector)"
mass.f90,MASS_FINITE_DIFFERENCES,MASS::MASS_FINITE_DIFFERENCES,nested,BOUNDARY_COORD_TYPE%KKG,read,2,,"104,235",,"per-step: main.f90:767 (predictor), main.f90:948 (corrector)"
mass.f90,MASS_FINITE_DIFFERENCES,MASS::MASS_FINITE_DIFFERENCES,nested,BOUNDARY_PROP1_TYPE%RHO_F,read,12,,"121,122,123,124,125,126,253,254,255,256,257,258",,"per-step: main.f90:767 (predictor), main.f90:948 (corrector)"
mass.f90,MASS_FINITE_DIFFERENCES,MASS::MASS_FINITE_DIFFERENCES,nested,BOUNDARY_PROP1_TYPE%ZZ_F,read,7,1:N_TOTAL_SCALARS{N_TRACKED_SPECIES},"121,122,123,124,125,126,250",,"per-step: main.f90:767 (predictor), main.f90:948 (corrector)"
mass.f90,MASS_FINITE_DIFFERENCES,MASS::MASS_FINITE_DIFFERENCES,nested,WALL_TYPE%B1_INDEX,ptr_target,2,,"97,228",,"per-step: main.f90:767 (predictor), main.f90:948 (corrector)"
mass.f90,MASS_FINITE_DIFFERENCES,MASS::MASS_FINITE_DIFFERENCES,nested,WALL_TYPE%BC_INDEX,ptr_target,2,,"96,227",,"per-step: main.f90:767 (predictor), main.f90:948 (corrector)"
mass.f90,MASS_FINITE_DIFFERENCES,MASS::MASS_FINITE_DIFFERENCES,nested,WALL_TYPE%BOUNDARY_TYPE,read,10,,"95,108,119,133,226,239,249,265",,"per-step: main.f90:767 (predictor), main.f90:948 (corrector)"
mass.f90,MASS_FINITE_DIFFERENCES,MASS::MASS_FINITE_DIFFERENCES,module_global,GLOBAL_CONSTANTS::FLUX_LIMITER_MW_CORRECTION,read,1,,194,,"per-step: main.f90:767 (predictor), main.f90:948 (corrector)"
mass.f90,MASS_FINITE_DIFFERENCES,MASS::MASS_FINITE_DIFFERENCES,module_global,GLOBAL_CONSTANTS::INTERPOLATED_BOUNDARY,read,4,,"119,133,249,265",,"per-step: main.f90:767 (predictor), main.f90:948 (corrector)"
mass.f90,MASS_FINITE_DIFFERENCES,MASS::MASS_FINITE_DIFFERENCES,module_global,GLOBAL_CONSTANTS::I_FLUX_LIMITER,arg,18,,"84,85,86,143,153,160,167,174,181,215,216,217,275,285,292,299,306,313",GET_SCALAR_FACE_VALUE,"per-step: main.f90:767 (predictor), main.f90:948 (corrector)"
mass.f90,MASS_FINITE_DIFFERENCES,MASS::MASS_FINITE_DIFFERENCES,module_global,GLOBAL_CONSTANTS::NULL_BOUNDARY,read,2,,"95,226",,"per-step: main.f90:767 (predictor), main.f90:948 (corrector)"
mass.f90,MASS_FINITE_DIFFERENCES,MASS::MASS_FINITE_DIFFERENCES,module_global,GLOBAL_CONSTANTS::N_TOTAL_SCALARS,read,1,,65,,"per-step: main.f90:767 (predictor), main.f90:948 (corrector)"
mass.f90,MASS_FINITE_DIFFERENCES,MASS::MASS_FINITE_DIFFERENCES,module_global,GLOBAL_CONSTANTS::N_TRACKED_SPECIES,read,13,,"204,250,331,335,337,341,343,347",,"per-step: main.f90:767 (predictor), main.f90:948 (corrector)"
mass.f90,MASS_FINITE_DIFFERENCES,MASS::MASS_FINITE_DIFFERENCES,module_global,GLOBAL_CONSTANTS::OPEN_BOUNDARY,read,2,,"133,265",,"per-step: main.f90:767 (predictor), main.f90:948 (corrector)"
mass.f90,MASS_FINITE_DIFFERENCES,MASS::MASS_FINITE_DIFFERENCES,module_global,GLOBAL_CONSTANTS::PREDICTOR,read,2,,"44,61",,"per-step: main.f90:767 (predictor), main.f90:948 (corrector)"
mass.f90,MASS_FINITE_DIFFERENCES,MASS::MASS_FINITE_DIFFERENCES,module_global,GLOBAL_CONSTANTS::SOLID_BOUNDARY,read,2,,"108,239",,"per-step: main.f90:767 (predictor), main.f90:948 (corrector)"
mass.f90,MASS_FINITE_DIFFERENCES,MASS::MASS_FINITE_DIFFERENCES,module_global,GLOBAL_CONSTANTS::SOLID_PHASE_ONLY,read,1,,39,,"per-step: main.f90:767 (predictor), main.f90:948 (corrector)"
mass.f90,MASS_FINITE_DIFFERENCES,MASS::MASS_FINITE_DIFFERENCES,module_global,GLOBAL_CONSTANTS::T_USED,read,1,3:3,355,,"per-step: main.f90:767 (predictor), main.f90:948 (corrector)"
mass.f90,MASS_FINITE_DIFFERENCES,MASS::MASS_FINITE_DIFFERENCES,module_global,GLOBAL_CONSTANTS::T_USED,write,1,3:3,355,,"per-step: main.f90:767 (predictor), main.f90:948 (corrector)"
mass.f90,MASS_FINITE_DIFFERENCES,MASS::MASS_FINITE_DIFFERENCES,module_global,TYPES::SPECIES_MIXTURE%MW,read,9,{whole},"332,334,335,338,340,341,344,346,347",,"per-step: main.f90:767 (predictor), main.f90:948 (corrector)"
mass.f90,MASS_FINITE_DIFFERENCES,MASS::MASS_FINITE_DIFFERENCES,dummy,MASS_FINITE_DIFFERENCES:NM,arg,1,,42,POINT_TO_MESH,"per-step: main.f90:767 (predictor), main.f90:948 (corrector)"
mass.f90,MASS_FINITE_DIFFERENCES,MASS::MASS_FINITE_DIFFERENCES,local_alias,FX_P=>FX,arg,2,{whole},"84,215",GET_SCALAR_FACE_VALUE,"per-step: main.f90:767 (predictor), main.f90:948 (corrector)"
mass.f90,MASS_FINITE_DIFFERENCES,MASS::MASS_FINITE_DIFFERENCES,local_alias,FY_P=>FY,arg,2,{whole},"85,216",GET_SCALAR_FACE_VALUE,"per-step: main.f90:767 (predictor), main.f90:948 (corrector)"
mass.f90,MASS_FINITE_DIFFERENCES,MASS::MASS_FINITE_DIFFERENCES,local_alias,FZ_P=>FZ,arg,2,{whole},"86,217",GET_SCALAR_FACE_VALUE,"per-step: main.f90:767 (predictor), main.f90:948 (corrector)"
mass.f90,MASS_FINITE_DIFFERENCES,MASS::MASS_FINITE_DIFFERENCES,local_alias,F_TEMP=>F_WORK,arg,12,{whole},"143,153,160,167,174,181,275,285,292,299,306,313",GET_SCALAR_FACE_VALUE,"per-step: main.f90:767 (predictor), main.f90:948 (corrector)"
mass.f90,MASS_FINITE_DIFFERENCES,MASS::MASS_FINITE_DIFFERENCES,local_alias,F_TEMP=>F_WORK,read,12,1:1 | 1:1 | 1:1,"144,154,161,168,175,182,276,286,293,300,307,314",,"per-step: main.f90:767 (predictor), main.f90:948 (corrector)"
mass.f90,MASS_FINITE_DIFFERENCES,MASS::MASS_FINITE_DIFFERENCES,local_alias,RHOP=>RHO|RHOS,read,2,-1:IBAR+2 | -1:JBAR+2 | -1:KBAR+2,"73,206",,"per-step: main.f90:767 (predictor), main.f90:948 (corrector)"
mass.f90,MASS_FINITE_DIFFERENCES,MASS::MASS_FINITE_DIFFERENCES,local_alias,RHO_RMW=>WORK_PAD,arg,3,{whole},"215,216,217",GET_SCALAR_FACE_VALUE,"per-step: main.f90:767 (predictor), main.f90:948 (corrector)"
mass.f90,MASS_FINITE_DIFFERENCES,MASS::MASS_FINITE_DIFFERENCES,local_alias,RHO_RMW=>WORK_PAD,read,12,"{wall:II,wall:II+1,wall:II+1:II+2,wall:II-1,wall:II-2:II-1} | {wall:JJ,wall:JJ+1,wall:JJ+1:JJ+2,wall:JJ-1,wall:JJ-2:JJ-1} | {wall:KK,wall:KK+1,wall:KK+1:KK+2,wall:KK-1,wall:KK-2:KK-1}","273,283,290,297,304,311",,"per-step: main.f90:767 (predictor), main.f90:948 (corrector)"
mass.f90,MASS_FINITE_DIFFERENCES,MASS::MASS_FINITE_DIFFERENCES,local_alias,RHO_RMW=>WORK_PAD,write,1,-1:IBAR+2 | -1:JBAR+2 | -1:KBAR+2,206,,"per-step: main.f90:767 (predictor), main.f90:948 (corrector)"
mass.f90,MASS_FINITE_DIFFERENCES,MASS::MASS_FINITE_DIFFERENCES,local_alias,RHO_Z_P=>WORK_PAD,arg,3,{whole},"84,85,86",GET_SCALAR_FACE_VALUE,"per-step: main.f90:767 (predictor), main.f90:948 (corrector)"
mass.f90,MASS_FINITE_DIFFERENCES,MASS::MASS_FINITE_DIFFERENCES,local_alias,RHO_Z_P=>WORK_PAD,read,12,"{wall:II,wall:II+1,wall:II+1:II+2,wall:II-1,wall:II-2:II-1} | {wall:JJ,wall:JJ+1,wall:JJ+1:JJ+2,wall:JJ-1,wall:JJ-2:JJ-1} | {wall:KK,wall:KK+1,wall:KK+1:KK+2,wall:KK-1,wall:KK-2:KK-1}","141,151,158,165,172,179",,"per-step: main.f90:767 (predictor), main.f90:948 (corrector)"
mass.f90,MASS_FINITE_DIFFERENCES,MASS::MASS_FINITE_DIFFERENCES,local_alias,RHO_Z_P=>WORK_PAD,write,1,-1:IBAR+2 | -1:JBAR+2 | -1:KBAR+2,73,,"per-step: main.f90:767 (predictor), main.f90:948 (corrector)"
mass.f90,MASS_FINITE_DIFFERENCES,MASS::MASS_FINITE_DIFFERENCES,local_alias,UU=>U|US,arg,2,{whole},"84,215",GET_SCALAR_FACE_VALUE,"per-step: main.f90:767 (predictor), main.f90:948 (corrector)"
mass.f90,MASS_FINITE_DIFFERENCES,MASS::MASS_FINITE_DIFFERENCES,local_alias,UU=>U|US,read,8,"{wall:II+1,wall:II-2} | {wall:JJ} | {wall:KK}","140,142,150,152,272,274,282,284",,"per-step: main.f90:767 (predictor), main.f90:948 (corrector)"
mass.f90,MASS_FINITE_DIFFERENCES,MASS::MASS_FINITE_DIFFERENCES,local_alias,U_TEMP=>U_WORK,arg,12,{whole},"143,153,160,167,174,181,275,285,292,299,306,313",GET_SCALAR_FACE_VALUE,"per-step: main.f90:767 (predictor), main.f90:948 (corrector)"
mass.f90,MASS_FINITE_DIFFERENCES,MASS::MASS_FINITE_DIFFERENCES,local_alias,U_TEMP=>U_WORK,write,12,1:1 | 1:1 | 1:1,"142,152,159,166,173,180,274,284,291,298,305,312",,"per-step: main.f90:767 (predictor), main.f90:948 (corrector)"
mass.f90,MASS_FINITE_DIFFERENCES,MASS::MASS_FINITE_DIFFERENCES,local_alias,VV=>V|VS,arg,2,{whole},"85,216",GET_SCALAR_FACE_VALUE,"per-step: main.f90:767 (predictor), main.f90:948 (corrector)"
mass.f90,MASS_FINITE_DIFFERENCES,MASS::MASS_FINITE_DIFFERENCES,local_alias,VV=>V|VS,read,8,"{wall:II} | {wall:JJ+1,wall:JJ-2} | {wall:KK}","157,159,164,166,289,291,296,298",,"per-step: main.f90:767 (predictor), main.f90:948 (corrector)"
mass.f90,MASS_FINITE_DIFFERENCES,MASS::MASS_FINITE_DIFFERENCES,local_alias,WW=>W|WS,arg,2,{whole},"86,217",GET_SCALAR_FACE_VALUE,"per-step: main.f90:767 (predictor), main.f90:948 (corrector)"
mass.f90,MASS_FINITE_DIFFERENCES,MASS::MASS_FINITE_DIFFERENCES,local_alias,WW=>W|WS,read,8,"{wall:II} | {wall:JJ} | {wall:KK+1,wall:KK-2}","171,173,178,180,303,305,310,312",,"per-step: main.f90:767 (predictor), main.f90:948 (corrector)"
mass.f90,MASS_FINITE_DIFFERENCES,MASS::MASS_FINITE_DIFFERENCES,local_alias,ZZP=>ZZ|ZZS,read,2,-1:IBAR+2 | -1:JBAR+2 | -1:KBAR+2 | 1:N_TOTAL_SCALARS{N_TRACKED_SPECIES},"73,204",,"per-step: main.f90:767 (predictor), main.f90:948 (corrector)"
mass.f90,MASS_FINITE_DIFFERENCES,MASS::MASS_FINITE_DIFFERENCES,local_alias,Z_TEMP=>Z_WORK,arg,12,{whole},"143,153,160,167,174,181,275,285,292,299,306,313",GET_SCALAR_FACE_VALUE,"per-step: main.f90:767 (predictor), main.f90:948 (corrector)"
mass.f90,MASS_FINITE_DIFFERENCES,MASS::MASS_FINITE_DIFFERENCES,local_alias,Z_TEMP=>Z_WORK,write,12,0:3 | 0:3 | 0:3,"141,151,158,165,172,179,273,283,290,297,304,311",,"per-step: main.f90:767 (predictor), main.f90:948 (corrector)"
ccib.f90,SET_EXIMADVFLX_3D,CC_SCALARS::SET_EXIMADVFLX_3D,mesh_ptr,MESH_TYPE%CC_REGFACE_IAXIS_Z,ptr_target,1,{whole},8016,,"optional: CC_IBM only (mass.f90:460, 648)"
ccib.f90,SET_EXIMADVFLX_3D,CC_SCALARS::SET_EXIMADVFLX_3D,mesh_ptr,MESH_TYPE%CC_REGFACE_JAXIS_Z,ptr_target,1,{whole},8018,,"optional: CC_IBM only (mass.f90:460, 648)"
ccib.f90,SET_EXIMADVFLX_3D,CC_SCALARS::SET_EXIMADVFLX_3D,mesh_ptr,MESH_TYPE%CC_REGFACE_KAXIS_Z,ptr_target,1,{whole},8020,,"optional: CC_IBM only (mass.f90:460, 648)"
ccib.f90,SET_EXIMADVFLX_3D,CC_SCALARS::SET_EXIMADVFLX_3D,mesh_ptr,MESH_TYPE%FX,read,1,{idx:I} | {idx:J} | {idx:K} | 1:N_TOTAL_SCALARS,8030,,"optional: CC_IBM only (mass.f90:460, 648)"
ccib.f90,SET_EXIMADVFLX_3D,CC_SCALARS::SET_EXIMADVFLX_3D,mesh_ptr,MESH_TYPE%FY,read,1,{idx:I} | {idx:J} | {idx:K} | 1:N_TOTAL_SCALARS,8032,,"optional: CC_IBM only (mass.f90:460, 648)"
ccib.f90,SET_EXIMADVFLX_3D,CC_SCALARS::SET_EXIMADVFLX_3D,mesh_ptr,MESH_TYPE%FZ,read,1,{idx:I} | {idx:J} | {idx:K} | 1:N_TOTAL_SCALARS,8034,,"optional: CC_IBM only (mass.f90:460, 648)"
ccib.f90,SET_EXIMADVFLX_3D,CC_SCALARS::SET_EXIMADVFLX_3D,mesh_ptr,MESH_TYPE%R,read,1,{idx:I},8030,,"optional: CC_IBM only (mass.f90:460, 648)"
ccib.f90,SET_EXIMADVFLX_3D,CC_SCALARS::SET_EXIMADVFLX_3D,mesh_direct,MESH_TYPE%CC_NREGFACE_Z  (via MESHES),read,1,IAXIS:KAXIS,8022,,"optional: CC_IBM only (mass.f90:460, 648)"
ccib.f90,SET_EXIMADVFLX_3D,CC_SCALARS::SET_EXIMADVFLX_3D,nested,CC_REGFACEZ_TYPE%IJK,read,3,"{idx:IAXIS,idx:JAXIS,idx:KAXIS}","8023,8024,8025",,"optional: CC_IBM only (mass.f90:460, 648)"
ccib.f90,SET_EXIMADVFLX_3D,CC_SCALARS::SET_EXIMADVFLX_3D,nested,CC_REGFACEZ_TYPE%RHOZZ_U,write,4,1:N_TOTAL_SCALARS,"8027,8030,8032,8034",,"optional: CC_IBM only (mass.f90:460, 648)"
ccib.f90,SET_EXIMADVFLX_3D,CC_SCALARS::SET_EXIMADVFLX_3D,module_global,GLOBAL_CONSTANTS::IAXIS,read,4,,"8013,8015,8023,8029",,"optional: CC_IBM only (mass.f90:460, 648)"
ccib.f90,SET_EXIMADVFLX_3D,CC_SCALARS::SET_EXIMADVFLX_3D,module_global,GLOBAL_CONSTANTS::JAXIS,read,3,,"8017,8024,8031",,"optional: CC_IBM only (mass.f90:460, 648)"
ccib.f90,SET_EXIMADVFLX_3D,CC_SCALARS::SET_EXIMADVFLX_3D,module_global,GLOBAL_CONSTANTS::KAXIS,read,4,,"8013,8019,8025,8033",,"optional: CC_IBM only (mass.f90:460, 648)"
ccib.f90,SET_EXIMADVFLX_3D,CC_SCALARS::SET_EXIMADVFLX_3D,module_global,GLOBAL_CONSTANTS::N_TOTAL_SCALARS,read,1,,8011,,"optional: CC_IBM only (mass.f90:460, 648)"
ccib.f90,SET_EXIMADVFLX_3D,CC_SCALARS::SET_EXIMADVFLX_3D,dummy,SET_EXIMADVFLX_3D:NM,read,1,,8022,,"optional: CC_IBM only (mass.f90:460, 648)"
ccib.f90,SET_EXIMADVFLX_3D,CC_SCALARS::SET_EXIMADVFLX_3D,dummy,SET_EXIMADVFLX_3D:UU,read,1,{idx:I} | {idx:J} | {idx:K},8030,,"optional: CC_IBM only (mass.f90:460, 648)"
ccib.f90,SET_EXIMADVFLX_3D,CC_SCALARS::SET_EXIMADVFLX_3D,dummy,SET_EXIMADVFLX_3D:VV,read,1,{idx:I} | {idx:J} | {idx:K},8032,,"optional: CC_IBM only (mass.f90:460, 648)"
ccib.f90,SET_EXIMADVFLX_3D,CC_SCALARS::SET_EXIMADVFLX_3D,dummy,SET_EXIMADVFLX_3D:WW,read,1,{idx:I} | {idx:J} | {idx:K},8034,,"optional: CC_IBM only (mass.f90:460, 648)"
func.f90,GET_SCALAR_FACE_VALUE,MATH_FUNCTIONS::GET_SCALAR_FACE_VALUE,module_global,GLOBAL_CONSTANTS::CENTRAL_LIMITER,read,1,,1346,,"called mass.f90:84-86,143…181,215-217,275…313"
func.f90,GET_SCALAR_FACE_VALUE,MATH_FUNCTIONS::GET_SCALAR_FACE_VALUE,module_global,GLOBAL_CONSTANTS::CHARM_LIMITER,read,1,,1412,,"called mass.f90:84-86,143…181,215-217,275…313"
func.f90,GET_SCALAR_FACE_VALUE,MATH_FUNCTIONS::GET_SCALAR_FACE_VALUE,module_global,GLOBAL_CONSTANTS::GODUNOV_LIMITER,read,1,,1356,,"called mass.f90:84-86,143…181,215-217,275…313"
func.f90,GET_SCALAR_FACE_VALUE,MATH_FUNCTIONS::GET_SCALAR_FACE_VALUE,module_global,GLOBAL_CONSTANTS::MINMOD_LIMITER,read,1,,1391,,"called mass.f90:84-86,143…181,215-217,275…313"
func.f90,GET_SCALAR_FACE_VALUE,MATH_FUNCTIONS::GET_SCALAR_FACE_VALUE,module_global,GLOBAL_CONSTANTS::MP5_LIMITER,read,1,,1437,,"called mass.f90:84-86,143…181,215-217,275…313"
func.f90,GET_SCALAR_FACE_VALUE,MATH_FUNCTIONS::GET_SCALAR_FACE_VALUE,module_global,GLOBAL_CONSTANTS::SUPERBEE_LIMITER,read,1,,1370,,"called mass.f90:84-86,143…181,215-217,275…313"
func.f90,GET_SCALAR_FACE_VALUE,MATH_FUNCTIONS::GET_SCALAR_FACE_VALUE,module_global,PRECISION_PARAMETERS::TWENTY_EPSILON_EB,read,6,,"1378,1383,1399,1404,1422,1429",,"called mass.f90:84-86,143…181,215-217,275…313"
func.f90,GET_SCALAR_FACE_VALUE,MATH_FUNCTIONS::GET_SCALAR_FACE_VALUE,dummy,GET_SCALAR_FACE_VALUE:A,read,5,I1:I2 | J1:J2 | K1:K2,"1361,1376,1397,1418,1442",,"called mass.f90:84-86,143…181,215-217,275…313"
func.f90,GET_SCALAR_FACE_VALUE,MATH_FUNCTIONS::GET_SCALAR_FACE_VALUE,dummy,GET_SCALAR_FACE_VALUE:F,write,11,I1:I2 | J1:J2 | K1:K2,"1351,1362,1364,1380,1385,1401,1406,1424,1431,1445,1449",,"called mass.f90:84-86,143…181,215-217,275…313"
func.f90,GET_SCALAR_FACE_VALUE,MATH_FUNCTIONS::GET_SCALAR_FACE_VALUE,dummy,GET_SCALAR_FACE_VALUE:I1,read,6,,"1350,1360,1374,1395,1416,1441",,"called mass.f90:84-86,143…181,215-217,275…313"
func.f90,GET_SCALAR_FACE_VALUE,MATH_FUNCTIONS::GET_SCALAR_FACE_VALUE,dummy,GET_SCALAR_FACE_VALUE:I2,read,6,,"1350,1360,1374,1395,1416,1441",,"called mass.f90:84-86,143…181,215-217,275…313"
func.f90,GET_SCALAR_FACE_VALUE,MATH_FUNCTIONS::GET_SCALAR_FACE_VALUE,dummy,GET_SCALAR_FACE_VALUE:IOR,read,1,,1338,,"called mass.f90:84-86,143…181,215-217,275…313"
func.f90,GET_SCALAR_FACE_VALUE,MATH_FUNCTIONS::GET_SCALAR_FACE_VALUE,dummy,GET_SCALAR_FACE_VALUE:J1,read,6,,"1349,1359,1373,1394,1415,1440",,"called mass.f90:84-86,143…181,215-217,275…313"
func.f90,GET_SCALAR_FACE_VALUE,MATH_FUNCTIONS::GET_SCALAR_FACE_VALUE,dummy,GET_SCALAR_FACE_VALUE:J2,read,6,,"1349,1359,1373,1394,1415,1440",,"called mass.f90:84-86,143…181,215-217,275…313"
func.f90,GET_SCALAR_FACE_VALUE,MATH_FUNCTIONS::GET_SCALAR_FACE_VALUE,dummy,GET_SCALAR_FACE_VALUE:K1,read,6,,"1348,1358,1372,1393,1414,1439",,"called mass.f90:84-86,143…181,215-217,275…313"
func.f90,GET_SCALAR_FACE_VALUE,MATH_FUNCTIONS::GET_SCALAR_FACE_VALUE,dummy,GET_SCALAR_FACE_VALUE:K2,read,6,,"1348,1358,1372,1393,1414,1439",,"called mass.f90:84-86,143…181,215-217,275…313"
func.f90,GET_SCALAR_FACE_VALUE,MATH_FUNCTIONS::GET_SCALAR_FACE_VALUE,dummy,GET_SCALAR_FACE_VALUE:LIMITER,read,1,,1345,,"called mass.f90:84-86,143…181,215-217,275…313"
func.f90,GET_SCALAR_FACE_VALUE,MATH_FUNCTIONS::GET_SCALAR_FACE_VALUE,dummy,GET_SCALAR_FACE_VALUE:U,read,40,I1:I2{?} | J1:J2{?} | K1:K2{?},"1351,1362,1364,1375,1377,1380,1382,1385,1396,1398,1401,1403,1406,1417,1419,1424,1426,1431,1443,1444,1447,1448",,"called mass.f90:84-86,143…181,215-217,275…313"
func.f90,GET_MOLECULAR_WEIGHT,PHYSICAL_FUNCTIONS::GET_MOLECULAR_WEIGHT,module_global,GLOBAL_CONSTANTS::MWR_Z,read,1,{whole},1705,,"called mass.f90:205, 251"
func.f90,GET_MOLECULAR_WEIGHT,PHYSICAL_FUNCTIONS::GET_MOLECULAR_WEIGHT,dummy,GET_MOLECULAR_WEIGHT:MW_OUT,write,1,,1705,,"called mass.f90:205, 251"
func.f90,GET_MOLECULAR_WEIGHT,PHYSICAL_FUNCTIONS::GET_MOLECULAR_WEIGHT,dummy,GET_MOLECULAR_WEIGHT:Z_IN,read,1,{whole},1705,,"called mass.f90:205, 251"
func.f90,GET_SPECIFIC_GAS_CONSTANT,PHYSICAL_FUNCTIONS::GET_SPECIFIC_GAS_CONSTANT,module_global,GLOBAL_CONSTANTS::MWR_Z,read,1,{whole},1719,,"called mass.f90:561, 743"
func.f90,GET_SPECIFIC_GAS_CONSTANT,PHYSICAL_FUNCTIONS::GET_SPECIFIC_GAS_CONSTANT,module_global,GLOBAL_CONSTANTS::R0,read,1,,1719,,"called mass.f90:561, 743"
func.f90,GET_SPECIFIC_GAS_CONSTANT,PHYSICAL_FUNCTIONS::GET_SPECIFIC_GAS_CONSTANT,dummy,GET_SPECIFIC_GAS_CONSTANT:RSUM_OUT,write,1,,1719,,"called mass.f90:561, 743"
func.f90,GET_SPECIFIC_GAS_CONSTANT,PHYSICAL_FUNCTIONS::GET_SPECIFIC_GAS_CONSTANT,dummy,GET_SPECIFIC_GAS_CONSTANT:Z_IN,read,1,{whole},1719,,"called mass.f90:561, 743"
soot.f90,SETTLING_VELOCITY,SOOT_ROUTINES::SETTLING_VELOCITY,mesh_ptr,MESH_TYPE%BOUNDARY_COORD,ptr_target,1,{?},138,,"optional: DEPOSITING species + settling (mass.f90:411, 612)"
soot.f90,SETTLING_VELOCITY,SOOT_ROUTINES::SETTLING_VELOCITY,mesh_ptr,MESH_TYPE%CELL%SOLID,read,2,{?},"63,165",,"optional: DEPOSITING species + settling (mass.f90:411, 612)"
soot.f90,SETTLING_VELOCITY,SOOT_ROUTINES::SETTLING_VELOCITY,mesh_ptr,MESH_TYPE%CELL_INDEX,read,2,0:IBAR | 0:JBAR | 0:KBAR,"63,165",,"optional: DEPOSITING species + settling (mass.f90:411, 612)"
soot.f90,SETTLING_VELOCITY,SOOT_ROUTINES::SETTLING_VELOCITY,mesh_ptr,MESH_TYPE%DEL_RHO_D_DEL_Z,read,1,1:IBAR | 1:JBAR | 1:KBAR | 1:N_TRACKED_SPECIES,171,,"optional: DEPOSITING species + settling (mass.f90:411, 612)"
soot.f90,SETTLING_VELOCITY,SOOT_ROUTINES::SETTLING_VELOCITY,mesh_ptr,MESH_TYPE%DEL_RHO_D_DEL_Z,write,1,1:IBAR | 1:JBAR | 1:KBAR | 1:N_TRACKED_SPECIES,171,,"optional: DEPOSITING species + settling (mass.f90:411, 612)"
soot.f90,SETTLING_VELOCITY,SOOT_ROUTINES::SETTLING_VELOCITY,mesh_ptr,MESH_TYPE%FX,read,2,0:IBAR | 1:JBAR | 1:KBAR | 1:N_TRACKED_SPECIES,167,,"optional: DEPOSITING species + settling (mass.f90:411, 612)"
soot.f90,SETTLING_VELOCITY,SOOT_ROUTINES::SETTLING_VELOCITY,mesh_ptr,MESH_TYPE%FY,read,2,1:IBAR | 0:JBAR | 1:KBAR | 1:N_TRACKED_SPECIES,168,,"optional: DEPOSITING species + settling (mass.f90:411, 612)"
soot.f90,SETTLING_VELOCITY,SOOT_ROUTINES::SETTLING_VELOCITY,mesh_ptr,MESH_TYPE%FZ,read,2,1:IBAR | 1:JBAR | 0:KBAR | 1:N_TRACKED_SPECIES,169,,"optional: DEPOSITING species + settling (mass.f90:411, 612)"
soot.f90,SETTLING_VELOCITY,SOOT_ROUTINES::SETTLING_VELOCITY,mesh_ptr,MESH_TYPE%IBAR,read,2,,"62,164",,"optional: DEPOSITING species + settling (mass.f90:411, 612)"
soot.f90,SETTLING_VELOCITY,SOOT_ROUTINES::SETTLING_VELOCITY,mesh_ptr,MESH_TYPE%JBAR,read,2,,"61,163",,"optional: DEPOSITING species + settling (mass.f90:411, 612)"
soot.f90,SETTLING_VELOCITY,SOOT_ROUTINES::SETTLING_VELOCITY,mesh_ptr,MESH_TYPE%KBAR,read,2,,"60,162",,"optional: DEPOSITING species + settling (mass.f90:411, 612)"
soot.f90,SETTLING_VELOCITY,SOOT_ROUTINES::SETTLING_VELOCITY,mesh_ptr,MESH_TYPE%N_EXTERNAL_WALL_CELLS,read,1,,136,,"optional: DEPOSITING species + settling (mass.f90:411, 612)"
soot.f90,SETTLING_VELOCITY,SOOT_ROUTINES::SETTLING_VELOCITY,mesh_ptr,MESH_TYPE%N_INTERNAL_WALL_CELLS,read,1,,136,,"optional: DEPOSITING species + settling (mass.f90:411, 612)"
soot.f90,SETTLING_VELOCITY,SOOT_ROUTINES::SETTLING_VELOCITY,mesh_ptr,MESH_TYPE%PBAR,read,6,0:KBAR | {?},"67,90,112",,"optional: DEPOSITING species + settling (mass.f90:411, 612)"
soot.f90,SETTLING_VELOCITY,SOOT_ROUTINES::SETTLING_VELOCITY,mesh_ptr,MESH_TYPE%PRESSURE_ZONE,read,6,0:IBAR+1 | 0:JBAR+1 | 0:KBAR+1,"67,90,112",,"optional: DEPOSITING species + settling (mass.f90:411, 612)"
soot.f90,SETTLING_VELOCITY,SOOT_ROUTINES::SETTLING_VELOCITY,mesh_ptr,MESH_TYPE%R,read,2,0:IBAR,167,,"optional: DEPOSITING species + settling (mass.f90:411, 612)"
soot.f90,SETTLING_VELOCITY,SOOT_ROUTINES::SETTLING_VELOCITY,mesh_ptr,MESH_TYPE%RDX,read,1,1:IBAR,167,,"optional: DEPOSITING species + settling (mass.f90:411, 612)"
soot.f90,SETTLING_VELOCITY,SOOT_ROUTINES::SETTLING_VELOCITY,mesh_ptr,MESH_TYPE%RDXN,read,1,0:IBAR,68,,"optional: DEPOSITING species + settling (mass.f90:411, 612)"
soot.f90,SETTLING_VELOCITY,SOOT_ROUTINES::SETTLING_VELOCITY,mesh_ptr,MESH_TYPE%RDY,read,1,1:JBAR,168,,"optional: DEPOSITING species + settling (mass.f90:411, 612)"
soot.f90,SETTLING_VELOCITY,SOOT_ROUTINES::SETTLING_VELOCITY,mesh_ptr,MESH_TYPE%RDYN,read,1,0:JBAR,91,,"optional: DEPOSITING species + settling (mass.f90:411, 612)"
soot.f90,SETTLING_VELOCITY,SOOT_ROUTINES::SETTLING_VELOCITY,mesh_ptr,MESH_TYPE%RDZ,read,1,1:KBAR,169,,"optional: DEPOSITING species + settling (mass.f90:411, 612)"
soot.f90,SETTLING_VELOCITY,SOOT_ROUTINES::SETTLING_VELOCITY,mesh_ptr,MESH_TYPE%RDZN,read,1,0:KBAR,113,,"optional: DEPOSITING species + settling (mass.f90:411, 612)"
soot.f90,SETTLING_VELOCITY,SOOT_ROUTINES::SETTLING_VELOCITY,mesh_ptr,MESH_TYPE%RHO,ptr_target,1,{whole},43,,"optional: DEPOSITING species + settling (mass.f90:411, 612)"
soot.f90,SETTLING_VELOCITY,SOOT_ROUTINES::SETTLING_VELOCITY,mesh_ptr,MESH_TYPE%RHOS,ptr_target,1,{whole},46,,"optional: DEPOSITING species + settling (mass.f90:411, 612)"
soot.f90,SETTLING_VELOCITY,SOOT_ROUTINES::SETTLING_VELOCITY,mesh_ptr,MESH_TYPE%RRN,read,1,1:IBAR,167,,"optional: DEPOSITING species + settling (mass.f90:411, 612)"
soot.f90,SETTLING_VELOCITY,SOOT_ROUTINES::SETTLING_VELOCITY,mesh_ptr,MESH_TYPE%TMP,read,12,0:IBAR+1 | 0:JBAR+1 | 0:KBAR+1,"64,68,87,91,109,113",,"optional: DEPOSITING species + settling (mass.f90:411, 612)"
soot.f90,SETTLING_VELOCITY,SOOT_ROUTINES::SETTLING_VELOCITY,mesh_ptr,MESH_TYPE%WALL,ptr_target,1,{idx:IW},137,,"optional: DEPOSITING species + settling (mass.f90:411, 612)"
soot.f90,SETTLING_VELOCITY,SOOT_ROUTINES::SETTLING_VELOCITY,mesh_ptr,MESH_TYPE%WORK7,ptr_target,1,{whole},50,,"optional: DEPOSITING species + settling (mass.f90:411, 612)"
soot.f90,SETTLING_VELOCITY,SOOT_ROUTINES::SETTLING_VELOCITY,mesh_ptr,MESH_TYPE%WORK8,ptr_target,1,{whole},51,,"optional: DEPOSITING species + settling (mass.f90:411, 612)"
soot.f90,SETTLING_VELOCITY,SOOT_ROUTINES::SETTLING_VELOCITY,mesh_ptr,MESH_TYPE%WORK9,ptr_target,1,{whole},52,,"optional: DEPOSITING species + settling (mass.f90:411, 612)"
soot.f90,SETTLING_VELOCITY,SOOT_ROUTINES::SETTLING_VELOCITY,mesh_ptr,MESH_TYPE%ZZ,ptr_target,1,{whole},44,,"optional: DEPOSITING species + settling (mass.f90:411, 612)"
soot.f90,SETTLING_VELOCITY,SOOT_ROUTINES::SETTLING_VELOCITY,mesh_ptr,MESH_TYPE%ZZS,ptr_target,1,{whole},47,,"optional: DEPOSITING species + settling (mass.f90:411, 612)"
soot.f90,SETTLING_VELOCITY,SOOT_ROUTINES::SETTLING_VELOCITY,nested,BOUNDARY_COORD_TYPE%IIG,read,1,,142,,"optional: DEPOSITING species + settling (mass.f90:411, 612)"
soot.f90,SETTLING_VELOCITY,SOOT_ROUTINES::SETTLING_VELOCITY,nested,BOUNDARY_COORD_TYPE%IOR,read,1,,145,,"optional: DEPOSITING species + settling (mass.f90:411, 612)"
soot.f90,SETTLING_VELOCITY,SOOT_ROUTINES::SETTLING_VELOCITY,nested,BOUNDARY_COORD_TYPE%JJG,read,1,,143,,"optional: DEPOSITING species + settling (mass.f90:411, 612)"
soot.f90,SETTLING_VELOCITY,SOOT_ROUTINES::SETTLING_VELOCITY,nested,BOUNDARY_COORD_TYPE%KKG,read,1,,144,,"optional: DEPOSITING species + settling (mass.f90:411, 612)"
soot.f90,SETTLING_VELOCITY,SOOT_ROUTINES::SETTLING_VELOCITY,nested,WALL_TYPE%BC_INDEX,ptr_target,1,,138,,"optional: DEPOSITING species + settling (mass.f90:411, 612)"
soot.f90,SETTLING_VELOCITY,SOOT_ROUTINES::SETTLING_VELOCITY,nested,WALL_TYPE%BOUNDARY_TYPE,read,3,,"139,140,141",,"optional: DEPOSITING species + settling (mass.f90:411, 612)"
soot.f90,SETTLING_VELOCITY,SOOT_ROUTINES::SETTLING_VELOCITY,module_global,GLOBAL_CONSTANTS::GRAVITATIONAL_SETTLING,read,4,,"59,80,102,124",,"optional: DEPOSITING species + settling (mass.f90:411, 612)"
soot.f90,SETTLING_VELOCITY,SOOT_ROUTINES::SETTLING_VELOCITY,module_global,GLOBAL_CONSTANTS::GVEC,read,3,1:3,"84,106,128",,"optional: DEPOSITING species + settling (mass.f90:411, 612)"
soot.f90,SETTLING_VELOCITY,SOOT_ROUTINES::SETTLING_VELOCITY,module_global,GLOBAL_CONSTANTS::INTERPOLATED_BOUNDARY,read,1,,141,,"optional: DEPOSITING species + settling (mass.f90:411, 612)"
soot.f90,SETTLING_VELOCITY,SOOT_ROUTINES::SETTLING_VELOCITY,module_global,GLOBAL_CONSTANTS::NULL_BOUNDARY,read,1,,139,,"optional: DEPOSITING species + settling (mass.f90:411, 612)"
soot.f90,SETTLING_VELOCITY,SOOT_ROUTINES::SETTLING_VELOCITY,module_global,GLOBAL_CONSTANTS::N_TRACKED_SPECIES,read,10,,"54,65,88,110",,"optional: DEPOSITING species + settling (mass.f90:411, 612)"
soot.f90,SETTLING_VELOCITY,SOOT_ROUTINES::SETTLING_VELOCITY,module_global,GLOBAL_CONSTANTS::OPEN_BOUNDARY,read,1,,140,,"optional: DEPOSITING species + settling (mass.f90:411, 612)"
soot.f90,SETTLING_VELOCITY,SOOT_ROUTINES::SETTLING_VELOCITY,module_global,GLOBAL_CONSTANTS::PREDICTOR,read,1,,42,,"optional: DEPOSITING species + settling (mass.f90:411, 612)"
soot.f90,SETTLING_VELOCITY,SOOT_ROUTINES::SETTLING_VELOCITY,module_global,GLOBAL_CONSTANTS::THERMOPHORETIC_SETTLING,read,3,,"72,94,116",,"optional: DEPOSITING species + settling (mass.f90:411, 612)"
soot.f90,SETTLING_VELOCITY,SOOT_ROUTINES::SETTLING_VELOCITY,module_global,PRECISION_PARAMETERS::PI,read,3,,"71,93,115",,"optional: DEPOSITING species + settling (mass.f90:411, 612)"
soot.f90,SETTLING_VELOCITY,SOOT_ROUTINES::SETTLING_VELOCITY,module_global,TYPES::SPECIES_MIXTURE%CONDUCTIVITY_SOLID,read,3,{whole},"76,98,120",,"optional: DEPOSITING species + settling (mass.f90:411, 612)"
soot.f90,SETTLING_VELOCITY,SOOT_ROUTINES::SETTLING_VELOCITY,module_global,TYPES::SPECIES_MIXTURE%DENSITY_SOLID,read,1,{whole},59,,"optional: DEPOSITING species + settling (mass.f90:411, 612)"
soot.f90,SETTLING_VELOCITY,SOOT_ROUTINES::SETTLING_VELOCITY,module_global,TYPES::SPECIES_MIXTURE%DEPOSITING,read,1,{whole},55,,"optional: DEPOSITING species + settling (mass.f90:411, 612)"
soot.f90,SETTLING_VELOCITY,SOOT_ROUTINES::SETTLING_VELOCITY,module_global,TYPES::SPECIES_MIXTURE%MEAN_DIAMETER,read,4,{whole},"59,81,103,125",,"optional: DEPOSITING species + settling (mass.f90:411, 612)"
soot.f90,SETTLING_VELOCITY,SOOT_ROUTINES::SETTLING_VELOCITY,module_global,TYPES::SPECIES_MIXTURE%THERMOPHORETIC_DIAMETER,read,3,{whole},"73,95,117",,"optional: DEPOSITING species + settling (mass.f90:411, 612)"
soot.f90,SETTLING_VELOCITY,SOOT_ROUTINES::SETTLING_VELOCITY,dummy,SETTLING_VELOCITY:NM,arg,1,,40,POINT_TO_MESH,"optional: DEPOSITING species + settling (mass.f90:411, 612)"
soot.f90,SETTLING_VELOCITY,SOOT_ROUTINES::SETTLING_VELOCITY,local_alias,RHOP=>RHO|RHOS,read,6,0:IBAR+1 | 0:JBAR+1 | 0:KBAR+1,"66,89,111",,"optional: DEPOSITING species + settling (mass.f90:411, 612)"
soot.f90,SETTLING_VELOCITY,SOOT_ROUTINES::SETTLING_VELOCITY,local_alias,U_SETTLE=>WORK7,read,4,0:IBAR | 0:JBAR | 0:KBAR,"77,84,167",,"optional: DEPOSITING species + settling (mass.f90:411, 612)"
soot.f90,SETTLING_VELOCITY,SOOT_ROUTINES::SETTLING_VELOCITY,local_alias,U_SETTLE=>WORK7,write,5,"0:IBAR{wall:IIG,wall:IIG-1,whole} | 0:JBAR{wall:JJG} | 0:KBAR{wall:KKG}","56,77,84,148,150",,"optional: DEPOSITING species + settling (mass.f90:411, 612)"
soot.f90,SETTLING_VELOCITY,SOOT_ROUTINES::SETTLING_VELOCITY,local_alias,V_SETTLE=>WORK8,read,4,0:IBAR | 0:JBAR | 0:KBAR,"99,106,168",,"optional: DEPOSITING species + settling (mass.f90:411, 612)"
soot.f90,SETTLING_VELOCITY,SOOT_ROUTINES::SETTLING_VELOCITY,local_alias,V_SETTLE=>WORK8,write,5,"0:IBAR{wall:IIG,whole} | 0:JBAR{wall:JJG,wall:JJG-1} | 0:KBAR{wall:KKG}","57,99,106,152,154",,"optional: DEPOSITING species + settling (mass.f90:411, 612)"
soot.f90,SETTLING_VELOCITY,SOOT_ROUTINES::SETTLING_VELOCITY,local_alias,W_SETTLE=>WORK9,read,4,0:IBAR | 0:JBAR | 0:KBAR,"121,128,169",,"optional: DEPOSITING species + settling (mass.f90:411, 612)"
soot.f90,SETTLING_VELOCITY,SOOT_ROUTINES::SETTLING_VELOCITY,local_alias,W_SETTLE=>WORK9,write,5,"0:IBAR{wall:IIG,whole} | 0:JBAR{wall:JJG} | 0:KBAR{wall:KKG,wall:KKG-1}","58,121,128,156,158",,"optional: DEPOSITING species + settling (mass.f90:411, 612)"
soot.f90,SETTLING_VELOCITY,SOOT_ROUTINES::SETTLING_VELOCITY,local_alias,ZZP=>ZZ|ZZS,read,6,0:IBAR+1 | 0:JBAR+1 | 0:KBAR+1 | 1:N_TRACKED_SPECIES,"65,88,110",,"optional: DEPOSITING species + settling (mass.f90:411, 612)"
