category,file,line,routine,name_or_count,detail
assumed_shape_dummy_explicit_lb,dump.f90,7205,DUMP::DUMP_SLCF::CORNER_VALUE,A,"(0:,0:,0:)"
assumed_shape_dummy_explicit_lb,dump.f90,7205,DUMP::DUMP_SLCF::CORNER_VALUE,S,"(0:,0:,0:)"
assumed_shape_dummy_explicit_lb,dump.f90,7205,DUMP::DUMP_SLCF::CORNER_VALUE,B,"(0:,0:,0:)"
assumed_shape_dummy_explicit_lb,dump.f90,7278,DUMP::DUMP_SLCF::EDGE_VALUE,S,"(0:,0:,0:)"
assumed_shape_dummy_explicit_lb,dump.f90,7278,DUMP::DUMP_SLCF::EDGE_VALUE,A,"(0:,0:,0:)"
assumed_shape_dummy_explicit_lb,dump.f90,7642,DUMP::DUMP_SLCF_VTK::CORNER_VALUE,S,"(0:,0:,0:)"
assumed_shape_dummy_explicit_lb,dump.f90,7642,DUMP::DUMP_SLCF_VTK::CORNER_VALUE,A,"(0:,0:,0:)"
assumed_shape_dummy_explicit_lb,dump.f90,7642,DUMP::DUMP_SLCF_VTK::CORNER_VALUE,B,"(0:,0:,0:)"
assumed_shape_dummy_explicit_lb,dump.f90,7715,DUMP::DUMP_SLCF_VTK::EDGE_VALUE,A,"(0:,0:,0:)"
assumed_shape_dummy_explicit_lb,dump.f90,7715,DUMP::DUMP_SLCF_VTK::EDGE_VALUE,S,"(0:,0:,0:)"
assumed_shape_dummy_explicit_lb,func.f90,1110,MATH_FUNCTIONS::INTERPOLATE1D_UNIFORM,X,(LOWER:)
deferred_shape_dummy_keeps_bounds,ccib.f90,403,CC_SCALARS::GET_OPENBC_TANGENTIAL_CUTFACE_VEL,VV,"(:,:,:) REAL POINTER/ALLOCATABLE: actual bounds kept"
deferred_shape_dummy_keeps_bounds,ccib.f90,403,CC_SCALARS::GET_OPENBC_TANGENTIAL_CUTFACE_VEL,UU,"(:,:,:) REAL POINTER/ALLOCATABLE: actual bounds kept"
deferred_shape_dummy_keeps_bounds,ccib.f90,403,CC_SCALARS::GET_OPENBC_TANGENTIAL_CUTFACE_VEL,WW,"(:,:,:) REAL POINTER/ALLOCATABLE: actual bounds kept"
deferred_shape_dummy_keeps_bounds,ccib.f90,455,CC_SCALARS::GET_OPENBC_TANGENTIAL_CUTFACE_VEL::SET_GHOSTFACE_VEL_FREESLIP,VELOC,"(:,:,:) REAL POINTER/ALLOCATABLE: actual bounds kept"
deferred_shape_dummy_keeps_bounds,ccib.f90,487,CC_SCALARS::GET_OPENBC_TANGENTIAL_CUTFACE_VEL::SET_GHOSTFACE_VEL_WIND,VELOC,"(:,:,:) REAL POINTER/ALLOCATABLE: actual bounds kept"
deferred_shape_dummy_keeps_bounds,ccib.f90,512,CC_SCALARS::GET_H_GUARD_CUTCELL,HP,"(:,:,:) REAL POINTER/ALLOCATABLE: actual bounds kept"
deferred_shape_dummy_keeps_bounds,ccib.f90,750,CC_SCALARS::CUTFACE_VELOCITIES,UU,"(:,:,:) REAL POINTER/ALLOCATABLE: actual bounds kept"
deferred_shape_dummy_keeps_bounds,ccib.f90,750,CC_SCALARS::CUTFACE_VELOCITIES,WW,"(:,:,:) REAL POINTER/ALLOCATABLE: actual bounds kept"
deferred_shape_dummy_keeps_bounds,ccib.f90,750,CC_SCALARS::CUTFACE_VELOCITIES,VV,"(:,:,:) REAL POINTER/ALLOCATABLE: actual bounds kept"
deferred_shape_dummy_keeps_bounds,ccib.f90,1076,CC_SCALARS::UNSTRUCTURED_POISSON_RESIDUAL_RC,HP,"(:,:,:) REAL POINTER/ALLOCATABLE: actual bounds kept"
deferred_shape_dummy_keeps_bounds,ccib.f90,1076,CC_SCALARS::UNSTRUCTURED_POISSON_RESIDUAL_RC,P,"(:,:,:) REAL POINTER/ALLOCATABLE: actual bounds kept"
deferred_shape_dummy_keeps_bounds,ccib.f90,1076,CC_SCALARS::UNSTRUCTURED_POISSON_RESIDUAL_RC,RHOP,"(:,:,:) REAL POINTER/ALLOCATABLE: actual bounds kept"
deferred_shape_dummy_keeps_bounds,ccib.f90,1098,CC_SCALARS::GET_RHSLHS_POISSON_RC,HP,"(:,:,:) REAL POINTER/ALLOCATABLE: actual bounds kept"
deferred_shape_dummy_keeps_bounds,ccib.f90,1098,CC_SCALARS::GET_RHSLHS_POISSON_RC,P,"(:,:,:) REAL POINTER/ALLOCATABLE: actual bounds kept"
deferred_shape_dummy_keeps_bounds,ccib.f90,1098,CC_SCALARS::GET_RHSLHS_POISSON_RC,RHOP,"(:,:,:) REAL POINTER/ALLOCATABLE: actual bounds kept"
deferred_shape_dummy_keeps_bounds,ccib.f90,1321,CC_SCALARS::UNSTRUCTURED_POISSON_RESIDUAL,P,"(:,:,:) REAL POINTER/ALLOCATABLE: actual bounds kept"
deferred_shape_dummy_keeps_bounds,ccib.f90,1321,CC_SCALARS::UNSTRUCTURED_POISSON_RESIDUAL,HP,"(:,:,:) REAL POINTER/ALLOCATABLE: actual bounds kept"
deferred_shape_dummy_keeps_bounds,ccib.f90,1321,CC_SCALARS::UNSTRUCTURED_POISSON_RESIDUAL,RHOP,"(:,:,:) REAL POINTER/ALLOCATABLE: actual bounds kept"
deferred_shape_dummy_keeps_bounds,ccib.f90,1415,CC_SCALARS::GET_LHS_CUTCELL,HP,"(:,:,:) REAL POINTER/ALLOCATABLE: actual bounds kept"
deferred_shape_dummy_keeps_bounds,ccib.f90,1415,CC_SCALARS::GET_LHS_CUTCELL,P,"(:,:,:) REAL POINTER/ALLOCATABLE: actual bounds kept"
deferred_shape_dummy_keeps_bounds,ccib.f90,1415,CC_SCALARS::GET_LHS_CUTCELL,RHOP,"(:,:,:) REAL POINTER/ALLOCATABLE: actual bounds kept"
deferred_shape_dummy_keeps_bounds,ccib.f90,1779,CC_SCALARS::GET_CUTFACE_BAROCLINIC_TORQUE,HP,"(:,:,:) REAL POINTER/ALLOCATABLE: actual bounds kept"
deferred_shape_dummy_keeps_bounds,ccib.f90,1817,CC_SCALARS::GET_RCFACE_BAROCLINIC_TORQUE,HP,"(:,:,:) REAL POINTER/ALLOCATABLE: actual bounds kept"
deferred_shape_dummy_keeps_bounds,ccib.f90,1817,CC_SCALARS::GET_RCFACE_BAROCLINIC_TORQUE,RHOP,"(:,:,:) REAL POINTER/ALLOCATABLE: actual bounds kept"
deferred_shape_dummy_keeps_bounds,ccib.f90,1860,CC_SCALARS::COMPUTE_LINKED_CUTFACE_BAROCLINIC,P,"(:,:,:) REAL POINTER/ALLOCATABLE: actual bounds kept"
deferred_shape_dummy_keeps_bounds,ccib.f90,1860,CC_SCALARS::COMPUTE_LINKED_CUTFACE_BAROCLINIC,HP,"(:,:,:) REAL POINTER/ALLOCATABLE: actual bounds kept"
deferred_shape_dummy_keeps_bounds,ccib.f90,1860,CC_SCALARS::COMPUTE_LINKED_CUTFACE_BAROCLINIC,RHOP,"(:,:,:) REAL POINTER/ALLOCATABLE: actual bounds kept"
deferred_shape_dummy_keeps_bounds,ccib.f90,2007,CC_SCALARS::CC_CUTFACE_VELOCITY,VV,"(:,:,:) REAL POINTER/ALLOCATABLE: actual bounds kept"
deferred_shape_dummy_keeps_bounds,ccib.f90,2007,CC_SCALARS::CC_CUTFACE_VELOCITY,UU,"(:,:,:) REAL POINTER/ALLOCATABLE: actual bounds kept"
deferred_shape_dummy_keeps_bounds,ccib.f90,2007,CC_SCALARS::CC_CUTFACE_VELOCITY,WW,"(:,:,:) REAL POINTER/ALLOCATABLE: actual bounds kept"
deferred_shape_dummy_keeps_bounds,ccib.f90,6689,CC_SCALARS::GET_UVWGAS_CFACE,VP,"(:,:,:) REAL POINTER/ALLOCATABLE: actual bounds kept"
deferred_shape_dummy_keeps_bounds,ccib.f90,6689,CC_SCALARS::GET_UVWGAS_CFACE,UP,"(:,:,:) REAL POINTER/ALLOCATABLE: actual bounds kept"
deferred_shape_dummy_keeps_bounds,ccib.f90,6689,CC_SCALARS::GET_UVWGAS_CFACE,WP,"(:,:,:) REAL POINTER/ALLOCATABLE: actual bounds kept"
deferred_shape_dummy_keeps_bounds,ccib.f90,8005,CC_SCALARS::SET_EXIMADVFLX_3D,UU,"(:,:,:) REAL POINTER/ALLOCATABLE: actual bounds kept"
deferred_shape_dummy_keeps_bounds,ccib.f90,8005,CC_SCALARS::SET_EXIMADVFLX_3D,VV,"(:,:,:) REAL POINTER/ALLOCATABLE: actual bounds kept"
deferred_shape_dummy_keeps_bounds,ccib.f90,8005,CC_SCALARS::SET_EXIMADVFLX_3D,WW,"(:,:,:) REAL POINTER/ALLOCATABLE: actual bounds kept"
deferred_shape_dummy_keeps_bounds,ccib.f90,8180,CC_SCALARS::SET_EXIMDIFFLX_3D,RHO_D_DZDX,"(:,:,:,:) REAL POINTER/ALLOCATABLE: actual bounds kept"
deferred_shape_dummy_keeps_bounds,ccib.f90,8180,CC_SCALARS::SET_EXIMDIFFLX_3D,RHO_D_DZDZ,"(:,:,:,:) REAL POINTER/ALLOCATABLE: actual bounds kept"
deferred_shape_dummy_keeps_bounds,ccib.f90,8180,CC_SCALARS::SET_EXIMDIFFLX_3D,RHO_D_DZDY,"(:,:,:,:) REAL POINTER/ALLOCATABLE: actual bounds kept"
deferred_shape_dummy_keeps_bounds,ccib.f90,15044,CC_SCALARS::CC_VELOCITY_FLUX,RHOP,"(:,:,:) REAL POINTER/ALLOCATABLE: actual bounds kept"
deferred_shape_dummy_keeps_bounds,ccib.f90,20482,CC_SCALARS::GET_CUTCELL_HP,HP,"(:,:,:) REAL POINTER/ALLOCATABLE: actual bounds kept"
deferred_shape_dummy_keeps_bounds,divg.f90,792,DIVG::ENTHALPY_ADVECTION_NEW,U_DOT_DEL_RHO_H_S,"(:,:,:) REAL POINTER/ALLOCATABLE: actual bounds kept"
deferred_shape_dummy_keeps_bounds,divg.f90,1224,DIVG::SPECIES_ADVECTION_PART_2,U_DOT_DEL_RHO_Z,"(:,:,:) REAL POINTER/ALLOCATABLE: actual bounds kept"
deferred_shape_dummy_keeps_bounds,dump.f90,5119,DUMP::GET_SMOKE3D_QQ,QQ,"(:,:,:,:) REAL POINTER/ALLOCATABLE: actual bounds kept"
deferred_shape_dummy_keeps_bounds,dump.f90,5120,DUMP::GET_SMOKE3D_QQ,FF,"(:,:,:) REAL POINTER/ALLOCATABLE: actual bounds kept"
deferred_shape_dummy_keeps_bounds,func.f90,1332,MATH_FUNCTIONS::GET_SCALAR_FACE_VALUE,A,"(:,:,:) REAL POINTER/ALLOCATABLE: actual bounds kept"
deferred_shape_dummy_keeps_bounds,func.f90,1332,MATH_FUNCTIONS::GET_SCALAR_FACE_VALUE,U,"(:,:,:) REAL POINTER/ALLOCATABLE: actual bounds kept"
deferred_shape_dummy_keeps_bounds,func.f90,1333,MATH_FUNCTIONS::GET_SCALAR_FACE_VALUE,F,"(:,:,:) REAL POINTER/ALLOCATABLE: actual bounds kept"
explicit_shape_dummy_mesh_extent,turb.f90,841,TURBULENCE::EX2G3D,A,"(0:IBP1,0:JBP1,0:KBP1)"
explicit_shape_dummy_mesh_extent,turb.f90,858,TURBULENCE::FILL_EDGES,A,"(0:IBP1,0:JBP1,0:KBP1)"
explicit_shape_dummy_mesh_extent,turb.f90,961,TURBULENCE::TEST_FILTER,ORIG,"(0:IBP1,0:JBP1,0:KBP1)"
explicit_shape_dummy_mesh_extent,turb.f90,962,TURBULENCE::TEST_FILTER,HAT,"(0:IBP1,0:JBP1,0:KBP1)"
explicit_shape_dummy_mesh_extent,wall.f90,504,WALL_ROUTINES::SCALAR_TO_POINT,FIELD,"(-1:IBP1+1,-1:JBP1+1,-1:KBP1+1)"
first_element_actual,ccib.f90,16472,CC_SCALARS::CC_CHECK_DIVERGENCE,XYZMNX,"XYZMNX(1,1,1) in MPI_ALLREDUCE"
first_element_actual,ccib.f90,16472,CC_SCALARS::CC_CHECK_DIVERGENCE,XYZMNX_AUX,"XYZMNX_AUX(1,1,1) in MPI_ALLREDUCE"
first_element_actual,ccib.f90,16476,CC_SCALARS::CC_CHECK_DIVERGENCE,IJKMNX_AUX,"IJKMNX_AUX(1,1,1) in MPI_ALLREDUCE"
first_element_actual,ccib.f90,16476,CC_SCALARS::CC_CHECK_DIVERGENCE,IJKMNX,"IJKMNX(1,1,1) in MPI_ALLREDUCE"
first_element_actual,ccib.f90,16477,CC_SCALARS::CC_CHECK_DIVERGENCE,DIVVOLIJKMNX,"DIVVOLIJKMNX(1,1,1) in MPI_ALLREDUCE"
first_element_actual,ccib.f90,16477,CC_SCALARS::CC_CHECK_DIVERGENCE,DIVVOLIJKMNX_AUX,"DIVVOLIJKMNX_AUX(1,1,1) in MPI_ALLREDUCE"
first_element_actual,ccib.f90,16479,CC_SCALARS::CC_CHECK_DIVERGENCE,DIVVOLICJCMNX_AUX,"DIVVOLICJCMNX_AUX(1,1,1) in MPI_ALLREDUCE"
first_element_actual,ccib.f90,16479,CC_SCALARS::CC_CHECK_DIVERGENCE,DIVVOLICJCMNX,"DIVVOLICJCMNX(1,1,1) in MPI_ALLREDUCE"
first_element_actual,ccib.f90,16481,CC_SCALARS::CC_CHECK_DIVERGENCE,DIVICJCMNX_AUX,"DIVICJCMNX_AUX(1,1,1) in MPI_ALLREDUCE"
first_element_actual,ccib.f90,16481,CC_SCALARS::CC_CHECK_DIVERGENCE,DIVICJCMNX,"DIVICJCMNX(1,1,1) in MPI_ALLREDUCE"
first_element_actual,func.f90,5367,MEMORY_FUNCTIONS::EXCHANGE_GEOMETRY_INFO,M%CELL_INDEX,"M%CELL_INDEX(0,0,0) in MPI_BCAST"
first_element_actual,main.f90,2853,FDS::ZONE_BOUNDARY_EXCHANGE,M%PRESSURE_ZONE,"M%PRESSURE_ZONE(0,0,0) in MPI_BCAST"
local_array_mesh_extent,ccib.f90,2712,CC_SCALARS::CC_PROJECT_VELOCITY,U_STORE,"ALLOCATE(0:IBP1,0:JBP1,0:KBP1)"
local_array_mesh_extent,ccib.f90,2713,CC_SCALARS::CC_PROJECT_VELOCITY,V_STORE,"ALLOCATE(0:IBP1,0:JBP1,0:KBP1)"
local_array_mesh_extent,ccib.f90,2714,CC_SCALARS::CC_PROJECT_VELOCITY,W_STORE,"ALLOCATE(0:IBP1,0:JBP1,0:KBP1)"
local_array_mesh_extent,dump.f90,1064,DUMP::INITIALIZE_MESH_DUMPS,Z_TERRAIN,"ALLOCATE(0:M%IBAR,0:M%JBAR)"
local_array_mesh_extent,dump.f90,1065,DUMP::INITIALIZE_MESH_DUMPS,OUT_OF_MESH,"ALLOCATE(0:M%IBAR,0:M%JBAR)"
local_array_mesh_extent,dump.f90,5108,DUMP::DUMP_SMOKE3D,QQ_PACK,ALLOCATE(IBP1*JBP1*KBP1)
local_array_mesh_extent,func.f90,5591,GEOMETRY_FUNCTIONS::ASSIGN_PRESSURE_ZONE,Q_I,ALLOCATE(M%IBAR*M%JBAR*M%KBAR)
local_array_mesh_extent,func.f90,5592,GEOMETRY_FUNCTIONS::ASSIGN_PRESSURE_ZONE,Q_J,ALLOCATE(M%IBAR*M%JBAR*M%KBAR)
local_array_mesh_extent,func.f90,5593,GEOMETRY_FUNCTIONS::ASSIGN_PRESSURE_ZONE,Q_K,ALLOCATE(M%IBAR*M%JBAR*M%KBAR)
local_array_mesh_extent,geom.f90,6929,COMPLEX_GEOMETRY_GRID::GET_REGULAR_CUT_EDGES_BC,CELL_ADDED,"ALLOCATE(0:IBP1,0:JBP1,0:KBP1)"
local_array_mesh_extent,geom.f90,7593,COMPLEX_GEOMETRY_GRID::GET_SOLID_CUTCELL_EDGES_BC,CELL_ADDED,"ALLOCATE(0:IBP1,0:JBP1,0:KBP1)"
local_array_mesh_extent,pres.f90,2026,LOCMAT_SOLVER::ULMAT_GET_H_REGFACES,IJKBUFFER,"ALLOCATE(IAXIS:KAXIS,1:(IBAR+1)*(JBAR+1)*(KBAR+1))"
local_array_mesh_extent,pres.f90,2030,LOCMAT_SOLVER::ULMAT_GET_H_REGFACES,LOG_INTWC,"ALLOCATE(0:IBAR,0:JBAR,0:KBAR,IAXIS:KAXIS)"
local_array_mesh_extent,pres.f90,5574,GLOBMAT_SOLVER::GET_H_REGFACES,IJKBUFFER,"ALLOCATE(IAXIS:KAXIS,1:(IBAR+1)*(JBAR+1)*(KBAR+1))"
local_array_mesh_extent,radi.f90,3823,RAD::COMPUTE_RADIATION::RADIATION_FVM,IJK_SLICE,"ALLOCATE(3,IBAR*KBAR)"
local_array_mesh_extent,radi.f90,3826,RAD::COMPUTE_RADIATION::RADIATION_FVM,ILDX,"ALLOCATE(0:IBP1,0:JBP1,0:KBP1)"
local_array_mesh_extent,radi.f90,3827,RAD::COMPUTE_RADIATION::RADIATION_FVM,ILDY,"ALLOCATE(0:IBP1,0:JBP1,0:KBP1)"
local_array_mesh_extent,radi.f90,3828,RAD::COMPUTE_RADIATION::RADIATION_FVM,ILDZ,"ALLOCATE(0:IBP1,0:JBP1,0:KBP1)"
local_array_mesh_extent,vege.f90,86,VEGE::INITIALIZE_LEVEL_SET_FIRESPREAD_1,MAX_AREA,"ALLOCATE(0:IBP1,0:JBP1)"
local_array_mesh_extent,vege.f90,87,VEGE::INITIALIZE_LEVEL_SET_FIRESPREAD_1,SUM_AREA,"ALLOCATE(0:IBP1,0:JBP1)"
pointer_bounds_remap,dump.f90,5639,DUMP::GET_GEOMINFO,VERTPTR,VERTPTR(1:1+VERTEND-VERTBEG)=>VERTS(VERTBEG:VERTEND)
pointer_bounds_remap,dump.f90,5703,DUMP::GET_GEOMINFO,VERTPTR,VERTPTR(1:1+VERTEND-VERTBEG)=>VERTS(VERTBEG:VERTEND)
pointer_bounds_remap,dump.f90,5764,DUMP::GET_GEOMINFO,VERTPTR,VERTPTR(1:1+VERTEND-VERTBEG)=>VERTS(VERTBEG:VERTEND)
pointer_bounds_remap,dump.f90,5822,DUMP::GET_GEOMINFO,VERTPTR,VERTPTR(1:1+VERTEND-VERTBEG)=>VERTS(VERTBEG:VERTEND)
pointer_bounds_remap,dump.f90,5912,DUMP::GET_GEOMINFO,VERTPTR,VERTPTR(1:1+VERTEND-VERTBEG)=>VERTS(VERTBEG:VERTEND)
pointer_bounds_remap,dump.f90,5938,DUMP::GET_GEOMINFO,VERTPTR,VERTPTR(1:1+VERTEND-VERTBEG)=>VERTS(VERTBEG:VERTEND)
pointer_bounds_remap,geom.f90,2314,COMPLEX_GEOMETRY::READ_GEOM,VOL,VOL(1:4)=> VOLUS(4*I+1:4*I+4)
pointer_bounds_remap,geom.f90,2315,COMPLEX_GEOMETRY::READ_GEOM,V1,V1(1:3) => VERTS(3*VOL(1)-2:3*VOL(1))
pointer_bounds_remap,geom.f90,2316,COMPLEX_GEOMETRY::READ_GEOM,V2,V2(1:3) => VERTS(3*VOL(2)-2:3*VOL(2))
pointer_bounds_remap,geom.f90,2317,COMPLEX_GEOMETRY::READ_GEOM,V3,V3(1:3) => VERTS(3*VOL(3)-2:3*VOL(3))
pointer_bounds_remap,geom.f90,2318,COMPLEX_GEOMETRY::READ_GEOM,V4,V4(1:3) => VERTS(3*VOL(4)-2:3*VOL(4))
pointer_bounds_remap,geom.f90,3641,COMPLEX_GEOMETRY::REFINE_FACE,FACE1,FACE1(1:3)=>SPHERE_FACES(3*IFACE-2:3*IFACE)
pointer_bounds_remap,geom.f90,3642,COMPLEX_GEOMETRY::REFINE_FACE,FACE2,FACE2(1:3)=>SPHERE_FACES(3*N_FACES+1:3*N_FACES+3)
pointer_bounds_remap,geom.f90,3643,COMPLEX_GEOMETRY::REFINE_FACE,FACE3,FACE3(1:3)=>SPHERE_FACES(3*N_FACES+4:3*N_FACES+6)
pointer_bounds_remap,geom.f90,3644,COMPLEX_GEOMETRY::REFINE_FACE,FACE4,FACE4(1:3)=>SPHERE_FACES(3*N_FACES+7:3*N_FACES+9)
pointer_bounds_remap,geom.f90,3646,COMPLEX_GEOMETRY::REFINE_FACE,V1,V1(1:3)=>SPHERE_VERTS(3*FACE1(1)-2:3*FACE1(1))
pointer_bounds_remap,geom.f90,3647,COMPLEX_GEOMETRY::REFINE_FACE,V2,V2(1:3)=>SPHERE_VERTS(3*FACE1(2)-2:3*FACE1(2))
pointer_bounds_remap,geom.f90,3648,COMPLEX_GEOMETRY::REFINE_FACE,V3,V3(1:3)=>SPHERE_VERTS(3*FACE1(3)-2:3*FACE1(3))
pointer_bounds_remap,geom.f90,3650,COMPLEX_GEOMETRY::REFINE_FACE,V12,V12(1:3)=>SPHERE_VERTS(3*N_VERTS+1:3*N_VERTS+3)
pointer_bounds_remap,geom.f90,3651,COMPLEX_GEOMETRY::REFINE_FACE,V13,V13(1:3)=>SPHERE_VERTS(3*N_VERTS+4:3*N_VERTS+6)
pointer_bounds_remap,geom.f90,3652,COMPLEX_GEOMETRY::REFINE_FACE,V23,V23(1:3)=>SPHERE_VERTS(3*N_VERTS+7:3*N_VERTS+9)
pointer_bounds_remap,geom.f90,3862,COMPLEX_GEOMETRY::GEOM2TEXTURE,FACES,FACES(1:3)=>G%FACES(1+3*J:3+3*J)
pointer_bounds_remap,geom.f90,3863,COMPLEX_GEOMETRY::GEOM2TEXTURE,TFACES,TFACES(1:6)=>G%TFACES(1+6*J:6+6*J)
pointer_bounds_remap,geom.f90,3867,COMPLEX_GEOMETRY::GEOM2TEXTURE,XYZ,XYZ(1:3) => G%VERTS(3*JJ-2:3*JJ)
pointer_bounds_remap,geom.f90,4231,COMPLEX_GEOMETRY::VALID_TRIANGLE,V1,V1(1:3)=>VERTS(3*IV1-2:3*IV1)
pointer_bounds_remap,geom.f90,4232,COMPLEX_GEOMETRY::VALID_TRIANGLE,V2,V2(1:3)=>VERTS(3*IV2-2:3*IV2)
pointer_bounds_remap,geom.f90,4233,COMPLEX_GEOMETRY::VALID_TRIANGLE,V3,V3(1:3)=>VERTS(3*IV3-2:3*IV3)
pointer_bounds_remap,geom.f90,4264,COMPLEX_GEOMETRY::VALID_TRIANGLE,V,V(1:3)=>VERTS(3*I-2:3*I)
pointer_bounds_remap,geom.f90,4295,COMPLEX_GEOMETRY::DIFF_ANGLE,V1,V1(1:3)=>VERTS(3*IV1-2:3*IV1)
pointer_bounds_remap,geom.f90,4296,COMPLEX_GEOMETRY::DIFF_ANGLE,V2,V2(1:3)=>VERTS(3*IV2-2:3*IV2)
pointer_bounds_remap,geom.f90,4297,COMPLEX_GEOMETRY::DIFF_ANGLE,V3,V3(1:3)=>VERTS(3*IV3-2:3*IV3)
pointer_bounds_remap,geom.f90,4438,COMPLEX_GEOMETRY::TRIANGULATE,VV1,VV1(1:3)=>VERTS(3*NVERTS-2:3*NVERTS)
pointer_bounds_remap,geom.f90,4439,COMPLEX_GEOMETRY::TRIANGULATE,VV2,VV2(1:3)=>VERTS(3*I-2:3*I)
pointer_bounds_remap,geom.f90,4442,COMPLEX_GEOMETRY::TRIANGULATE,VV1,VV1(1:3)=>VERTS(3*(I-1)-2:3*(I-1))
pointer_bounds_remap,geom.f90,4443,COMPLEX_GEOMETRY::TRIANGULATE,VV2,VV2(1:3)=>VERTS(3*I-2:3*I)
pointer_bounds_remap,geom.f90,4621,COMPLEX_GEOMETRY::TRIANGULATE,VV1,VV1(1:3)=>VERTS(3*V0-2:3*V0)
pointer_bounds_remap,geom.f90,4622,COMPLEX_GEOMETRY::TRIANGULATE,VV2,VV2(1:3)=>VERTS(3*V1-2:3*V1)
pointer_bounds_remap,geom.f90,4623,COMPLEX_GEOMETRY::TRIANGULATE,VV3,VV3(1:3)=>VERTS(3*V2-2:3*V2)
pointer_bounds_remap,geom.f90,5172,COMPLEX_GEOMETRY::AVERAGE_FACE_VALUES,V,V(1:3) => FACES(3*I-2:3*I)
pointer_bounds_remap,geom.f90,27704,COMPLEX_GEOMETRY_GRID::POINT_IN_CFACE,NVEC,NVEC(IAXIS:KAXIS) => MESHES(NM)%BOUNDARY_COORD(CFA%BC_INDEX)%NVEC(IAXIS:KAXIS)
pointer_bounds_remap,gsmv.f90,612,BOXTETRA_ROUTINES::GEOMCLIP,TRII,TRII(1:3) => FACES(3*I-2:3*I)
pointer_bounds_remap,gsmv.f90,613,BOXTETRA_ROUTINES::GEOMCLIP,V1,V1(1:3) => VERTS(3*TRII(1)-2:3*TRII(1))
pointer_bounds_remap,gsmv.f90,614,BOXTETRA_ROUTINES::GEOMCLIP,V2,V2(1:3) => VERTS(3*TRII(2)-2:3*TRII(2))
pointer_bounds_remap,gsmv.f90,615,BOXTETRA_ROUTINES::GEOMCLIP,V3,V3(1:3) => VERTS(3*TRII(3)-2:3*TRII(3))
pointer_bounds_remap,gsmv.f90,642,BOXTETRA_ROUTINES::GEOMCLIP,TRII,TRII(1:3) => FACES(3*I-2:3*I)
pointer_bounds_remap,smvv.f90,729,ISOSMOKE::GETISOBOX,CASE2,"CASE2(0:9) => CASES(CASENUM,0:9)"
pointer_bounds_remap,smvv.f90,744,ISOSMOKE::GETISOBOX,EDGES,"EDGES(-1:11) => EDGELIST(TYPE2,0:12)"
pointer_bounds_remap,smvv.f90,747,ISOSMOKE::GETISOBOX,PATH,"PATH(-1:11) => PATHCCLIST(TYPE2,0:12)"
pointer_bounds_remap,smvv.f90,750,ISOSMOKE::GETISOBOX,PATH,"PATH(-1:11) => PATHCCWLIST(TYPE2,0:12)"
pointer_bounds_remap,smvv.f90,754,ISOSMOKE::GETISOBOX,EDGES,"EDGES(-1:11) => EDGELIST2(TYPE2,0:12)"
pointer_bounds_remap,smvv.f90,757,ISOSMOKE::GETISOBOX,PATH,"PATH(-1:14) => PATHCCLIST2(TYPE2,0:15)"
pointer_bounds_remap,smvv.f90,760,ISOSMOKE::GETISOBOX,PATH,"PATH(-1:14) => PATHCCWLIST2(TYPE2,0:15)"
pointer_bounds_remap,vtkf.f90,3224,VTK_FDS_INTERFACE::GET_GEOMINFO_DUP,VERTPTR,VERTPTR(1:1+VERTEND-VERTBEG)=>VERTS(VERTBEG:VERTEND)
pointer_bounds_remap,vtkf.f90,3288,VTK_FDS_INTERFACE::GET_GEOMINFO_DUP,VERTPTR,VERTPTR(1:1+VERTEND-VERTBEG)=>VERTS(VERTBEG:VERTEND)
pointer_bounds_remap,vtkf.f90,3349,VTK_FDS_INTERFACE::GET_GEOMINFO_DUP,VERTPTR,VERTPTR(1:1+VERTEND-VERTBEG)=>VERTS(VERTBEG:VERTEND)
pointer_bounds_remap,vtkf.f90,3407,VTK_FDS_INTERFACE::GET_GEOMINFO_DUP,VERTPTR,VERTPTR(1:1+VERTEND-VERTBEG)=>VERTS(VERTBEG:VERTEND)
pointer_bounds_remap,vtkf.f90,3497,VTK_FDS_INTERFACE::GET_GEOMINFO_DUP,VERTPTR,VERTPTR(1:1+VERTEND-VERTBEG)=>VERTS(VERTBEG:VERTEND)
pointer_bounds_remap,vtkf.f90,3523,VTK_FDS_INTERFACE::GET_GEOMINFO_DUP,VERTPTR,VERTPTR(1:1+VERTEND-VERTBEG)=>VERTS(VERTBEG:VERTEND)
coord_to_index,dump.f90,7821,DUMP::UPDATE_DEVICES_1,1,"CALL GET_IJK(BC%X,BC%Y,BC%Z,NM,XI,YJ,ZK,DV%I(1),DV%J(1),DV%K(1))"
coord_to_index,func.f90,5425,GEOMETRY_FUNCTIONS::SEARCH_OTHER_MESHES,4,IF (ALLOCATED(M2%CELLSI)) THEN
coord_to_index,func.f90,6775,TRAN::GET_IJK,3,"XI = MESHES(NM)%CELLSI(  MIN( MESHES(NM)%CELLSI_HI, MAX(MESHES(NM)%CELLSI_LO,FLO"
coord_to_index,geom.f90,230,COMPLEX_GEOMETRY::SEARCH_OTHER_MESHES_FACE,6,"YJ  = MAX( 1._EB , MIN( REAL(M2%JBAR,EB)+ONE_M_EPS , M2%CELLSJ(FLOOR((YY-M2%YS)*"
coord_to_index,geom.f90,9027,COMPLEX_GEOMETRY_GRID::APPLY_OWN_BLOCKED_TO_REPLICAS,1,"CALL GET_IJK(XCO,YCO,ZCO,NM_LOC,X1,Y1,Z1,I_LOC,J_LOC,K_LOC)"
coord_to_index,geom.f90,12984,COMPLEX_GEOMETRY_GRID::CC_GRID_PROCESS_NEIGHBOR_BLOCKED_CELL,1,"CALL GET_IJK(XCO,YCO,ZCO,NOM,X1,Y1,Z1,I2,J2,K2)"
coord_to_index,init.f90,1464,INIT::INITIALIZE_MESH_VARIABLES_2::DEFINE_EDGE,6,"ZK  = MIN( REAL(MM%KBAR,EB)+ONE_M_EPS , MM%CELLSK(NINT((M%Z(KK)-MM%ZS)*MM%RDZINT"
coord_to_index,main.f90,3896,FDS::MESH_EXCHANGE,1,"CALL GET_IJK(BC%X,BC%Y,BC%Z,NM,XI,YJ,ZK,BC%IIG,BC%JJG,BC%KKG)"
coord_to_index,mesh.f90,769,MESH_POINTERS::POINT_TO_MESH,5,CELLSI=>M%CELLSI
coord_to_index,part.f90,292,PART::INSERT_ALL_PARTICLES,1,"CALL GET_IJK(BC%X,BC%Y,BC%Z,NM,XI,YJ,ZK,II,JJ,KK)"
coord_to_index,part.f90,538,PART::INSERT_ALL_PARTICLES::INSERT_SPRAY_PARTICLES,1,"CALL GET_IJK(BC%X,BC%Y,BC%Z,NM,XI,YJ,ZK,II,JJ,KK)"
coord_to_index,part.f90,1222,PART::INSERT_ALL_PARTICLES::INSERT_VOLUMETRIC_PARTICLES,3,"CALL GET_IJK(LP_X,LP_Y,LP_Z,NM,XI,YJ,ZK,II,JJ,KK)"
coord_to_index,part.f90,884,PART::INSERT_ALL_PARTICLES::PARTICLE_FACE_INSERT,1,"CALL GET_IJK(BC%X,BC%Y,BC%Z,NM,XI,YJ,ZK,BC%IIG,BC%JJG,BC%KKG)"
coord_to_index,part.f90,1915,PART::MOVE_PARTICLES,4,"CALL GET_IJK(BC%X,BC%Y,BC%Z,NM,XI,YJ,ZK,BC%IIG,BC%JJG,BC%KKG)"
coord_to_index,radi.f90,3986,RAD::COMPUTE_RADIATION::RADIATION_FVM,1,"CALL GET_IJK(BC%X,BC%Y,BC%Z,NM,XID,YJD,ZKD,IID,JJD,KKD)"
coord_to_index,read.f90,15223,READ_INPUT::PROC_DEVC,3,"CALL GET_IJK(DV%X,DV%Y,DV%Z,DV%MESH,XI,YJ,ZK,II,JJ,KK)"
coord_to_index,read.f90,1421,READ_INPUT::READ_TRAN,18,"ALLOCATE(M%CELLSI(-NIPXS:NIPX+NIPXF),STAT=IZERO)"
coord_to_index,smvv.f90,103,ISOSMOKE::ISO_TO_FILE,1,"CALL GET_IJK(XX,YY,ZZ,NM,XI,YJ,ZK,I,J,K)"
ghost_index_literal,ccib.f90,3823,CC_SCALARS::CC_EXCHANGE_UNPACKING_ARRAYS,4,"INT_NPE_LO = M%CC_RCEDGE(IEDGE)%INT_NPE(LOW_IND,VIND,EP,0)"
ghost_index_literal,ccib.f90,5459,CC_SCALARS::CC_MATCH_VELOCITY,15,"CFO%VELS_OMESH(JCFO) = 0.5_EB*(CFO%VELS_OMESH(JCFO)+UU(0,JJ,KK))"
ghost_index_literal,ccib.f90,5216,CC_SCALARS::CC_MATCH_VELOCITY_FLUX,3,"IF(ICF<1) FVX(0,JJ,KK) = 0.5_EB*(FVX(0,JJ,KK) + FN_OTHER/DA_OTHER)"
ghost_index_literal,ccib.f90,7021,CC_SCALARS::CC_RHO0W_INTERP,1,"IF (ABS(CUT_CELL(ICC)%INT_XN(1,ICELL)) > TWENTY_EPSILON_EB)  COEF_EP = CUT_CELL("
ghost_index_literal,ccib.f90,13571,CC_SCALARS::GET_CCIFACE_RHOHS_LIM,2,"SHFT=(/1,0,0/)"
ghost_index_literal,ccib.f90,13519,CC_SCALARS::GET_CCIFACE_RHOZZ_LIM,2,"SHFT=(/1,0,0/)"
ghost_index_literal,ccib.f90,17785,CC_SCALARS::GET_CRTCFCC_INT_STENCILS,2,"INT_NPE_LO = CC_RCEDGE(IEDGE)%INT_NPE(LOW_IND,VIND,EP,0)"
ghost_index_literal,ccib.f90,18143,CC_SCALARS::GET_CRTCFCC_INT_STENCILS::COMPUTE_DCOEF,4,"NPE_COUNT = CC_RCEDGE(IEDGE)%INT_NPE(HIGH_IND,VIND,EP,0)"
ghost_index_literal,ccib.f90,18417,CC_SCALARS::GET_CRTCFCC_INT_STENCILS::RESTRICT_EP,2,"CC_RCEDGE(IEDGE)%INT_NPE(HIGH_IND,VIND,EP,0) = NPE_COUNT"
ghost_index_literal,ccib.f90,2302,CC_SCALARS::GET_PRES_CFACE_BCS,6,HN = HX(IBP1)
ghost_index_literal,ccib.f90,5133,CC_SCALARS::MESH_CC_EXCHANGE::CC_TIMEOUT,1,"CALL MPI_ABORT(MPI_COMM_WORLD,0,IERR)"
ghost_index_literal,data.f90,1780,OUTPUT_DATA::COLOR2RGB,18,"RGB = (/0,0,0/)"
ghost_index_literal,divg.f90,829,DIVG::ENTHALPY_ADVECTION_NEW,3,"CALL GET_SCALAR_FACE_VALUE(UU,RHO_H_S_P,FX_H_S,0,IBAR,1,JBAR,1,KBAR,1,I_FLUX_LIM"
ghost_index_literal,divg.f90,1313,DIVG::MERGE_PRESSURE_ZONES,2,"CONNECTED_ZONES(0,IPZ) = 1"
ghost_index_literal,divg.f90,1012,DIVG::SPECIES_ADVECTION_PART_1_NEW,18,"CALL GET_SCALAR_FACE_VALUE(UU,RHO_Z_P,FX_P,0,IBAR,1,JBAR,1,KBAR,1,I_FLUX_LIMITER"
ghost_index_literal,dump.f90,12305,DUMP::DUMP_BNDF_VTKHDF,1,"CALL GET_GEOMSIZES('_____________',0,0,0,0,0,0,NVERTS,NVERTS_CUTCELLS,NFACES,NFA"
ghost_index_literal,dump.f90,12489,DUMP::DUMP_BNDF_VTKHDF::PACK_VTK_GEOM,3,"CALL GET_GEOMSIZES('_____________',0,0,0,0,0,0,NVERTS,NVERTS_CUTCELLS,NFACES,NFA"
ghost_index_literal,dump.f90,6342,DUMP::DUMP_CFACES_GEOM,2,"CALL GET_GEOMSIZES('_____________',0,0,0,0,0,0,NVERTS,NVERTS_CUTCELLS,NFACES,NFA"
ghost_index_literal,dump.f90,193,DUMP::DUMP_MESH_OUTPUTS,1,"CALL DUMP_SLCF(T,DT,NM,0)"
ghost_index_literal,dump.f90,7169,DUMP::DUMP_SLCF,1,"PLOT3D_MIN = QQ(0,0,0,IQ)"
ghost_index_literal,dump.f90,7237,DUMP::DUMP_SLCF::FACE_VALUE,18,"AA(0,0)=EDGE(IE)%U_AVG"
ghost_index_literal,dump.f90,7674,DUMP::DUMP_SLCF_VTK::FACE_VALUE,18,"AA(0,0)=EDGE(IE)%U_AVG"
ghost_index_literal,dump.f90,5110,DUMP::DUMP_SMOKE3D,1,"CALL SMOKE3D_TO_FILE(NM,STIME,N,QQ_PACK,IBP1,JBP1,KBP1)"
ghost_index_literal,dump.f90,8724,DUMP::GAS_PHASE_OUTPUT,12,"GAS_PHASE_OUTPUT_RES = SGN*SQRT(0.25_EB*((U(MAX(0,II-1),JJ,KK)+U(MIN(IBAR,II),JJ"
ghost_index_literal,dump.f90,1075,DUMP::INITIALIZE_MESH_DUMPS,5,"IF (OUT_OF_MESH(MIN(M%IBAR,I+1),J) .AND. OUT_OF_MESH(MAX(0,I-1),J) .AND.  OUT_OF"
ghost_index_literal,dump.f90,4153,DUMP::READ_RESTART,2,"DV%T_E => REALLOCATE(DV%T_E,0,N_T_E_MAX)"
ghost_index_literal,dump.f90,10390,DUMP::SOLID_PHASE_OUTPUT,4,"SOLID_PHASE_OUTPUT = SURFACE_DENSITY(0,SF,ONE_D,MATL_INDEX=M_INDEX)"
ghost_index_literal,dump.f90,2622,DUMP::WRITE_SMOKEVIEW_FILE,6,"WRITE(MYSTR,'__________') MAX(0,VT%I1),MIN(M%IBAR,VT%I2),  MAX(0,VT%J1),MIN(M%JB"
ghost_index_literal,dump.f90,1590,DUMP::WRITE_STL_FILE,1,"COLOR = INT((/0,0,0/),IB8)"
ghost_index_literal,func.f90,6272,GEOMETRY_FUNCTIONS::CIRCLE_CELL_INTERSECTION_AREA,1,"IF (RC <= R2) FC=IBSET(FC,0)"
ghost_index_literal,func.f90,5367,MEMORY_FUNCTIONS::EXCHANGE_GEOMETRY_INFO,1,"CALL MPI_BCAST(M%CELL_INDEX(0,0,0),SIZE(M%CELL_INDEX),MPI_INTEGER,MPI_COMM_NEIGH"
ghost_index_literal,func.f90,2173,PHYSICAL_FUNCTIONS::SURFACE_DENSITY,1,"CASE(0,2,4)"
ghost_index_literal,geom.f90,2089,COMPLEX_GEOMETRY::READ_GEOM,1,"N_LEVELS = MIN(7,MAX(0,N_LEVELS))"
ghost_index_literal,geom.f90,4721,COMPLEX_GEOMETRY::TRILINEAR,1,"TRILINEAR = UU(0,0,0)*(1._EB-XX)*(1._EB-YY)*(1._EB-ZZ) +  UU(1,0,0)*XX*(1._EB-YY"
ghost_index_literal,geom.f90,11227,COMPLEX_GEOMETRY_GRID::BLOCK_CUT_CELL,1,"CALL INSERT_CUT_FACE(NM,II,JJ,KK,0,IFC1,INZONE=INZONE)"
ghost_index_literal,geom.f90,26807,COMPLEX_GEOMETRY_GRID::CC_GRID_BUILD_CUTCELL_MESH_WORK,1,"IF(TERRAIN_CASE .AND. X2AXIS==KAXIS .AND. CC_N_CRS>0)  GEOM_ZMAX_AUX(KK,INDX1(X1"
ghost_index_literal,geom.f90,14619,COMPLEX_GEOMETRY_GRID::CC_GRID_UPDATE_INBOUNDARY_AREA_ADJUST,2,"CALL MPI_ALLREDUCE(MPI_IN_PLACE,GEOM_AREA_SURF_OLD(0,1),(N_SURF+1)*N_GEOMETRY,MP"
ghost_index_literal,geom.f90,5531,COMPLEX_GEOMETRY_GRID::CHECK_WALL_CELL_PLANE_MATCH,6,MSIZE=X(IBAR)-X(0)
ghost_index_literal,geom.f90,9770,COMPLEX_GEOMETRY_GRID::DROP_CUTFACE,1,"CF%NFACE = MAX(0,CF%NFACE - 1)"
ghost_index_literal,geom.f90,5620,COMPLEX_GEOMETRY_GRID::EXCHANGE_CC_NOADVANCE_INFO,1,"M%JBT_CC_BLOCKED(1:4,M%N_CC_BLOCKED) = (/0,BLOCKED_REFI_INTER,0,0/)"
ghost_index_literal,geom.f90,25655,COMPLEX_GEOMETRY_GRID::GET_CARTCELL_CUTCELLS,1,"FACE_LIST(1:CC_NPARAM_CCFACE,NFACE_CELL) = (/ CC_FTYPE_CFINB,0,0,IDCF, NIBFACE,C"
ghost_index_literal,geom.f90,12310,COMPLEX_GEOMETRY_GRID::GET_EXT_INB_CUTFACES_TO_CFACE,1,"IF(N_GEOMETRY>0)  CALL MPI_ALLREDUCE(MPI_IN_PLACE, FDS_AREA_GEOM(0,1), (N_SURF+1"
ghost_index_literal,geom.f90,10286,COMPLEX_GEOMETRY_GRID::GET_REMAINING_CUTFACES,12,"CALL NEW_FACE_ALLOC(NM,IFC,0,1,5)"
ghost_index_literal,hvac.f90,3120,HVAC_ROUTINES::COLLAPSE_HVAC_BC,1,"IF (CONNECTED_ZONES(0,DN%ZONE_INDEX)>0) DN%ZONE_INDEX = 0"
ghost_index_literal,hvac.f90,4028,HVAC_ROUTINES::HVAC_QFAN_CALC,1,"CALL SET_DONOR_QFAN(NR,0)"
ghost_index_literal,hvac.f90,4118,HVAC_ROUTINES::QFAN_SIMPLE,3,"DR%VEL(1,0,1) = SQRT(2._EB*ABS(P1 - P2)/(DR%LOSS(1,0)*DR%RHO_D(1,0)))"
ghost_index_literal,hvac.f90,2228,HVAC_ROUTINES::UPDATE_FAN,5,"DR_MIN = DUCTRUN(DR_INDEX)%VEL(DR_DU,0,1)*DU%AREA*REV_FAC"
ghost_index_literal,hvac.f90,3654,HVAC_ROUTINES::UPDATE_HVAC_MASS_TRANSPORT,1,"ZZ_F(0,:) = DUCTNODE(DU%NODE_INDEX(1))%ZZ(:)"
ghost_index_literal,init.f90,2032,INIT::INITIALIZE_HT3D_WALL_CELLS,2,"WRITE(0,'___________________________________________') '______________',NM,'____"
ghost_index_literal,init.f90,1241,INIT::INITIALIZE_MESH_VARIABLES_2::INITIALIZE_EDGES,12,"IF (J>0) CALL DEFINE_EDGE(     0,J,K, 1,2,NM,0)"
ghost_index_literal,init.f90,2391,INIT::INITIALIZE_POISSON_SOLVER,16,"ALLOCATE(M%BZST(JBP1,IBP1),STAT=IZERO)"
ghost_index_literal,init.f90,82,INIT::INITIALIZE_WALL_ARRAY,3,"CALL INIT_WALL_CELL(NM,I,J,K,0,M%N_WALL_CELLS,IOR,DEFAULT_SURF_INDEX,IERR)"
ghost_index_literal,init.f90,4704,INIT::OPEN_AND_CLOSE,1,"CALL CREATE_OR_REMOVE_OBST(NM,OB%I1,OB%I2,OB%J1,OB%J2,OB%K1,OB%K2,0,N)"
ghost_index_literal,init.f90,5343,INIT::UVW_INIT,6,"IMIN = MAX(0,IMIN)"
ghost_index_literal,main.f90,706,FDS,1,"IF (N_MPI_PROCESSES>1) CALL MPI_BCAST(EX,1,MPI_LOGICAL,0,MPI_COMM_WORLD,IERR)"
ghost_index_literal,main.f90,4602,FDS::DUMP_GLOBAL_OUTPUTS,6,"CALL MPI_REDUCE(MPI_IN_PLACE,Q_DOT_SUM,N_Q_DOT,MPI_DOUBLE_PRECISION,MPI_SUM,0,MP"
ghost_index_literal,main.f90,4135,FDS::DUMP_TIMERS,1,"CALL MPI_SEND(LINE,LINE_LENGTH,MPI_CHARACTER,0,MY_RANK,MPI_COMM_WORLD,IERR)"
ghost_index_literal,main.f90,4513,FDS::EXCHANGE_GLOBAL_OUTPUTS,2,"CALL MPI_SEND(DV%VALUE_1,1,MPI_DOUBLE_PRECISION,0,999,MPI_COMM_WORLD,IERR)"
ghost_index_literal,main.f90,4764,FDS::EXCHANGE_NOBST_INFO,2,"CALL MPI_RECV(INT_EXC,3,MPI_INTEGER,0,0,MPI_COMM_WORLD,MPISTATUS,IERR)"
ghost_index_literal,main.f90,2853,FDS::ZONE_BOUNDARY_EXCHANGE,11,"CALL MPI_BCAST(M%PRESSURE_ZONE(0,0,0),SIZE(M%PRESSURE_ZONE),MPI_INTEGER, MPI_COM"
ghost_index_literal,mass.f90,84,MASS::MASS_FINITE_DIFFERENCES,30,"CALL GET_SCALAR_FACE_VALUE(UU,RHO_Z_P,FX_P,0,IBAR,1,JBAR,1,KBAR,1,I_FLUX_LIMITER"
ghost_index_literal,part.f90,1123,PART::INSERT_ALL_PARTICLES::INSERT_VOLUMETRIC_PARTICLES,2,"INSERT_VOLUME = CONE_MESH_INTERSECTION_VOLUME(NM,X0,Y0,Z0,RR,RRI,HH,0)"
ghost_index_literal,part.f90,3430,PART::MOVE_PARTICLES::GET_FACE_TLW,7,"TLW(0,0,0) = PP * RR * SS"
ghost_index_literal,part.f90,4699,PART::PARTICLE_MOMENTUM_TRANSFER,3,"FVX_D(0,JJ,KK) = FVX_D(0,JJ,KK) + FVX_OTHER"
ghost_index_literal,pois.f90,6326,POIS::FSH12S,1,"CALL FSH13S(W1,0,NB1,NB1,NB2,NB)"
ghost_index_literal,pres.f90,4134,GLOBMAT_SOLVER::COPY_H_OMESH_TO_MESH,2,"IF(CC_IBM) CALL GET_H_GUARD_CUTCELL(0,H)"
ghost_index_literal,pres.f90,4689,GLOBMAT_SOLVER::GET_H_MATRIX_LUDCMP,1,"IF(N_MPI_PROCESSES > 1)  CALL MPI_ALLREDUCE(MPI_IN_PLACE, MB_FACTOR(1,0), 2*N_MP"
ghost_index_literal,pres.f90,5574,GLOBMAT_SOLVER::GET_H_REGFACES,1,"ALLOCATE(IJKBUFFER(IAXIS:KAXIS,1:(IBAR+1)*(JBAR+1)*(KBAR+1)))"
ghost_index_literal,pres.f90,3248,GLOBMAT_SOLVER::REG_INTERP_WALL_DISTANCES,1,"IO  = MERGE(1,0,IOR>0)"
ghost_index_literal,pres.f90,4304,GLOBMAT_SOLVER::WRITE_EWC_TYPE_DIAGNOSTIC,2,"WRITE(0,*) '_____________',NM,'___',IW,'______',NOM,'________________________'"
ghost_index_literal,pres.f90,2026,LOCMAT_SOLVER::ULMAT_GET_H_REGFACES,1,"ALLOCATE(IJKBUFFER(IAXIS:KAXIS,1:(IBAR+1)*(JBAR+1)*(KBAR+1)))"
ghost_index_literal,pres.f90,1290,LOCMAT_SOLVER::ULMAT_SOLVER_SETUP,6,"ALLOCATE(M%BXS(JDIM,KBP1),STAT=IZERO)"
ghost_index_literal,pres.f90,1744,LOCMAT_SOLVER::ULMAT_SOLVE_ZONE,1,"IF (ERROR /= 0) WRITE(0,*) '________________________________________________', E"
ghost_index_literal,pres.f90,81,PRES::PRESSURE_SOLVER_COMPUTE_RHS,23,"BXS(J,K) = HX(0)   *(-FVX(0,J,K)    + EWC%DUNDT)"
ghost_index_literal,pres.f90,452,PRES::PRESSURE_SOLVER_FFT,19,"IF (LBC==3 .OR. LBC==4)             HP(0,J,K)    = HP(1,J,K)    - DXI*BXS(J,K)"
ghost_index_literal,pres.f90,578,PRES::TUNNEL_POISSON_SOLVER,5,"IF(M%CELL(M%CELL_INDEX(0,J,K))%SOLID .OR. M%CELL(M%CELL_INDEX(1,J,K))%SOLID) CYC"
ghost_index_literal,prop.f90,7611,QREF_DATA::DEFINE_QREF_ARRAYS,120,"QFLAME(1,0,0:8,1) = (/0.00_EB,17.38_EB,16.23_EB,15.07_EB,13.91_EB,12.46_EB,11.00"
ghost_index_literal,radi.f90,3201,RAD::INIT_RADIATION,5,"RADCAL_SPECIES2KAPPA(:,:,0,IBND) = RADCAL_SPECIES2KAPPA(:,:,1,IBND)"
ghost_index_literal,read.f90,7736,READ_INPUT::PROC_MATL,2,"CALL INTERPOLATE1D_UNIFORM(0,ML%H,ML%REFERENCE_ENTHALPY_TEMPERATURE,ANS)"
ghost_index_literal,read.f90,15089,READ_INPUT::PROC_OBST,3,"IF (.NOT.CELL(IC1)%SOLID .AND. .NOT.CELL(IC2)%SOLID) CALL BLOCK_CELL(NM,I,I,J,J,"
ghost_index_literal,read.f90,5888,READ_INPUT::PROC_REAC_2,1,"CPBAR_Z(0,NS) = CPBAR_Z(0,NS) + D_H_F"
ghost_index_literal,read.f90,4500,READ_INPUT::PROC_SMIX,9,"IF (J==1) CP_Z(0,N) = CP_Z(1,N)"
ghost_index_literal,read.f90,4222,READ_INPUT::PROC_SPEC_1,5,"SS_CP(N,0) = SS_CP(N,1)"
ghost_index_literal,read.f90,343,READ_INPUT::READ_CATF,2,"CALL COPY_FILE_TO_CAT(LU_INPUT,LU_CATF,0)"
ghost_index_literal,read.f90,105,READ_INPUT::READ_DATA,1,"ORIENTATION_VECTOR(1:3,0) = (/0._EB,0._EB,-1._EB/)"
ghost_index_literal,read.f90,14006,READ_INPUT::READ_DEVC,2,"ORIENTATION_VECTOR => REALLOCATE2D(ORIENTATION_VECTOR,1,3,0,N_ORIENTATION_VECTOR"
ghost_index_literal,read.f90,11867,READ_INPUT::READ_HOLE,3,"X2 = MIN(X2,XF+0.001_EB*DX(IBP1))"
ghost_index_literal,read.f90,11056,READ_INPUT::READ_OBST,12,"CALL SEARCH_OTHER_MESHES(XF+0.01_EB*DX(IBP1),0.5_EB*(MAX(YS,XB3)+MIN(YF,XB4)),0."
ghost_index_literal,read.f90,6294,READ_INPUT::READ_PART,2,"ORIENTATION_VECTOR => REALLOCATE2D(ORIENTATION_VECTOR,1,3,0,N_ORIENTATION_VECTOR"
ghost_index_literal,read.f90,3461,READ_INPUT::READ_SPEC,1,"CALL SETUP_PREDEFINED_SMIX(N1,0)"
ghost_index_literal,read.f90,8538,READ_INPUT::READ_SURF,1,"SF%THICK2QREF(NNN,0) = NNNN"
ghost_index_literal,read.f90,1186,READ_INPUT::READ_TRAN,2,"T%C1(0,IC) = 0._EB"
ghost_index_literal,read.f90,12370,READ_INPUT::READ_VENT,10,IF (XB_MESH(1)-XF>=0.5_EB*DX(IBP1) .OR. XS-XB_MESH(2)>=0.5_EB*DX(0) .OR.  XB_MES
ghost_index_literal,smvv.f90,769,ISOSMOKE::GETISOBOX,1,"V1 = CASE2(EDGE2VERTEX(EDGE,0))"
ghost_index_literal,smvv.f90,903,ISOSMOKE::SLICE_TO_RLEFILE,1,"IVAL = MAX(0, IVAL)"
ghost_index_literal,soot.f90,294,SOOT_ROUTINES::CALC_AGGLOMERATION,3,"IM1 = MAX(0,I-1)"
ghost_index_literal,soot.f90,209,SOOT_ROUTINES::INITIALIZE_AGGLOMERATION,1,"BIN_M(N,0)= MIN_PARTICLE_MASS"
ghost_index_literal,turb.f90,843,TURBULENCE::EX2G3D,6,"A(0,:,:) = MIN(A_MAX,MAX(A_MIN,2._EB*A(1,:,:)-A(2,:,:)))"
ghost_index_literal,turb.f90,2530,TURBULENCE::FFT3D_F90,1,"CALL FOURIER_F2003(VHT,NN,3,-1,0,Z2)"
ghost_index_literal,turb.f90,947,TURBULENCE::FILL_EDGES,8,"A(0,0,0) = 2._EB*A(1,1,1) - A(2,2,2)"
ghost_index_literal,turb.f90,1056,TURBULENCE::TEST_FILTER,6,"HAT(0,J,K) = 2._EB * HAT(0+1,J,K) - HAT(0+2,J,K)"
ghost_index_literal,vege.f90,145,VEGE::INITIALIZE_LEVEL_SET_FIRESPREAD_1,7,"Z_LS(1:IBAR,   0) = 2._EB*Z_LS(1:IBAR,   1) - Z_LS(1:IBAR,   2)"
ghost_index_literal,vege.f90,182,VEGE::INITIALIZE_LEVEL_SET_FIRESPREAD_2,3,"Z_LS(IBP1,   0) = Z_LS(IBAR,   1)"
ghost_index_literal,velo.f90,376,VELO::COMPUTE_VISCOSITY,24,"MU(   0,0:JBP1,   0) = MU(   1,0:JBP1,1)"
ghost_index_literal,velo.f90,2728,VELO::MATCH_VELOCITY,9,"IF (EWC%AREA_RATIO>0.9_EB) OM_UU(IIO,JJO,KKO) = 0.5_EB*(OM_UU(IIO,JJO,KKO)+UU(0,"
ghost_index_literal,velo.f90,2951,VELO::MATCH_VELOCITY_FLUX,3,"FVX(0,JJ,KK) = 0.5_EB*(FVX(0,JJ,KK) + FVX_OTHER)"
ghost_index_literal,velo.f90,2126,VELO::VELOCITY_BC,25,"IF (KK==0    .AND. IOR== 3) U_NORM = 0.5_EB*(WW(II,JJ,0)    + WW(II,JJ+1,   0))"
ghost_index_literal,vtkf.f90,2287,VTK_FDS_INTERFACE::INITIALIZE_VTKHDF_BNDF_STEP1,2,"CALL GET_GEOMSIZES_DUP('_____________',0,0,0,0,0,0,NVERTS,NVERTS_CUTCELLS,NFACES"
ghost_index_literal,vtkf.f90,2585,VTK_FDS_INTERFACE::INITIALIZE_VTKHDF_BNDF_STEP2,2,"CALL GET_GEOMSIZES_DUP('_____________',0,0,0,0,0,0,NVERTS,NVERTS_CUTCELLS,NFACES"
ghost_index_literal,vtkf.f90,1738,VTK_FDS_INTERFACE::WRITE_VTKHDF_GEOM_FILE,4,"CALL GET_GEOMSIZES_DUP('_____________',0,0,0,0,0,0,NVERTS,NVERTS_CUTCELLS,NFACES"
ghost_index_literal,wall.f90,1231,WALL_ROUTINES::CALCULATE_ZZ_F,2,"DO IDX1 = 1, SF%THICK2QREF(N,0)"
ghost_index_literal,wall.f90,559,WALL_ROUTINES::GET_TRILINEAR_WEIGHTS,7,"TLW(0,0,0) = PP * RR * SS"
ghost_index_literal,wall.f90,3819,WALL_ROUTINES::TGA_ANALYSIS,2,"SURF_DEN(0) = SURFACE_DENSITY(0,SF,ONE_D)"
loop_ghost_extent,ccib.f90,2732,CC_SCALARS::CC_PROJECT_VELOCITY,6,"DO I=0,IBAR"
loop_ghost_extent,ccib.f90,3560,CC_SCALARS::CC_RESTORE_UVW_UNLINKED,6,"DO K=0,KBAR"
loop_ghost_extent,ccib.f90,15163,CC_SCALARS::CC_VELOCITY_FLUX,3,"DO I=0,IBAR"
loop_ghost_extent,ccib.f90,1873,CC_SCALARS::COMPUTE_LINKED_CUTFACE_BAROCLINIC,3,"DO K=0,KBAR"
loop_ghost_extent,ccib.f90,23348,CC_SCALARS::GET_LINKED_FACE_INDEXES_F,3,"DO K=0,M%KBAR"
loop_ghost_extent,ccib.f90,15246,CC_SCALARS::GET_LINKED_FV,6,"DO K=0,KBAR"
loop_ghost_extent,ccib.f90,22999,CC_SCALARS::GET_LINKED_MATRIX_INDEXES_Z,3,"DO K=0,KBP1"
loop_ghost_extent,ccib.f90,3031,CC_SCALARS::GET_LINKED_VELOCITIES,12,"DO K=0,KBAR"
loop_ghost_extent,ccib.f90,19607,CC_SCALARS::GET_RCEDGE_FACE_LIST,6,"DO K=0,M%KBAR"
loop_ghost_extent,ccib.f90,6247,CC_SCALARS::ROTATED_CUBE_ANN_SOLN,9,"DO K=0,KBP1"
loop_ghost_extent,ccib.f90,6126,CC_SCALARS::ROTATED_CUBE_VELOCITY_FLUX,2,"DO I=0,IBAR"
loop_ghost_extent,ccib.f90,8191,CC_SCALARS::SET_EXIMDIFFLX_3D,3,"DO I=0,MESHES(NM)%IBAR"
loop_ghost_extent,divg.f90,133,DIVG::DIVERGENCE_PART_1,18,"DO K=0,KBP1"
loop_ghost_extent,divg.f90,814,DIVG::ENTHALPY_ADVECTION_NEW,3,"DO K=-1,KBP1+1"
loop_ghost_extent,divg.f90,998,DIVG::SPECIES_ADVECTION_PART_1_NEW,9,"DO K=-1,KBP1+1"
loop_ghost_extent,dump.f90,4904,DUMP::DUMP_ISOF,21,"DO K=0,KBAR"
loop_ghost_extent,dump.f90,6806,DUMP::DUMP_SLCF,9,"DO K=0,KBAR"
loop_ghost_extent,dump.f90,7425,DUMP::DUMP_SLCF_VTK,3,"DO K=0,KBAR"
loop_ghost_extent,dump.f90,5076,DUMP::DUMP_SMOKE3D,9,"DO K=0,KBP1"
loop_ghost_extent,dump.f90,5236,DUMP::DUMP_SMOKE3D_VTKHDF,3,"DO K=0,KBP1-1"
loop_ghost_extent,dump.f90,5128,DUMP::GET_SMOKE3D_QQ,9,"DO K=0,KBP1"
loop_ghost_extent,dump.f90,1011,DUMP::INITIALIZE_MESH_DUMPS,10,"DO I=0,IBAR"
loop_ghost_extent,dump.f90,2516,DUMP::WRITE_SMOKEVIEW_FILE,3,"DO I=0,M%IBAR"
loop_ghost_extent,func.f90,2845,PHYSICAL_FUNCTIONS::COMPUTE_WIND_COMPONENTS,1,"DO K=0,M%KBP1"
loop_ghost_extent,geom.f90,10904,COMPLEX_GEOMETRY_GRID::BLOCK_SMALL_UNLINKED_CUTCELLS,21,"DO K=-1,M%KBAR+2"
loop_ghost_extent,geom.f90,15907,COMPLEX_GEOMETRY_GRID::CC_GRID_FINALIZE_TERRAIN,2,"DO J=0,JBAR"
loop_ghost_extent,geom.f90,5884,COMPLEX_GEOMETRY_GRID::CC_GRID_SEED_LINK_UNKZ,3,"DO K=0,M%KBP1"
loop_ghost_extent,geom.f90,13997,COMPLEX_GEOMETRY_GRID::GET_CC_FACE_CELL_LIST_INFO,6,"DO K=0,M%KBAR+1"
loop_ghost_extent,geom.f90,6936,COMPLEX_GEOMETRY_GRID::GET_REGULAR_CUT_EDGES_BC,12,"DO K=0,KBAR"
loop_ghost_extent,geom.f90,9897,COMPLEX_GEOMETRY_GRID::GET_REMAINING_CUTCELLS,12,"DO K=-1,M%KBAR+2"
loop_ghost_extent,geom.f90,10146,COMPLEX_GEOMETRY_GRID::GET_REMAINING_CUTFACES,18,"DO K=-1,M%KBAR+2"
loop_ghost_extent,geom.f90,7601,COMPLEX_GEOMETRY_GRID::GET_SOLID_CUTCELL_EDGES_BC,12,"DO K=0,KBAR"
loop_ghost_extent,geom.f90,9602,COMPLEX_GEOMETRY_GRID::INSERT_CUT_FACE,3,"DO KDUM=0,MESHES(NM)%KBP1"
loop_ghost_extent,init.f90,473,INIT::INITIALIZE_ATMOSPHERE,1,"DO K=0,M%KBP1"
loop_ghost_extent,init.f90,724,INIT::INITIALIZE_MESH_VARIABLES_1,19,"DO K=0,M%KBP1"
loop_ghost_extent,init.f90,1051,INIT::INITIALIZE_MESH_VARIABLES_2,1,"DO K=0,M%KBP1"
loop_ghost_extent,init.f90,1239,INIT::INITIALIZE_MESH_VARIABLES_2::INITIALIZE_EDGES,6,"DO K=0,M%KBAR"
loop_ghost_extent,mass.f90,463,MASS::DENSITY,6,"DO K=0,KBAR"
loop_ghost_extent,mass.f90,70,MASS::MASS_FINITE_DIFFERENCES,9,"DO K=-1,KBP1+1"
loop_ghost_extent,part.f90,4606,PART::CLIP_PARTICLE_DRAG,3,"DO K=0,KBAR"
loop_ghost_extent,pres.f90,758,PRES::PRESSURE_SOLVER_CHECK_RESIDUALS,3,"DO K=0,KBP1"
loop_ghost_extent,radi.f90,5106,RAD::COMPUTE_RADIATION::ADD_VOLUMETRIC_HEAT_SOURCE,3,"DO K=0,KBP1"
loop_ghost_extent,read.f90,15083,READ_INPUT::PROC_OBST,6,"DO K=0,KBP1,KBP1"
loop_ghost_extent,read.f90,11625,READ_INPUT::READ_OBST,9,"DO K=0,KBP1"
loop_ghost_extent,read.f90,16578,READ_INPUT::READ_RADF,3,"DO I=0,IBP1"
loop_ghost_extent,read.f90,1282,READ_INPUT::READ_TRAN,6,"DO I=0,M%IBAR"
loop_ghost_extent,soot.f90,60,SOOT_ROUTINES::SETTLING_VELOCITY,3,"DO K=0,KBAR"
loop_ghost_extent,turb.f90,3355,MANUFACTURED_SOLUTIONS::SAAD_MMS_1,3,"DO K=0,KBP1"
loop_ghost_extent,turb.f90,3394,MANUFACTURED_SOLUTIONS::SHUNN_MMS_3,3,"DO K=0,KBP1"
loop_ghost_extent,turb.f90,189,TURBULENCE::COMPRESSION_WAVE,9,"DO I=0,IBAR"
loop_ghost_extent,turb.f90,120,TURBULENCE::NS_ANALYTICAL_SOLUTION,5,"DO I=0,IBAR"
loop_ghost_extent,turb.f90,1325,TURBULENCE::TENSOR_DIFFUSIVITY_MODEL,6,"DO I=0,IBAR"
loop_ghost_extent,turb.f90,1054,TURBULENCE::TEST_FILTER,6,"DO K = 0,KBP1"
loop_ghost_extent,turb.f90,385,TURBULENCE::TWOD_SOBOROT_UMD,6,"DO K=0,KBP1"
loop_ghost_extent,turb.f90,306,TURBULENCE::TWOD_VORTEX_CERFACS,6,"DO K=0,KBAR"
loop_ghost_extent,turb.f90,342,TURBULENCE::TWOD_VORTEX_UMD,6,"DO K=0,KBAR"
loop_ghost_extent,vege.f90,886,VEGE::LEVEL_SET_ADVECT_FLUX,2,"DO I=0,IBAR"
loop_ghost_extent,velo.f90,3254,VELO::BAROCLINIC_CORRECTION,6,"DO K=0,KBP1"
loop_ghost_extent,velo.f90,1726,VELO::VELOCITY_CORRECTOR,5,"DO I=0,IBAR"
loop_ghost_extent,velo.f90,619,VELO::VELOCITY_FLUX,7,"DO K=0,KBAR"
loop_ghost_extent,velo.f90,994,VELO::VELOCITY_FLUX::CORIOLIS_FORCE,3,"DO I=0,IBAR"
loop_ghost_extent,velo.f90,898,VELO::VELOCITY_FLUX::DIRECT_FORCE,3,"DO I=0,IBAR"
loop_ghost_extent,velo.f90,1042,VELO::VELOCITY_FLUX::MMS_VELOCITY_FLUX,2,"DO I=0,IBAR"
loop_ghost_extent,velo.f90,1243,VELO::VELOCITY_FLUX_CYLINDRICAL,4,"DO K=0,KBAR"
loop_ghost_extent,velo.f90,1605,VELO::VELOCITY_PREDICTOR,5,"DO I=0,IBAR"
loop_owned_extent,ccib.f90,16315,CC_SCALARS::CC_CHECK_DIVERGENCE,6,"DO K=1,KBAR"
loop_owned_extent,ccib.f90,12566,CC_SCALARS::CC_CHECK_MASS_DENSITY,24,"DO K=1,KBAR"
loop_owned_extent,ccib.f90,13098,CC_SCALARS::CC_CHECK_MASS_DENSITY::CC_CV_RHOZZ_AVERAGE,9,"DO K=1,KBAR"
loop_owned_extent,ccib.f90,5901,CC_SCALARS::CC_COMPUTE_VISCOSITY,3,"DO K=1,KBAR"
loop_owned_extent,ccib.f90,11773,CC_SCALARS::CC_DENSITY,12,"DO K=1,KBAR"
loop_owned_extent,ccib.f90,8383,CC_SCALARS::CC_DIVERGENCE_PART_1,30,"DO K=1,KBAR"
loop_owned_extent,ccib.f90,2730,CC_SCALARS::CC_PROJECT_VELOCITY,12,"DO K=1,KBAR"
loop_owned_extent,ccib.f90,6524,CC_SCALARS::CC_ROTATED_CUBE_RHS_ZZ,3,"DO K=1,KBAR"
loop_owned_extent,ccib.f90,7547,CC_SCALARS::CC_SET_DATA::GET_LINKED_CELLS_BBOX,3,"DO K=1,KBAR"
loop_owned_extent,ccib.f90,7450,CC_SCALARS::CC_SET_DATA::SET_CFACES_P1_RDN,3,"DO K=1,KBAR"
loop_owned_extent,ccib.f90,15161,CC_SCALARS::CC_VELOCITY_FLUX,6,"DO K=1,KBAR"
loop_owned_extent,ccib.f90,864,CC_SCALARS::CHECK_CFLVN_LINKED_CELLS,3,"DO K=1,KBAR"
loop_owned_extent,ccib.f90,12487,CC_SCALARS::GET_EXPLICIT_ADVDIFFVECTOR_SCALAR_3D,3,"DO K=1,KBAR"
loop_owned_extent,ccib.f90,2088,CC_SCALARS::GET_FH_FROM_PRHS_AND_BCS,3,"DO K=1,KBAR"
loop_owned_extent,ccib.f90,22983,CC_SCALARS::GET_LINKED_MATRIX_INDEXES_Z,12,"DO K=1,KBAR"
loop_owned_extent,ccib.f90,21253,CC_SCALARS::GET_MMATRIX_SCALAR_3D,3,"DO K=1,KBAR"
loop_owned_extent,ccib.f90,12003,CC_SCALARS::GET_M_DOT_PPP_SCALAR_3D,3,"DO K=1,KBAR"
loop_owned_extent,ccib.f90,19609,CC_SCALARS::GET_RCEDGE_FACE_LIST,3,"DO I=1,M%IBAR"
loop_owned_extent,ccib.f90,13442,CC_SCALARS::GET_RHOZZVECTOR_SCALAR_3D,6,"DO K=1,KBAR"
loop_owned_extent,ccib.f90,13319,CC_SCALARS::GET_RHOZZ_CC_3D,3,"DO K=1,KBAR"
loop_owned_extent,ccib.f90,6629,CC_SCALARS::GET_SHUNN3_QZ,3,"DO K=1,KBAR"
loop_owned_extent,ccib.f90,7708,CC_SCALARS::INIT_CUTCELL_DATA,6,"DO K=1,KBAR"
loop_owned_extent,ccib.f90,13408,CC_SCALARS::PUT_RHOZZVECTOR_SCALAR_3D,3,"DO K=1,KBAR"
loop_owned_extent,ccib.f90,6442,CC_SCALARS::ROTATED_CUBE_RHS_ZZ,3,"DO K=1,KBAR"
loop_owned_extent,ccib.f90,6124,CC_SCALARS::ROTATED_CUBE_VELOCITY_FLUX,4,"DO K=1,KBAR"
loop_owned_extent,ccib.f90,8189,CC_SCALARS::SET_EXIMDIFFLX_3D,6,"DO K=1,MESHES(NM)%KBAR"
loop_owned_extent,divg.f90,1675,DIVG::CHECK_DIVERGENCE,3,"DO K=1,KBAR"
loop_owned_extent,divg.f90,390,DIVG::DIVERGENCE_PART_1,45,"DO K=1,KBAR"
loop_owned_extent,divg.f90,1525,DIVG::DIVERGENCE_PART_2,12,"DO K=1,KBAR"
loop_owned_extent,divg.f90,946,DIVG::ENTHALPY_ADVECTION_NEW,3,"DO K=1,KBAR"
loop_owned_extent,divg.f90,1269,DIVG::SPECIES_ADVECTION_PART_2,3,"DO K=1,KBAR"
loop_owned_extent,dump.f90,4888,DUMP::DUMP_ISOF,3,"DO K=1,KBAR"
loop_owned_extent,dump.f90,12864,DUMP::DUMP_SPEC,3,"DO K=1,KBAR"
loop_owned_extent,dump.f90,12835,DUMP::DUMP_TMP,3,"DO K=1,KBAR"
loop_owned_extent,dump.f90,5800,DUMP::GET_GEOMINFO,6,"DO K=1,KBAR"
loop_owned_extent,dump.f90,5421,DUMP::GET_GEOMSIZES,6,"DO K = 1, KBAR"
loop_owned_extent,dump.f90,6192,DUMP::GET_GEOMVALS,6,"DO K=1,KBAR"
loop_owned_extent,dump.f90,11656,DUMP::UPDATE_HRR,3,"DO K=1,KBAR"
loop_owned_extent,dump.f90,11885,DUMP::UPDATE_MASS,3,"DO K=1,KBAR"
loop_owned_extent,dump.f90,2944,DUMP::WRITE_SMOKEVIEW_FILE::ADD_EXTERIOR_VENTS,6,"DO K=1,M%KBAR"
loop_owned_extent,fire.f90,123,FIRE::COMBUSTION_GENERAL_LOAD_BALANCED,3,"DO K=1,KBAR"
loop_owned_extent,fire.f90,1974,FIRE::CONDENSATION_EVAPORATION,3,"DO K = 1, KBAR"
loop_owned_extent,func.f90,6230,GEOMETRY_FUNCTIONS::BLOCK_MESH_INTERSECTION_VOLUME,3,"DO K=1,M%KBAR"
loop_owned_extent,geom.f90,14334,COMPLEX_GEOMETRY_GRID::CC_GRID_ACCUMULATE_BLOCKED_INB_AREA_OLD,3,"DO K=1,M%KBAR"
loop_owned_extent,geom.f90,14734,COMPLEX_GEOMETRY_GRID::CC_GRID_WRITE_VERBOSE_SUMMARY,3,"DO K=1,KBAR"
loop_owned_extent,geom.f90,5584,COMPLEX_GEOMETRY_GRID::EXCHANGE_CC_NOADVANCE_INFO,6,"DO K=1,M%KBAR"
loop_owned_extent,geom.f90,6938,COMPLEX_GEOMETRY_GRID::GET_REGULAR_CUT_EDGES_BC,6,"DO I=1,IBAR"
loop_owned_extent,geom.f90,7618,COMPLEX_GEOMETRY_GRID::GET_SOLID_CUTCELL_EDGES_BC,6,"DO I=1,IBAR"
loop_owned_extent,init.f90,1061,INIT::INITIALIZE_MESH_VARIABLES_2,3,"DO K=1,M%KBAR"
loop_owned_extent,init.f90,1573,INIT::INITIALIZE_MESH_VARIABLES_2::INITIALIZE_INTERPOLATION,3,"DO K=1,M%KBAR"
loop_owned_extent,init.f90,79,INIT::INITIALIZE_WALL_ARRAY,6,"DO K=1,M%KBAR"
loop_owned_extent,init.f90,5266,INIT::INITIAL_NOISE,3,"DO I=1,IBAR"
loop_owned_extent,main.f90,2662,FDS::INITIALIZE_PRESSURE_ZONES,9,"DO K=1,M%KBAR"
loop_owned_extent,mass.f90,443,MASS::DENSITY,36,"DO K=1,KBAR"
loop_owned_extent,mass.f90,799,MASS::DENSITY::CHECK_MASS_DENSITY,12,"DO K=1,KBAR"
loop_owned_extent,mass.f90,980,MASS::DENSITY::CLIP_PASSIVE_SCALARS,3,"DO K=1,KBAR"
loop_owned_extent,part.f90,4487,PART::PARTICLE_MASS_ENERGY_TRANSFER::PARTICLE_RUNNING_AVERAGES,3,"DO K=1,KBAR"
loop_owned_extent,pres.f90,5741,GLOBMAT_SOLVER::GET_MATRIX_INDEXES_H,12,"DO K=1,KBAR"
loop_owned_extent,pres.f90,3375,GLOBMAT_SOLVER::GLMAT_SOLVER,9,"DO K=1,KBAR"
loop_owned_extent,pres.f90,5920,GLOBMAT_SOLVER::PRESSURE_SOLVER_CHECK_RESIDUALS_U,6,"DO K=1,KBAR"
loop_owned_extent,pres.f90,5863,GLOBMAT_SOLVER::SET_CCVAR_CGSC_H,3,"DO K=1,KBAR"
loop_owned_extent,pres.f90,1326,LOCMAT_SOLVER::ULMAT_SOLVER_SETUP,6,"DO K=1,KBAR"
loop_owned_extent,pres.f90,1686,LOCMAT_SOLVER::ULMAT_SOLVE_ZONE,16,"DO K=1,KBAR"
loop_owned_extent,pres.f90,729,PRES::PRESSURE_SOLVER_CHECK_RESIDUALS,6,"DO K=1,KBAR"
loop_owned_extent,pres.f90,238,PRES::PRESSURE_SOLVER_COMPUTE_RHS,14,"DO K=1,KBAR"
loop_owned_extent,pres.f90,394,PRES::PRESSURE_SOLVER_FFT,19,"DO K=1,KBAR"
loop_owned_extent,pres.f90,531,PRES::TUNNEL_POISSON_SOLVER,12,"DO K=1,M%KBAR"
loop_owned_extent,radi.f90,3958,RAD::COMPUTE_RADIATION::RADIATION_FVM,26,"DO K=1,KBAR"
loop_owned_extent,read.f90,15087,READ_INPUT::PROC_OBST,3,"DO I=1,IBAR"
loop_owned_extent,read.f90,16230,READ_INPUT::READ_SLCF,3,"DO I=1,IBAR"
loop_owned_extent,read.f90,1320,READ_INPUT::READ_TRAN,4,"DO I=1,M%IBAR"
loop_owned_extent,read.f90,13697,READ_INPUT::READ_ZONE,3,"DO K=1,M%KBAR"
loop_owned_extent,soot.f90,282,SOOT_ROUTINES::CALC_AGGLOMERATION,3,"DO K=1,KBAR"
loop_owned_extent,soot.f90,162,SOOT_ROUTINES::SETTLING_VELOCITY,3,"DO K=1,KBAR"
loop_owned_extent,turb.f90,819,TURBULENCE::CALC_VARDEN_LEONARD_TERM,3,"DO K = 1,KBAR"
loop_owned_extent,turb.f90,187,TURBULENCE::COMPRESSION_WAVE,27,"DO K=1,KBAR"
loop_owned_extent,turb.f90,882,TURBULENCE::FILL_EDGES,12,"DO I=1,IBAR"
loop_owned_extent,turb.f90,118,TURBULENCE::NS_ANALYTICAL_SOLUTION,7,"DO K=1,KBAR"
loop_owned_extent,turb.f90,2430,TURBULENCE::SANDIA_OUT,3,"DO K=1,M%KBAR"
loop_owned_extent,turb.f90,2371,TURBULENCE::SPECTRAL_OUTPUT,3,"DO K=1,M%KBAR"
loop_owned_extent,turb.f90,1323,TURBULENCE::TENSOR_DIFFUSIVITY_MODEL,12,"DO K=1,KBAR"
loop_owned_extent,turb.f90,501,TURBULENCE::VARDEN_DYNSMAG,15,"DO K = 1,KBAR"
loop_owned_extent,vege.f90,618,VEGE::GET_BOUNDARY_VALUES,4,"DO II=1,IBAR"
loop_owned_extent,vege.f90,117,VEGE::INITIALIZE_LEVEL_SET_FIRESPREAD_1,2,"DO J=1,JBAR"
loop_owned_extent,vege.f90,239,VEGE::INITIALIZE_LEVEL_SET_FIRESPREAD_2,4,"DO I = 1,IBAR"
loop_owned_extent,vege.f90,885,VEGE::LEVEL_SET_ADVECT_FLUX,4,"DO J=1,JBAR"
loop_owned_extent,vege.f90,333,VEGE::LEVEL_SET_FIRESPREAD,6,"DO JJG=1,JBAR"
loop_owned_extent,vege.f90,763,VEGE::LEVEL_SET_SPREAD_RATE,2,"DO J=1,JBAR"
loop_owned_extent,velo.f90,3267,VELO::BAROCLINIC_CORRECTION,6,"DO K=1,KBAR"
loop_owned_extent,velo.f90,3059,VELO::CHECK_STABILITY,6,"DO K=1,KBAR"
loop_owned_extent,velo.f90,80,VELO::COMPUTE_VISCOSITY,21,"DO K=1,KBAR"
loop_owned_extent,velo.f90,413,VELO::COMPUTE_VISCOSITY::COMPUTE_STRAIN_RATE,3,"DO K=1,KBAR"
loop_owned_extent,velo.f90,1724,VELO::VELOCITY_CORRECTOR,10,"DO K=1,KBAR"
loop_owned_extent,velo.f90,662,VELO::VELOCITY_FLUX,6,"DO K=1,KBAR"
loop_owned_extent,velo.f90,970,VELO::VELOCITY_FLUX::CORIOLIS_FORCE,9,"DO K=1,KBAR"
loop_owned_extent,velo.f90,896,VELO::VELOCITY_FLUX::DIRECT_FORCE,6,"DO K=1,KBAR"
loop_owned_extent,velo.f90,1040,VELO::VELOCITY_FLUX::MMS_VELOCITY_FLUX,4,"DO K=1,KBAR"
loop_owned_extent,velo.f90,1270,VELO::VELOCITY_FLUX_CYLINDRICAL,2,"DO K= 1,KBAR"
loop_owned_extent,velo.f90,1603,VELO::VELOCITY_PREDICTOR,10,"DO K=1,KBAR"
loop_owned_extent,vtkf.f90,3385,VTK_FDS_INTERFACE::GET_GEOMINFO_DUP,6,"DO K=1,KBAR"
loop_owned_extent,vtkf.f90,2982,VTK_FDS_INTERFACE::GET_GEOMSIZES_DUP,6,"DO K = 1, KBAR"
