kind,owner,name,decl,evidence,n_sites,notes
module_array_by_mesh,CC_SCALARS,NUNKZ_LOC,ccib.f90:66,ccib.f90:22969[1:NMESHES] in GET_LINKED_MATRIX_INDEXES_Z,1,
module_array_by_mesh,CC_SCALARS,NUNKZ_TOT,ccib.f90:66,ccib.f90:23097[1:NMESHES] in GET_LINKED_MATRIX_INDEXES_Z,1,
module_array_by_mesh,CC_SCALARS,UNKZ_ILC,ccib.f90:66,ccib.f90:23105[1:NMESHES] in GET_LINKED_MATRIX_INDEXES_Z,1,
module_array_by_mesh,CC_SCALARS,UNKZ_IND,ccib.f90:66,ccib.f90:23107[1:NMESHES] in GET_LINKED_MATRIX_INDEXES_Z,1,
module_array_by_mesh,COMPLEX_GEOMETRY_GRID,FM_PENDING_BLOCK_SCAN,geom.f90:5380,geom.f90:12865[1:NMESHES] in CC_GRID_EXCHANGE_AND_REBLOCK,1,
module_array_by_mesh,FDS,DT_NEW,main.f90:67,main.f90:1334[NMESHES] in MPI_INITIALIZATION_CHORES,1,
module_array_by_mesh,FDS,REAL_BUFFER_10,main.f90:91,"main.f90:1284[10,NMESHES] in MPI_INITIALIZATION_CHORES",1,
module_array_by_mesh,FDS,REAL_BUFFER_20,main.f90:91,"main.f90:1285[20,NMESHES] in MPI_INITIALIZATION_CHORES",1,
module_array_by_mesh,GLOBAL_CONSTANTS,CELL_COUNT,cons.f90:643,read.f90:11592[NMESHES] in READ_OBST,1,
module_array_by_mesh,GLOBAL_CONSTANTS,CELL_COUNT_INTEGERS,cons.f90:643,read.f90:11593[NMESHES] in READ_OBST,1,
module_array_by_mesh,GLOBAL_CONSTANTS,CELL_COUNT_LOGICALS,cons.f90:643,read.f90:11594[NMESHES] in READ_OBST,1,
module_array_by_mesh,GLOBAL_CONSTANTS,CHANGE_TIME_STEP_INDEX,cons.f90:302,read.f90:582[NMESHES] in READ_MESH,1,
module_array_by_mesh,GLOBAL_CONSTANTS,EDGE_COUNT,cons.f90:644,read.f90:11596[NMESHES] in READ_OBST,1,
module_array_by_mesh,GLOBAL_CONSTANTS,FN_BNDF,cons.f90:621,"dump.f90:420[2*N_BNDF,NMESHES] in ASSIGN_FILE_NAMES",1,
module_array_by_mesh,GLOBAL_CONSTANTS,FN_BNDF_VTK,cons.f90:622,dump.f90:448[NMESHES+1] in ASSIGN_FILE_NAMES,1,
module_array_by_mesh,GLOBAL_CONSTANTS,FN_BNDG,cons.f90:621,"dump.f90:425[2*N_BNDF,NMESHES] in ASSIGN_FILE_NAMES",1,
module_array_by_mesh,GLOBAL_CONSTANTS,FN_CFACE_GEOM,cons.f90:620,dump.f90:423[NMESHES] in ASSIGN_FILE_NAMES,1,
module_array_by_mesh,GLOBAL_CONSTANTS,FN_CORE,cons.f90:619,dump.f90:440[NMESHES] in ASSIGN_FILE_NAMES,1,
module_array_by_mesh,GLOBAL_CONSTANTS,FN_ISOF,cons.f90:621,"dump.f90:410[N_ISOF,NMESHES] in ASSIGN_FILE_NAMES",1,
module_array_by_mesh,GLOBAL_CONSTANTS,FN_ISOF2,cons.f90:621,"dump.f90:412[N_ISOF,NMESHES] in ASSIGN_FILE_NAMES",1,
module_array_by_mesh,GLOBAL_CONSTANTS,FN_OBST_VTK,cons.f90:622,dump.f90:449[NMESHES+1] in ASSIGN_FILE_NAMES,1,
module_array_by_mesh,GLOBAL_CONSTANTS,FN_PART,cons.f90:619,dump.f90:438[2*NMESHES] in ASSIGN_FILE_NAMES,1,
module_array_by_mesh,GLOBAL_CONSTANTS,FN_PART_VTK,cons.f90:623,"dump.f90:451[N_LAGRANGIAN_CLASSES,NMESHES+1] in ASSIGN_FILE_NAMES",1,
module_array_by_mesh,GLOBAL_CONSTANTS,FN_PL3D,cons.f90:619,dump.f90:407[2*NMESHES] in ASSIGN_FILE_NAMES,1,
module_array_by_mesh,GLOBAL_CONSTANTS,FN_RADF,cons.f90:621,"dump.f90:429[N_RADF_MAX,NMESHES] in ASSIGN_FILE_NAMES",1,
module_array_by_mesh,GLOBAL_CONSTANTS,FN_RESTART,cons.f90:620,dump.f90:442[NMESHES] in ASSIGN_FILE_NAMES,1,
module_array_by_mesh,GLOBAL_CONSTANTS,FN_SL3D_VTK,cons.f90:623,"dump.f90:446[MESHES(1)%N_UNIQUE_SLCF,NMESHES+1] in ASSIGN_FILE_NAMES",1,
module_array_by_mesh,GLOBAL_CONSTANTS,FN_SLCF,cons.f90:621,"dump.f90:414[3*N_SLCF_MAX,NMESHES] in ASSIGN_FILE_NAMES",1,
module_array_by_mesh,GLOBAL_CONSTANTS,FN_SLCF_GEOM,cons.f90:621,"dump.f90:416[N_SLCF_MAX,NMESHES] in ASSIGN_FILE_NAMES",1,
module_array_by_mesh,GLOBAL_CONSTANTS,FN_SMOKE3D,cons.f90:621,"dump.f90:436[N_SMOKE3D*2,NMESHES] in ASSIGN_FILE_NAMES",1,
module_array_by_mesh,GLOBAL_CONSTANTS,FN_SMOKE3D_VTK,cons.f90:622,dump.f90:447[NMESHES+1] in ASSIGN_FILE_NAMES,1,
module_array_by_mesh,GLOBAL_CONSTANTS,FN_TERRAIN,cons.f90:619,dump.f90:433[NMESHES] in ASSIGN_FILE_NAMES,1,
module_array_by_mesh,GLOBAL_CONSTANTS,FN_XYZ,cons.f90:619,dump.f90:405[NMESHES] in ASSIGN_FILE_NAMES,1,
module_array_by_mesh,GLOBAL_CONSTANTS,I_OFFSET,cons.f90:583,main.f90:1301[NMESHES] in MPI_INITIALIZATION_CHORES,1,
module_array_by_mesh,GLOBAL_CONSTANTS,LU_BNDF,cons.f90:612,"dump.f90:421[2*N_BNDF,NMESHES] in ASSIGN_FILE_NAMES",1,
module_array_by_mesh,GLOBAL_CONSTANTS,LU_BNDG,cons.f90:612,"dump.f90:426[2*N_BNDF,NMESHES] in ASSIGN_FILE_NAMES",1,
module_array_by_mesh,GLOBAL_CONSTANTS,LU_CFACE_GEOM,cons.f90:610,dump.f90:424[NMESHES] in ASSIGN_FILE_NAMES,1,
module_array_by_mesh,GLOBAL_CONSTANTS,LU_CORE,cons.f90:609,dump.f90:441[NMESHES] in ASSIGN_FILE_NAMES,1,
module_array_by_mesh,GLOBAL_CONSTANTS,LU_ISOF,cons.f90:612,"dump.f90:411[N_ISOF,NMESHES] in ASSIGN_FILE_NAMES",1,
module_array_by_mesh,GLOBAL_CONSTANTS,LU_ISOF2,cons.f90:612,"dump.f90:413[N_ISOF,NMESHES] in ASSIGN_FILE_NAMES",1,
module_array_by_mesh,GLOBAL_CONSTANTS,LU_PART,cons.f90:609,dump.f90:439[2*NMESHES] in ASSIGN_FILE_NAMES,1,
module_array_by_mesh,GLOBAL_CONSTANTS,LU_PL3D,cons.f90:609,dump.f90:408[2*NMESHES] in ASSIGN_FILE_NAMES,1,
module_array_by_mesh,GLOBAL_CONSTANTS,LU_RADF,cons.f90:613,"dump.f90:430[N_RADF_MAX,NMESHES] in ASSIGN_FILE_NAMES",1,
module_array_by_mesh,GLOBAL_CONSTANTS,LU_RESTART,cons.f90:609,dump.f90:443[NMESHES] in ASSIGN_FILE_NAMES,1,
module_array_by_mesh,GLOBAL_CONSTANTS,LU_SLCF,cons.f90:612,"dump.f90:415[3*N_SLCF_MAX,NMESHES] in ASSIGN_FILE_NAMES",1,
module_array_by_mesh,GLOBAL_CONSTANTS,LU_SLCF_GEOM,cons.f90:612,"dump.f90:417[N_SLCF_MAX,NMESHES] in ASSIGN_FILE_NAMES",1,
module_array_by_mesh,GLOBAL_CONSTANTS,LU_SMOKE3D,cons.f90:613,"dump.f90:437[N_SMOKE3D*2,NMESHES] in ASSIGN_FILE_NAMES",1,
module_array_by_mesh,GLOBAL_CONSTANTS,LU_TERRAIN,cons.f90:609,dump.f90:434[NMESHES] in ASSIGN_FILE_NAMES,1,
module_array_by_mesh,GLOBAL_CONSTANTS,LU_XYZ,cons.f90:609,dump.f90:406[NMESHES] in ASSIGN_FILE_NAMES,1,
module_array_by_mesh,GLOBAL_CONSTANTS,MAX_CELL_ASPECT_RATIO,cons.f90:304,read.f90:584[NMESHES] in READ_MESH,1,
module_array_by_mesh,GLOBAL_CONSTANTS,MESH_NAME,cons.f90:543,read.f90:581[NMESHES] in READ_MESH,1,
module_array_by_mesh,GLOBAL_CONSTANTS,MPI_COMM_NEIGHBORS,cons.f90:412,main.f90:1366[NMESHES] in MPI_INITIALIZATION_CHORES,1,
module_array_by_mesh,GLOBAL_CONSTANTS,MPI_COMM_NEIGHBORS_ROOT,cons.f90:415,main.f90:1367[NMESHES] in MPI_INITIALIZATION_CHORES,1,
module_array_by_mesh,GLOBAL_CONSTANTS,NCELLS_VTK,cons.f90:634,vtkf.f90:1654[1:2*NMESHES] in WRITE_VTKHDF_GEOM_FILE,1,
module_array_by_mesh,GLOBAL_CONSTANTS,NCONNECTIONS_VTK,cons.f90:634,vtkf.f90:1656[1:2*NMESHES] in WRITE_VTKHDF_GEOM_FILE,1,
module_array_by_mesh,GLOBAL_CONSTANTS,NPOINTS_VTK,cons.f90:634,vtkf.f90:1655[1:2*NMESHES] in WRITE_VTKHDF_GEOM_FILE,1,
module_array_by_mesh,GLOBAL_CONSTANTS,PRESSURE_ERROR_MAX,cons.f90:554,init.f90:2947[NMESHES] in INITIALIZE_GLOBAL_VARIABLES,1,
module_array_by_mesh,GLOBAL_CONSTANTS,PRESSURE_ERROR_MAX_LOC,cons.f90:556,"init.f90:2949[3,NMESHES] in INITIALIZE_GLOBAL_VARIABLES",1,
module_array_by_mesh,GLOBAL_CONSTANTS,PROCESS,cons.f90:405,read.f90:580[NMESHES] in READ_MESH,1,
module_array_by_mesh,GLOBAL_CONSTANTS,RADIATION_COMPLETED,cons.f90:501,read.f90:588[NMESHES] in READ_MESH,1,
module_array_by_mesh,GLOBAL_CONSTANTS,SETUP_PRESSURE_ZONES_INDEX,cons.f90:303,read.f90:586[NMESHES] in READ_MESH,1,
module_array_by_mesh,GLOBAL_CONSTANTS,VELOCITY_ERROR_MAX,cons.f90:553,init.f90:2954[NMESHES] in INITIALIZE_GLOBAL_VARIABLES,1,
module_array_by_mesh,GLOBAL_CONSTANTS,VELOCITY_ERROR_MAX_LOC,cons.f90:555,"init.f90:2956[3,NMESHES] in INITIALIZE_GLOBAL_VARIABLES",1,
module_array_by_mesh,GLOBMAT_SOLVER,H_RESTORE_MESHES,pres.f90:3200,pres.f90:3267[LOWER_MESH_INDEX:UPPER_MESH_INDEX] in SAVE_HS_FOR_SETUP,1,
module_array_by_mesh,MESH_VARIABLES,MESHES,mesh.f90:356,read.f90:579[NMESHES] in READ_MESH,1,
module_array_by_mesh,OUTPUT_DATA,ENTHALPY_SUM,data.f90:18,init.f90:2938[NMESHES] in INITIALIZE_GLOBAL_VARIABLES,1,
module_array_by_mesh,TRAN,TRANS,func.f90:6636,read.f90:1006[NMESHES] in READ_TRAN,1,
module_array_by_mesh,TYPES,CSVFINFO,type.f90:1531,read.f90:17348[NMESHES] in READ_CSVF,1,
component_array_by_mesh,DEVICE_TYPE,SUBDEVICE_INDEX,devc.f90:93,read.f90:14473[NMESHES] in READ_DEVC,1,
component_array_by_mesh,INITIALIZATION_TYPE,ALREADY_INSERTED,type.f90:1709,read.f90:13347[NMESHES] in READ_INIT,1,
component_array_by_mesh,INITIALIZATION_TYPE,PARTICLE_INSERT_CLOCK,type.f90:1685,read.f90:13343[NMESHES] in READ_INIT,1,
component_array_by_mesh,INITIALIZATION_TYPE,VOLUME_ADJUST,type.f90:1688,read.f90:13187[NMESHES] in READ_INIT,1,
component_array_by_mesh,MESH_COMM_TYPE,LIST,read.f90:836,read.f90:895[NMESHES] in PROC_MESH,1,
component_array_by_mesh,MESH_TYPE,CONNECTED_MESH,mesh.f90:231,main.f90:2079[NMESHES] in INITIALIZE_MESH_EXCHANGE_1,1,
component_array_by_mesh,MESH_TYPE,OMESH,mesh.f90:301,main.f90:2077[NMESHES] in INITIALIZE_MESH_EXCHANGE_1,1,
component_array_by_mesh,SURFACE_TYPE,PARTICLE_INSERT_CLOCK,type.f90:933,read.f90:8670[NMESHES] in READ_SURF,1,
component_array_by_mesh,ZONE_SOLVE_TYPE,NUNKH_LOC,type.f90:1809,pres.f90:5731[LOWER_MESH_INDEX:UPPER_MESH_INDEX] in GET_MATRIX_INDEXES_H,1,
component_array_by_mesh,ZONE_SOLVE_TYPE,UNKH_IND,type.f90:1810,pres.f90:5734[LOWER_MESH_INDEX:UPPER_MESH_INDEX] in GET_MATRIX_INDEXES_H,1,
component_stores_mesh_id,BOUNDARY_ONE_D_TYPE,BACK_MESH,type.f90:226,dims=scalar,,Mesh number on back side of obstruction or exterior wall cell
component_stores_mesh_id,CONTROL_TYPE,MESH,devc.f90:175,dims=scalar,,Mesh location of the control function
component_stores_mesh_id,DEVICE_TYPE,LOWEST_MESH,devc.f90:92,dims=scalar,,
component_stores_mesh_id,DEVICE_TYPE,MESH,devc.f90:87,dims=scalar,,
component_stores_mesh_id,DUCT_HT_SEGMENT_TYPE,MESH_INDEX,type.f90:2039,dims=scalar,,Mesh location of segment
component_stores_mesh_id,EDGE_TYPE,NOM_1,type.f90:2197,dims=scalar,,"Number of Other Mesh, first direction"
component_stores_mesh_id,EDGE_TYPE,NOM_2,type.f90:2201,dims=scalar,,"Number of Other Mesh, second direction"
component_stores_mesh_id,EXTERNAL_WALL_TYPE,NOM,type.f90:463,dims=scalar,,Number of the adjacent (Other) Mesh
component_stores_mesh_id,HT_SEGMENT_TRANSFER_TYPE,MESH_INDEX,type.f90:2072,dims=scalar,,Mesh location of segment
component_stores_mesh_id,INTERNAL_NODE_TYPE,ALTERNATE_WALL_MESH,type.f90:279,dims=:,,MESH number of alternate WALL cell
component_stores_mesh_id,INTERNAL_NODE_TYPE,MESH_NUMBER,type.f90:287,dims=scalar,,MESH number of the node
component_stores_mesh_id,MESH_TYPE,INTERPOLATED_MESH,mesh.f90:341,"dims=:,:,:",,
component_stores_mesh_id,MESH_TYPE,NEIGHBORING_MESH,mesh.f90:157,dims=:,,Array listing the indices of neighboring meshes
component_stores_mesh_id,PATCH_TYPE,MESH_INDEX,type.f90:1612,dims=scalar,,
component_stores_mesh_id,PROFILE_TYPE,MESH,type.f90:1646,dims=scalar,,
component_stores_mesh_id,P_ZONE_TYPE,MESH_INDEX,type.f90:1744,dims=scalar,,Mesh for the CELL_INDICES
component_stores_mesh_id,SUBDEVICE_TYPE,MESH,devc.f90:44,dims=scalar,,Subdevice mesh location
component_stores_mesh_id,ZONE_MESH_TYPE,MESH_IJK,type.f90:1776,"dims=:,:",,"I,J,K positions of cell with unknown row IROW (1:3,1:NUNKH)"
component_stores_mesh_id,ZONE_SOLVE_TYPE,MESH_IJK,type.f90:1811,"dims=:,:",,"I,J,K positions of cell with unknown row IROW (1:3,1:NUNKH)."
hardcoded_mesh_1,MESHES(1),ALL_SLICE_NAMES,mesh.f90:326,dump.f90:7386; dump.f90:7455; read.f90:16010; read.f90:16011; read.f90:16015 ...,6,
hardcoded_mesh_1,MESHES(1),ALL_SLICE_QUANTITIES,mesh.f90:326,dump.f90:7387; dump.f90:7456; dump.f90:7471; main.f90:4886; main.f90:4899 ...,10,
hardcoded_mesh_1,MESHES(1),ALL_SLICE_TOPOLOGIES,mesh.f90:327,read.f90:16013; read.f90:16017; read.f90:16148; read.f90:16150; read.f90:16152 ...,6,
hardcoded_mesh_1,MESHES(1),KBAR,mesh.f90:149,dump.f90:3194,1,
hardcoded_mesh_1,MESHES(1),N_SLCF_O,mesh.f90:323,main.f90:4815; main.f90:4884; main.f90:4885; main.f90:4888; main.f90:4894 ...,14,
hardcoded_mesh_1,MESHES(1),N_SLCF_VTK,mesh.f90:323,dump.f90:7385; dump.f90:7444; dump.f90:7454; dump.f90:7468; read.f90:16166 ...,7,
hardcoded_mesh_1,MESHES(1),N_STRINGS,mesh.f90:344,main.f90:4193,1,
hardcoded_mesh_1,MESHES(1),N_UNIQUE_SLCF,mesh.f90:325,dump.f90:446; dump.f90:7373; dump.f90:7446; main.f90:4814; main.f90:4817 ...,19,
hardcoded_mesh_1,MESHES(1),PBAR,mesh.f90:104,dump.f90:11851,1,
hardcoded_mesh_1,MESHES(1),P_0,mesh.f90:94,dump.f90:3195,1,
hardcoded_mesh_1,MESHES(1),STRING,mesh.f90:343,main.f90:4194,1,
hardcoded_mesh_1,MESHES(1),TMP_0,mesh.f90:96,dump.f90:3195,1,
hardcoded_mesh_1,MESHES(1),UNIQUE_SLCF_AGL,mesh.f90:329,dump.f90:7449; read.f90:16022; read.f90:16023; read.f90:16024; vtkf.f90:1442,5,
hardcoded_mesh_1,MESHES(1),UNIQUE_SLICE_IN_DOMAIN,mesh.f90:328,dump.f90:7375; dump.f90:7447; main.f90:4843; main.f90:4851; main.f90:4852 ...,11,
hardcoded_mesh_1,MESHES(1),UNIQUE_SLICE_IS_SL3D,mesh.f90:328,dump.f90:7376; dump.f90:7448; main.f90:4867; main.f90:4868; main.f90:4872 ...,6,
hardcoded_mesh_1,MESHES(1),UNIQUE_SLICE_NAMES,mesh.f90:326,dump.f90:7378; dump.f90:7386; dump.f90:7450; dump.f90:7455; read.f90:16353 ...,8,
hardcoded_mesh_1,MESHES(1),XF,mesh.f90:176,ccib.f90:7207,1,
hardcoded_mesh_1,MESHES(1),XS,mesh.f90:175,ccib.f90:7206; read.f90:14229,2,
hardcoded_mesh_1,MESHES(1),YF,mesh.f90:178,ccib.f90:7207,1,
hardcoded_mesh_1,MESHES(1),YS,mesh.f90:177,ccib.f90:7206; read.f90:14230,2,
hardcoded_mesh_1,MESHES(1),ZC,mesh.f90:193,dump.f90:3195,1,
hardcoded_mesh_1,MESHES(1),ZF,mesh.f90:180,ccib.f90:7207,1,
hardcoded_mesh_1,MESHES(1),ZS,mesh.f90:179,ccib.f90:7206; read.f90:14231,2,
hardcoded_mesh_1,MESH_POINTERS,CALL POINT_TO_MESH(1),,vtkf.f90:1875; vtkf.f90:2482,2,
local_array_by_mesh,(variable:host:EXCHANGE_CC_BLOCKED_LISTS),REQ0DUM,,"geom.f90:5766[SIZE(REQ0,DIM=1)+NMESHES] in CHECK_REQ0_SIZE",1,
local_array_by_mesh,(variable:host:FILL_IJKO_INTERP_STENCILS),REQ0DUM,,"ccib.f90:19147[SIZE(REQ0,DIM=1)+NMESHES] in CHECK_REQ0_SIZE",1,
local_array_by_mesh,(variable:host:FILL_UNKZ_GUARDCELLS),REQ0DUM,,"ccib.f90:20430[SIZE(REQ0,DIM=1)+NMESHES] in CHECK_REQ0_SIZE",1,
local_array_by_mesh,(variable:local),BUFF,,"geom.f90:5521[2,NMESHES] in CHECK_WALL_CELL_PLANE_MATCH",1,
local_array_by_mesh,(variable:local),CC_COMPUTE_MESH,,geom.f90:15548[1:NMESHES] in GET_GEOM_TRIBIN,1,
local_array_by_mesh,(variable:local),CC_COMPUTE_MESH_AUX,,geom.f90:15293[1:NMESHES] in CC_GRID_GLOBAL_INIT,1,
local_array_by_mesh,(variable:local),COUNTED,,pres.f90:3954[NMESHES] in CHECK_UNSUPPORTED_MESH,1,
local_array_by_mesh,(variable:local),COUNTER,,func.f90:537[LOWER_MESH_INDEX:UPPER_MESH_INDEX] in SET_OUTPUT_CLOCK,1,
local_array_by_mesh,(variable:local),DIVICJCMNX,,"ccib.f90:16268[2,LOW_IND:HIGH_IND,1:NMESHES] in CC_CHECK_DIVERGENCE",1,
local_array_by_mesh,(variable:local),DIVICJCMNX_AUX,,"ccib.f90:16451[2,LOW_IND:HIGH_IND,1:NMESHES] in CC_CHECK_DIVERGENCE",1,
local_array_by_mesh,(variable:local),DIVMNX,,"ccib.f90:16265[LOW_IND:HIGH_IND,NMESHES] in CC_CHECK_DIVERGENCE",1,
local_array_by_mesh,(variable:local),DIVMNX_AUX,,"ccib.f90:16447[LOW_IND:HIGH_IND,NMESHES] in CC_CHECK_DIVERGENCE",1,
local_array_by_mesh,(variable:local),DIVVOLICJCMNX,,"ccib.f90:16267[2,LOW_IND:HIGH_IND,1:NMESHES] in CC_CHECK_DIVERGENCE",1,
local_array_by_mesh,(variable:local),DIVVOLICJCMNX_AUX,,"ccib.f90:16450[2,LOW_IND:HIGH_IND,1:NMESHES] in CC_CHECK_DIVERGENCE",1,
local_array_by_mesh,(variable:local),DIVVOLIJKMNX,,"ccib.f90:16267[MAX_DIM,LOW_IND:HIGH_IND,NMESHES] in CC_CHECK_DIVERGENCE",1,
local_array_by_mesh,(variable:local),DIVVOLIJKMNX_AUX,,"ccib.f90:16450[MAX_DIM,LOW_IND:HIGH_IND,NMESHES] in CC_CHECK_DIVERGENCE",1,
local_array_by_mesh,(variable:local),DIVVOLMNX,,"ccib.f90:16265[LOW_IND:HIGH_IND,NMESHES] in CC_CHECK_DIVERGENCE",1,
local_array_by_mesh,(variable:local),DIVVOLMNX_AUX,,"ccib.f90:16447[LOW_IND:HIGH_IND,NMESHES] in CC_CHECK_DIVERGENCE",1,
local_array_by_mesh,(variable:local),DSETS,,"pres.f90:3955[2,NMESHES] in CHECK_UNSUPPORTED_MESH",1,
local_array_by_mesh,(variable:local),IJKMNX,,"ccib.f90:16266[MAX_DIM,LOW_IND:HIGH_IND,NMESHES] in CC_CHECK_DIVERGENCE",1,
local_array_by_mesh,(variable:local),IJKMNX_AUX,,"ccib.f90:16448[MAX_DIM,LOW_IND:HIGH_IND,NMESHES] in CC_CHECK_DIVERGENCE",1,
local_array_by_mesh,(variable:local),IJKRM,,"ccib.f90:16266[MAX_DIM,NMESHES] in CC_CHECK_DIVERGENCE",1,
local_array_by_mesh,(variable:local),IJKRM_AUX,,"ccib.f90:16448[MAX_DIM,NMESHES] in CC_CHECK_DIVERGENCE",1,
local_array_by_mesh,(variable:local),MESH_DEVICE,,read.f90:13815[NMESHES] in READ_DEVC,1,
local_array_by_mesh,(variable:local),MESH_DEVICE_ARRAY,,"read.f90:13814[NMESHES,N_DEVC] in READ_DEVC",1,
local_array_by_mesh,(variable:local),MESH_GRAPH,,"pres.f90:3940[1:6,NMESHES] in CHECK_UNSUPPORTED_MESH",1,
local_array_by_mesh,(variable:local),MESH_LIST,,pres.f90:3956[NMESHES] in CHECK_UNSUPPORTED_MESH,1,
local_array_by_mesh,(variable:local),NCC_SV,,ccib.f90:20319[1:NMESHES] in FILL_UNKZ_GUARDCELLS; ccib.f90:20365[1:NMESHES] in FILL_UNKZ_GUARDCELLS,2,
local_array_by_mesh,(variable:local),NCFACE_BY_MESH,,geom.f90:12071[1:NMESHES] in GET_EXT_INB_CUTFACES_TO_CFACE,1,
local_array_by_mesh,(variable:local),NUNKH_TOT,,pres.f90:5767[1:NMESHES] in GET_MATRIX_INDEXES_H,1,
local_array_by_mesh,(variable:local),REQ0,,ccib.f90:18942[NMESHES] in FILL_IJKO_INTERP_STENCILS; ccib.f90:20010[NMESHES] in FILL_UNKZ_GUARDCELLS; geom.f90:5680[NMESHES] in EXCHANGE_CC_BLOCKED_LISTS; main.f90:1427[NMESHES] in MPI_INITIALIZATION_CHORES,4,
local_array_by_mesh,(variable:local),REQ0DUM,,"main.f90:1435[SIZE(REQ0,DIM=1)+NMESHES] in MPI_INITIALIZATION_CHORES; main.f90:1469[SIZE(REQ0,DIM=1)+NMESHES] in MPI_INITIALIZATION_CHORES",2,
local_array_by_mesh,(variable:local),RESICJCMX,,"ccib.f90:16269[1:2,1:NMESHES] in CC_CHECK_DIVERGENCE",1,
local_array_by_mesh,(variable:local),RESICJCMX_AUX,,"ccib.f90:16452[1:2,1:NMESHES] in CC_CHECK_DIVERGENCE",1,
local_array_by_mesh,(variable:local),RESMAXV,,ccib.f90:16265[NMESHES] in CC_CHECK_DIVERGENCE,1,
local_array_by_mesh,(variable:local),RESMAXV_AUX,,ccib.f90:16447[NMESHES] in CC_CHECK_DIVERGENCE,1,
local_array_by_mesh,(variable:local),RESVOLMX,,ccib.f90:16269[1:NMESHES] in CC_CHECK_DIVERGENCE,1,
local_array_by_mesh,(variable:local),RESVOLMX_AUX,,ccib.f90:16452[1:NMESHES] in CC_CHECK_DIVERGENCE,1,
local_array_by_mesh,(variable:local),VOLMNX,,"ccib.f90:16268[LOW_IND:HIGH_IND,1:NMESHES] in CC_CHECK_DIVERGENCE",1,
local_array_by_mesh,(variable:local),VOLMNX_AUX,,"ccib.f90:16451[LOW_IND:HIGH_IND,1:NMESHES] in CC_CHECK_DIVERGENCE",1,
local_array_by_mesh,(variable:local),XLEVEL,,dump.f90:2056[0:2*NMESHES] in WRITE_SMOKEVIEW_FILE,1,
local_array_by_mesh,(variable:local),XYZMNX,,"ccib.f90:16266[MAX_DIM,LOW_IND:HIGH_IND,NMESHES] in CC_CHECK_DIVERGENCE",1,
local_array_by_mesh,(variable:local),XYZMNX_AUX,,"ccib.f90:16449[MAX_DIM,LOW_IND:HIGH_IND,NMESHES] in CC_CHECK_DIVERGENCE",1,
local_array_by_mesh,(variable:local),YLEVEL,,dump.f90:2058[0:2*NMESHES] in WRITE_SMOKEVIEW_FILE,1,
local_array_by_mesh,(variable:local),ZLEVEL,,dump.f90:2060[0:2*NMESHES] in WRITE_SMOKEVIEW_FILE,1,
