pointer,decl,fortran_type,rank,remap_line,target,target_decl,target_alloc_bounds,category,n_routines_using,n_runtime_routines,sample_routines,notes
U,mesh.f90:368,REAL(EB),3,mesh.f90:513,M%U,mesh.f90:18,"deferred(:,:,:); allocated as (-1:IBP1,0:JBP1,0:KBP1)",face_centred_flux,67,57,GAS_PHASE_OUTPUT(dump.f90); CALC_AGGLOMERATION(soot.f90); GET_LINKED_VELOCITIES(ccib.f90); INITIAL_NOISE(init.f90); LEVEL_SET_FIRESPREAD(vege.f90); CC_PROJECT_VELOCITY(ccib.f90),
V,mesh.f90:368,REAL(EB),3,mesh.f90:514,M%V,mesh.f90:19,"deferred(:,:,:); allocated as (0:IBP1,-1:JBP1,0:KBP1)",face_centred_flux,62,53,GAS_PHASE_OUTPUT(dump.f90); CALC_AGGLOMERATION(soot.f90); GET_LINKED_VELOCITIES(ccib.f90); INITIAL_NOISE(init.f90); LEVEL_SET_FIRESPREAD(vege.f90); CC_PROJECT_VELOCITY(ccib.f90),
W,mesh.f90:368,REAL(EB),3,mesh.f90:515,M%W,mesh.f90:20,"deferred(:,:,:); allocated as (0:IBP1,0:JBP1,-1:KBP1)",face_centred_flux,66,56,GAS_PHASE_OUTPUT(dump.f90); CALC_AGGLOMERATION(soot.f90); GET_LINKED_VELOCITIES(ccib.f90); INITIAL_NOISE(init.f90); CC_PROJECT_VELOCITY(ccib.f90); CC_RESTORE_UVW_UNLINKED(ccib.f90),
US,mesh.f90:368,REAL(EB),3,mesh.f90:516,M%US,mesh.f90:21,"deferred(:,:,:); allocated as (-1:IBP1,0:JBP1,0:KBP1)",face_centred_flux,50,44,GET_LINKED_VELOCITIES(ccib.f90); CC_PROJECT_VELOCITY(ccib.f90); COMPRESSION_WAVE(turb.f90); WALL_VELOCITY_NO_GRADH(velo.f90); GAS_PHASE_OUTPUT(dump.f90); NO_FLUX(velo.f90),
VS,mesh.f90:368,REAL(EB),3,mesh.f90:517,M%VS,mesh.f90:22,"deferred(:,:,:); allocated as (0:IBP1,-1:JBP1,0:KBP1)",face_centred_flux,46,42,GET_LINKED_VELOCITIES(ccib.f90); CC_PROJECT_VELOCITY(ccib.f90); WALL_VELOCITY_NO_GRADH(velo.f90); GAS_PHASE_OUTPUT(dump.f90); NO_FLUX(velo.f90); CHECK_CFLVN_LINKED_CELLS(ccib.f90),
WS,mesh.f90:368,REAL(EB),3,mesh.f90:518,M%WS,mesh.f90:23,"deferred(:,:,:); allocated as (0:IBP1,0:JBP1,-1:KBP1)",face_centred_flux,50,44,GET_LINKED_VELOCITIES(ccib.f90); CC_PROJECT_VELOCITY(ccib.f90); COMPRESSION_WAVE(turb.f90); WALL_VELOCITY_NO_GRADH(velo.f90); GAS_PHASE_OUTPUT(dump.f90); NO_FLUX(velo.f90),
DDDT,mesh.f90:368,REAL(EB),3,mesh.f90:519,M%DDDT,mesh.f90:24,"deferred(:,:,:); allocated as (0:IBP1,0:JBP1,0:KBP1)",cell_centred_solution,6,6,PRESSURE_SOLVER_COMPUTE_RHS(pres.f90); DIVERGENCE_PART_2(divg.f90); PRESSURE_SOLVER_CHECK_RESIDUALS(pres.f90); PRESSURE_SOLVER_CHECK_RESIDUALS_U(pres.f90); GET_RHSLHS_POISSON_RC(ccib.f90); POINT_TO_MESH(mesh.f90),
D,mesh.f90:368,REAL(EB),3,mesh.f90:520,M%D,mesh.f90:25,"deferred(:,:,:); allocated as (0:IBP1,0:JBP1,0:KBP1)",cell_centred_solution,16,14,COMPRESSION_WAVE(turb.f90); INIT_CUTCELL_DATA(ccib.f90); FILL_GCCUTCELL_SPECIES(ccib.f90); CC_DIVERGENCE_PART_1(ccib.f90); CC_CHECK_DIVERGENCE(ccib.f90); DIVERGENCE_PART_1(divg.f90),
DS,mesh.f90:368,REAL(EB),3,mesh.f90:521,M%DS,mesh.f90:26,"deferred(:,:,:); allocated as (0:IBP1,0:JBP1,0:KBP1)",cell_centred_solution,16,15,GAS_PHASE_OUTPUT(dump.f90); CHECK_STABILITY(velo.f90); COMPRESSION_WAVE(turb.f90); CHECK_CFLVN_LINKED_CELLS(ccib.f90); FILL_GCCUTCELL_SPECIES(ccib.f90); CC_DIVERGENCE_PART_1(ccib.f90),
H,mesh.f90:368,REAL(EB),3,mesh.f90:522,M%H,mesh.f90:27,"deferred(:,:,:); allocated as (0:IBP1,0:JBP1,0:KBP1)",cell_centred_solution,33,30,CC_PROJECT_VELOCITY(ccib.f90); CC_COMPUTE_VELOCITY_ERROR(ccib.f90); COMPUTE_VELOCITY_ERROR(pres.f90); SOLID_PHASE_OUTPUT(dump.f90); COPY_H_OMESH_TO_MESH(pres.f90); VELOCITY_PREDICTOR(velo.f90),
HS,mesh.f90:368,REAL(EB),3,mesh.f90:523,M%HS,mesh.f90:28,"deferred(:,:,:); allocated as (0:IBP1,0:JBP1,0:KBP1)",cell_centred_solution,28,25,CC_PROJECT_VELOCITY(ccib.f90); CC_COMPUTE_VELOCITY_ERROR(ccib.f90); COMPUTE_VELOCITY_ERROR(pres.f90); GAS_PHASE_OUTPUT(dump.f90); COPY_H_OMESH_TO_MESH(pres.f90); VELOCITY_CORRECTOR(velo.f90),
KRES,mesh.f90:368,REAL(EB),3,mesh.f90:524,M%KRES,mesh.f90:29,"deferred(:,:,:); allocated as (0:IBP1,0:JBP1,0:KBP1)",cell_centred_solution,25,24,COMPUTE_VISCOSITY(velo.f90); PRESSURE_SOLVER_CHECK_RESIDUALS(pres.f90); PRESSURE_SOLVER_CHECK_RESIDUALS_U(pres.f90); GET_LHS_CUTCELL(ccib.f90); GAS_PHASE_OUTPUT(dump.f90); SOLID_PHASE_OUTPUT(dump.f90),
FVX,mesh.f90:368,REAL(EB),3,mesh.f90:525,M%FVX,mesh.f90:30,"deferred(:,:,:); allocated as (0:IBP1,0:JBP1,0:KBP1)",face_centred_flux,29,29,PRESSURE_SOLVER_COMPUTE_RHS(pres.f90); CC_VELOCITY_FLUX(ccib.f90); NO_FLUX(velo.f90); CC_BAROCLINIC_CORRECTION(ccib.f90); CC_PROJECT_VELOCITY(ccib.f90); CC_MATCH_VELOCITY_FLUX(ccib.f90),
FVY,mesh.f90:368,REAL(EB),3,mesh.f90:526,M%FVY,mesh.f90:31,"deferred(:,:,:); allocated as (0:IBP1,0:JBP1,0:KBP1)",face_centred_flux,26,26,PRESSURE_SOLVER_COMPUTE_RHS(pres.f90); CC_VELOCITY_FLUX(ccib.f90); NO_FLUX(velo.f90); CC_BAROCLINIC_CORRECTION(ccib.f90); CC_PROJECT_VELOCITY(ccib.f90); CC_MATCH_VELOCITY_FLUX(ccib.f90),
FVZ,mesh.f90:368,REAL(EB),3,mesh.f90:527,M%FVZ,mesh.f90:32,"deferred(:,:,:); allocated as (0:IBP1,0:JBP1,0:KBP1)",face_centred_flux,29,29,PRESSURE_SOLVER_COMPUTE_RHS(pres.f90); CC_VELOCITY_FLUX(ccib.f90); NO_FLUX(velo.f90); CC_BAROCLINIC_CORRECTION(ccib.f90); CC_PROJECT_VELOCITY(ccib.f90); CC_MATCH_VELOCITY_FLUX(ccib.f90),
FVX_B,mesh.f90:368,REAL(EB),3,mesh.f90:528,M%FVX_B,mesh.f90:33,"deferred(:,:,:); allocated as (0:IBP1,0:JBP1,0:KBP1)",face_centred_flux,10,10,CC_BAROCLINIC_CORRECTION(ccib.f90); BAROCLINIC_CORRECTION(velo.f90); PRESSURE_SOLVER_CHECK_RESIDUALS(pres.f90); PRESSURE_SOLVER_CHECK_RESIDUALS_U(pres.f90); GET_RHSLHS_POISSON_RC(ccib.f90); GET_LINKED_FV(ccib.f90),
FVY_B,mesh.f90:368,REAL(EB),3,mesh.f90:529,M%FVY_B,mesh.f90:34,"deferred(:,:,:); allocated as (0:IBP1,0:JBP1,0:KBP1)",face_centred_flux,10,10,CC_BAROCLINIC_CORRECTION(ccib.f90); BAROCLINIC_CORRECTION(velo.f90); PRESSURE_SOLVER_CHECK_RESIDUALS(pres.f90); PRESSURE_SOLVER_CHECK_RESIDUALS_U(pres.f90); GET_RHSLHS_POISSON_RC(ccib.f90); GET_LINKED_FV(ccib.f90),
FVZ_B,mesh.f90:368,REAL(EB),3,mesh.f90:530,M%FVZ_B,mesh.f90:35,"deferred(:,:,:); allocated as (0:IBP1,0:JBP1,0:KBP1)",face_centred_flux,10,10,CC_BAROCLINIC_CORRECTION(ccib.f90); BAROCLINIC_CORRECTION(velo.f90); PRESSURE_SOLVER_CHECK_RESIDUALS(pres.f90); PRESSURE_SOLVER_CHECK_RESIDUALS_U(pres.f90); GET_RHSLHS_POISSON_RC(ccib.f90); GET_LINKED_FV(ccib.f90),
FVX_D,mesh.f90:368,REAL(EB),3,mesh.f90:531,M%FVX_D,mesh.f90:36,"deferred(:,:,:); allocated as (0:IBP1,0:JBP1,0:KBP1)",face_centred_flux,6,6,PARTICLE_MOMENTUM_TRANSFER(part.f90); CLIP_PARTICLE_DRAG(part.f90); GAS_PHASE_OUTPUT(dump.f90); POINT_TO_MESH(mesh.f90); MOVE_PARTICLES(part.f90); MOVE_IN_GAS(part.f90),
FVY_D,mesh.f90:368,REAL(EB),3,mesh.f90:532,M%FVY_D,mesh.f90:37,"deferred(:,:,:); allocated as (0:IBP1,0:JBP1,0:KBP1)",face_centred_flux,6,6,PARTICLE_MOMENTUM_TRANSFER(part.f90); CLIP_PARTICLE_DRAG(part.f90); GAS_PHASE_OUTPUT(dump.f90); POINT_TO_MESH(mesh.f90); MOVE_PARTICLES(part.f90); MOVE_IN_GAS(part.f90),
FVZ_D,mesh.f90:368,REAL(EB),3,mesh.f90:533,M%FVZ_D,mesh.f90:38,"deferred(:,:,:); allocated as (0:IBP1,0:JBP1,0:KBP1)",face_centred_flux,6,6,PARTICLE_MOMENTUM_TRANSFER(part.f90); CLIP_PARTICLE_DRAG(part.f90); GAS_PHASE_OUTPUT(dump.f90); POINT_TO_MESH(mesh.f90); MOVE_PARTICLES(part.f90); MOVE_IN_GAS(part.f90),
RHO,mesh.f90:368,REAL(EB),3,mesh.f90:534,M%RHO,mesh.f90:39,"deferred(:,:,:); allocated as (-1:IBP1+1,-1:JBP1+1,-1:KBP1+1)",cell_centred_solution,68,60,GAS_PHASE_OUTPUT(dump.f90); SOLID_PHASE_OUTPUT(dump.f90); CC_DENSITY(ccib.f90); INITIALIZE_HVAC(hvac.f90); MOVE_IN_GAS(part.f90); UPDATE_DEVICES_1(dump.f90),
RHOS,mesh.f90:368,REAL(EB),3,mesh.f90:535,M%RHOS,mesh.f90:40,"deferred(:,:,:); allocated as (-1:IBP1+1,-1:JBP1+1,-1:KBP1+1)",cell_centred_solution,45,41,CC_DENSITY(ccib.f90); DENSITY(mass.f90); CHECK_CFLVN_LINKED_CELLS(ccib.f90); GET_RHOZZVECTOR_SCALAR_3D(ccib.f90); CC_BAROCLINIC_CORRECTION(ccib.f90); FILL_GCCUTCELL_SPECIES(ccib.f90),
MU,mesh.f90:369,REAL(EB),3,mesh.f90:540,M%MU,mesh.f90:41,"deferred(:,:,:); allocated as (0:IBP1,0:JBP1,0:KBP1)",cell_centred_solution,26,25,COMPUTE_VISCOSITY(velo.f90); CC_EDGE_TAU_OMG(ccib.f90); VELOCITY_FLUX(velo.f90); CC_CONDUCTION_HEAT_FLUX(ccib.f90); CC_CUTEDGE_DUIDXJ_TAU_OMG(ccib.f90); CC_RCEDGE_DUIDXJ(ccib.f90),
MU_DNS,mesh.f90:369,REAL(EB),3,mesh.f90:541,M%MU_DNS,mesh.f90:42,"deferred(:,:,:); allocated as (0:IBP1,0:JBP1,0:KBP1)",cell_centred_solution,12,12,CC_CONDUCTION_HEAT_FLUX(ccib.f90); CC_DIFFUSIVE_MASS_FLUXES(ccib.f90); COMPUTE_VISCOSITY(velo.f90); DIVERGENCE_PART_1(divg.f90); GAS_PHASE_OUTPUT(dump.f90); CC_COMPUTE_VISCOSITY(ccib.f90),
TMP,mesh.f90:369,REAL(EB),3,mesh.f90:536,M%TMP,mesh.f90:43,"deferred(:,:,:); allocated as (-1:IBP1+1,-1:JBP1+1,-1:KBP1+1)",cell_centred_solution,49,44,TENSOR_DIFFUSIVITY_MODEL(turb.f90); CCENTHALPY_ADVECTION(ccib.f90); GAS_PHASE_OUTPUT(dump.f90); DIVERGENCE_PART_1(divg.f90); CC_DENSITY(ccib.f90); CC_EDGE_TAU_OMG(ccib.f90),
Q,mesh.f90:369,REAL(EB),3,mesh.f90:546,M%Q,mesh.f90:44,"deferred(:,:,:); allocated as (0:IBP1,0:JBP1,0:KBP1)",cell_centred_solution,19,17,RADIATION_FVM(radi.f90); COMBUSTION_GENERAL_LOAD_BALANCED(fire.f90); GAS_PHASE_OUTPUT(dump.f90); ADD_VOLUMETRIC_HEAT_SOURCE(radi.f90); SOOT_SURFACE_OXIDATION(soot.f90); INIT_CUTCELL_DATA(ccib.f90),
KAPPA_GAS,mesh.f90:369,REAL(EB),3,mesh.f90:553,M%KAPPA_GAS,mesh.f90:45,"deferred(:,:,:); allocated as (0:IBP1,0:JBP1,0:KBP1)",radiation,3,3,RADIATION_FVM(radi.f90); GAS_PHASE_OUTPUT(dump.f90); POINT_TO_MESH(mesh.f90),
CHI_R,mesh.f90:369,REAL(EB),3,mesh.f90:548,M%CHI_R,mesh.f90:46,"deferred(:,:,:); allocated as (0:IBP1,0:JBP1,0:KBP1)",radiation,10,9,COMBUSTION_GENERAL_LOAD_BALANCED(fire.f90); RADIATION_FVM(radi.f90); GAS_PHASE_OUTPUT(dump.f90); DUMP_RESTART(dump.f90); READ_RESTART(dump.f90); GET_SMOKE3D_QQ(dump.f90),
QR,mesh.f90:369,REAL(EB),3,mesh.f90:549,M%QR,mesh.f90:47,"deferred(:,:,:); allocated as (0:IBP1,0:JBP1,0:KBP1)",radiation,11,9,RADIATION_FVM(radi.f90); INIT_CUTCELL_DATA(ccib.f90); DIVERGENCE_PART_1(divg.f90); CCCOMPUTE_RADIATION(ccib.f90); CC_DIVERGENCE_PART_1(ccib.f90); DUMP_RESTART(dump.f90),
QR_W,mesh.f90:369,REAL(EB),3,mesh.f90:550,M%QR_W,mesh.f90:48,"deferred(:,:,:); allocated as (0:IBP1,0:JBP1,0:KBP1)",radiation,4,4,RADIATION_FVM(radi.f90); GAS_PHASE_OUTPUT(dump.f90); POINT_TO_MESH(mesh.f90); PARTICLE_MASS_ENERGY_TRANSFER(part.f90),
RADIATION_EMISSION,mesh.f90:369,REAL(EB),3,mesh.f90:551,M%RADIATION_EMISSION,mesh.f90:49,"deferred(:,:,:); allocated as (0:IBP1,0:JBP1,0:KBP1)",radiation,3,3,RADIATION_FVM(radi.f90); GAS_PHASE_OUTPUT(dump.f90); POINT_TO_MESH(mesh.f90),
RADIATION_ABSORPTION,mesh.f90:369,REAL(EB),3,mesh.f90:552,M%RADIATION_ABSORPTION,mesh.f90:50,"deferred(:,:,:); allocated as (0:IBP1,0:JBP1,0:KBP1)",radiation,3,3,RADIATION_FVM(radi.f90); GAS_PHASE_OUTPUT(dump.f90); POINT_TO_MESH(mesh.f90),
UII,mesh.f90:369,REAL(EB),3,mesh.f90:554,M%UII,mesh.f90:51,"deferred(:,:,:); allocated as (0:IBP1,0:JBP1,0:KBP1)",radiation,7,4,RADIATION_FVM(radi.f90); GAS_PHASE_OUTPUT(dump.f90); TMP_INIT(init.f90); SPEC_INIT(init.f90); DUMP_RESTART(dump.f90); READ_RESTART(dump.f90),
RSUM,mesh.f90:369,REAL(EB),3,mesh.f90:563,M%RSUM,mesh.f90:52,"deferred(:,:,:); allocated as (0:IBP1,0:JBP1,0:KBP1)",cell_centred_solution,17,13,CC_DENSITY(ccib.f90); GAS_PHASE_OUTPUT(dump.f90); DENSITY(mass.f90); SURFACE_HEAT_TRANSFER(wall.f90); CC_DIVERGENCE_PART_1(ccib.f90); DIVERGENCE_PART_1(divg.f90),
D_SOURCE,mesh.f90:369,REAL(EB),3,mesh.f90:562,M%D_SOURCE,mesh.f90:53,"deferred(:,:,:); allocated as (0:IBP1,0:JBP1,0:KBP1)",cell_centred_solution,17,15,SOOT_SURFACE_OXIDATION(soot.f90); DEPOSIT_PARTICLE_MASS(wall.f90); COPY_UNST_DM_TO_CART(ccib.f90); INIT_CUTCELL_DATA(ccib.f90); CONDENSATION_EVAPORATION(fire.f90); PARTICLE_MASS_ENERGY_TRANSFER(part.f90),
CSD2,mesh.f90:370,REAL(EB),3,mesh.f90:543,M%CSD2,mesh.f90:54,"deferred(:,:,:); allocated as (0:IBP1,0:JBP1,0:KBP1)",cell_centred_solution,4,4,VARDEN_DYNSMAG(turb.f90); GAS_PHASE_OUTPUT(dump.f90); POINT_TO_MESH(mesh.f90); COMPUTE_VISCOSITY(velo.f90),
MTR,mesh.f90:370,REAL(EB),3,,,,,,0,0,,never re-pointed by POINT_TO_MESH; not a MESH_TYPE component
MSR,mesh.f90:370,REAL(EB),3,,,,,,0,0,,never re-pointed by POINT_TO_MESH; not a MESH_TYPE component
WEM,mesh.f90:370,REAL(EB),3,,,,,,0,0,,never re-pointed by POINT_TO_MESH; not a MESH_TYPE component
MIX_TIME,mesh.f90:370,REAL(EB),3,mesh.f90:545,M%MIX_TIME,mesh.f90:58,"deferred(:,:,:); allocated as (0:IBP1,0:JBP1,0:KBP1)",cell_centred_solution,4,4,GAS_PHASE_OUTPUT(dump.f90); COMBUSTION_GENERAL_LOAD_BALANCED(fire.f90); GATHER_CELLS_FROM_MPI_PROCESSES(fire.f90); POINT_TO_MESH(mesh.f90),
CHEM_SUBIT,mesh.f90:370,REAL(EB),3,mesh.f90:537,M%CHEM_SUBIT,mesh.f90:55,"deferred(:,:,:); allocated as (0:IBP1,0:JBP1,0:KBP1)",cell_centred_solution,4,4,GAS_PHASE_OUTPUT(dump.f90); COMBUSTION_GENERAL_LOAD_BALANCED(fire.f90); GATHER_CELLS_FROM_MPI_PROCESSES(fire.f90); POINT_TO_MESH(mesh.f90),
STRAIN_RATE,mesh.f90:370,REAL(EB),3,mesh.f90:544,M%STRAIN_RATE,mesh.f90:59,"deferred(:,:,:); allocated as (0:IBP1,0:JBP1,0:KBP1)",cell_centred_solution,6,6,COMPUTE_VISCOSITY(velo.f90); COMPUTE_STRAIN_RATE(velo.f90); GAS_PHASE_OUTPUT(dump.f90); COMBUSTION_MODEL(fire.f90); POINT_TO_MESH(mesh.f90); VARDEN_DYNSMAG(turb.f90),
D_Z_MAX,mesh.f90:370,REAL(EB),3,mesh.f90:542,M%D_Z_MAX,mesh.f90:60,"deferred(:,:,:); allocated as (0:IBP1,0:JBP1,0:KBP1)",cell_centred_solution,6,6,TENSOR_DIFFUSIVITY_MODEL(turb.f90); DIVERGENCE_PART_1(divg.f90); CHECK_CFLVN_LINKED_CELLS(ccib.f90); GAS_PHASE_OUTPUT(dump.f90); POINT_TO_MESH(mesh.f90); CHECK_STABILITY(velo.f90),
PP_RESIDUAL,mesh.f90:370,REAL(EB),3,mesh.f90:555,M%PP_RESIDUAL,mesh.f90:61,"deferred(:,:,:); allocated as (0:IBP1,0:JBP1,0:KBP1)",other,4,4,GAS_PHASE_OUTPUT(dump.f90); POINT_TO_MESH(mesh.f90); PRESSURE_SOLVER_CHECK_RESIDUALS(pres.f90); PRESSURE_SOLVER_CHECK_RESIDUALS_U(pres.f90),
LES_FILTER_WIDTH,mesh.f90:370,REAL(EB),3,mesh.f90:556,M%LES_FILTER_WIDTH,mesh.f90:62,"deferred(:,:,:); allocated as (0:IBP1,0:JBP1,0:KBP1)",grid_geometry,7,7,GAS_PHASE_OUTPUT(dump.f90); COMPUTE_VISCOSITY(velo.f90); COMBUSTION_GENERAL_LOAD_BALANCED(fire.f90); DISTRIBUTE_CELLS_ACCROSS_MPI_PROCESSES(fire.f90); CC_COMPUTE_VISCOSITY(ccib.f90); POINT_TO_MESH(mesh.f90),
ZZ,mesh.f90:371,REAL(EB),4,mesh.f90:564,M%ZZ,mesh.f90:64,"deferred(:,:,:,:); allocated as (-1:IBP1+1,-1:JBP1+1,-1:KBP1+1,N_TOTAL_SCALARS)",cell_centred_solution,53,47,GAS_PHASE_OUTPUT(dump.f90); DENSITY(mass.f90); CC_DENSITY(ccib.f90); RADIATION_FVM(radi.f90); SPEC_INIT(init.f90); SAAD_MMS_1(turb.f90),
ZZS,mesh.f90:371,REAL(EB),4,mesh.f90:565,M%ZZS,mesh.f90:65,"deferred(:,:,:,:); allocated as (-1:IBP1+1,-1:JBP1+1,-1:KBP1+1,N_TOTAL_SCALARS)",cell_centred_solution,27,27,DENSITY(mass.f90); CC_DENSITY(ccib.f90); GET_RHOZZVECTOR_SCALAR_3D(ccib.f90); FILL_GCCUTCELL_SPECIES(ccib.f90); CC_COMPUTE_VISCOSITY(ccib.f90); ROTATED_CUBE_RHS_ZZ(ccib.f90),
REAC_SOURCE_TERM,mesh.f90:371,REAL(EB),4,mesh.f90:566,M%REAC_SOURCE_TERM,mesh.f90:66,"deferred(:,:,:,:); allocated as (0:IBP1,0:JBP1,0:KBP1,N_TRACKED_SPECIES)",cell_centred_solution,4,4,GAS_PHASE_OUTPUT(dump.f90); COMBUSTION_GENERAL_LOAD_BALANCED(fire.f90); SET_SPECIES_SOURCE_TERM_CELL(fire.f90); POINT_TO_MESH(mesh.f90),
DEL_RHO_D_DEL_Z,mesh.f90:371,REAL(EB),4,mesh.f90:567,M%DEL_RHO_D_DEL_Z,mesh.f90:67,"deferred(:,:,:,:); allocated as (0:IBP1,0:JBP1,0:KBP1,N_TOTAL_SCALARS)",cell_centred_solution,10,9,CC_DIFFUSIVE_HEAT_FLUXES(ccib.f90); CC_DIVERGENCE_PART_1(ccib.f90); DIVERGENCE_PART_1(divg.f90); DENSITY(mass.f90); SETTLING_VELOCITY(soot.f90); GET_EXPLICIT_ADVDIFFVECTOR_SCALAR_3D(ccib.f90),
FX,mesh.f90:371,REAL(EB),4,mesh.f90:568,M%FX,mesh.f90:68,"deferred(:,:,:,:); allocated as (0:IBP1,0:JBP1,0:KBP1,N_LOWER_SCALARS:N_TOTAL_SCALARS)",face_centred_flux,6,6,MASS_FINITE_DIFFERENCES(mass.f90); DENSITY(mass.f90); SETTLING_VELOCITY(soot.f90); SURFACE_HEAT_TRANSFER(wall.f90); SET_EXIMADVFLX_3D(ccib.f90); POINT_TO_MESH(mesh.f90),
FY,mesh.f90:371,REAL(EB),4,mesh.f90:569,M%FY,mesh.f90:69,"deferred(:,:,:,:); allocated as (0:IBP1,0:JBP1,0:KBP1,N_LOWER_SCALARS:N_TOTAL_SCALARS)",face_centred_flux,6,6,MASS_FINITE_DIFFERENCES(mass.f90); DENSITY(mass.f90); SETTLING_VELOCITY(soot.f90); SURFACE_HEAT_TRANSFER(wall.f90); SET_EXIMADVFLX_3D(ccib.f90); POINT_TO_MESH(mesh.f90),
FZ,mesh.f90:371,REAL(EB),4,mesh.f90:570,M%FZ,mesh.f90:70,"deferred(:,:,:,:); allocated as (0:IBP1,0:JBP1,0:KBP1,N_LOWER_SCALARS:N_TOTAL_SCALARS)",face_centred_flux,6,6,MASS_FINITE_DIFFERENCES(mass.f90); DENSITY(mass.f90); SETTLING_VELOCITY(soot.f90); SURFACE_HEAT_TRANSFER(wall.f90); SET_EXIMADVFLX_3D(ccib.f90); POINT_TO_MESH(mesh.f90),
SWORK1,mesh.f90:372,REAL(EB),4,mesh.f90:584,M%SWORK1,mesh.f90:113,"deferred(:,:,:,:); allocated as (0:IBP1,0:JBP1,0:KBP1,N_LOWER_SCALARS:N_TOTAL_SCALARS)",scratch_work,8,8,SET_EXIMRHOZZLIM_3D(ccib.f90); DIVERGENCE_PART_1(divg.f90); SPECIES_ADVECTION_PART_1_NEW(divg.f90); SPECIES_ADVECTION_PART_2(divg.f90); CONDENSATION_EVAPORATION(fire.f90); POINT_TO_MESH(mesh.f90),
SWORK2,mesh.f90:372,REAL(EB),4,mesh.f90:585,M%SWORK2,mesh.f90:114,"deferred(:,:,:,:); allocated as (0:IBP1,0:JBP1,0:KBP1,N_LOWER_SCALARS:N_TOTAL_SCALARS)",scratch_work,6,6,SET_EXIMRHOZZLIM_3D(ccib.f90); DIVERGENCE_PART_1(divg.f90); SPECIES_ADVECTION_PART_1_NEW(divg.f90); SPECIES_ADVECTION_PART_2(divg.f90); POINT_TO_MESH(mesh.f90); TENSOR_DIFFUSIVITY_MODEL(turb.f90),
SWORK3,mesh.f90:372,REAL(EB),4,mesh.f90:586,M%SWORK3,mesh.f90:115,"deferred(:,:,:,:); allocated as (0:IBP1,0:JBP1,0:KBP1,N_LOWER_SCALARS:N_TOTAL_SCALARS)",scratch_work,6,6,SET_EXIMRHOZZLIM_3D(ccib.f90); DIVERGENCE_PART_1(divg.f90); SPECIES_ADVECTION_PART_1_NEW(divg.f90); SPECIES_ADVECTION_PART_2(divg.f90); POINT_TO_MESH(mesh.f90); TENSOR_DIFFUSIVITY_MODEL(turb.f90),
SWORK4,mesh.f90:372,REAL(EB),4,mesh.f90:587,M%SWORK4,mesh.f90:116,"deferred(:,:,:,:); allocated as (0:IBP1,0:JBP1,0:KBP1,1:N_TOTAL_SCALARS)",scratch_work,2,2,DENSITY(mass.f90); POINT_TO_MESH(mesh.f90),
Q_REAC,mesh.f90:373,REAL(EB),4,mesh.f90:547,M%Q_REAC,mesh.f90:71,"deferred(:,:,:,:); allocated as (0:IBP1,0:JBP1,0:KBP1,N_REACTIONS)",cell_centred_solution,4,4,GAS_PHASE_OUTPUT(dump.f90); COMBUSTION_GENERAL_LOAD_BALANCED(fire.f90); SET_SPECIES_SOURCE_TERM_CELL(fire.f90); POINT_TO_MESH(mesh.f90),
AVG_DROP_DEN,mesh.f90:373,REAL(EB),4,mesh.f90:558,M%AVG_DROP_DEN,mesh.f90:72,"deferred(:,:,:,:); allocated as (0:IBP1,0:JBP1,0:KBP1,N_LP_ARRAY_INDICES)",particle,4,4,GAS_PHASE_OUTPUT(dump.f90); PARTICLE_RUNNING_AVERAGES(part.f90); MOVE_IN_GAS(part.f90); POINT_TO_MESH(mesh.f90),
AVG_DROP_TMP,mesh.f90:373,REAL(EB),4,mesh.f90:560,M%AVG_DROP_TMP,mesh.f90:73,"deferred(:,:,:,:); allocated as (0:IBP1,0:JBP1,0:KBP1,N_LP_ARRAY_INDICES)",particle,4,4,PARTICLE_RUNNING_AVERAGES(part.f90); GAS_PHASE_OUTPUT(dump.f90); POINT_TO_MESH(mesh.f90); RADIATION_FVM(radi.f90),
AVG_DROP_RAD,mesh.f90:373,REAL(EB),4,mesh.f90:561,M%AVG_DROP_RAD,mesh.f90:74,"deferred(:,:,:,:); allocated as (0:IBP1,0:JBP1,0:KBP1,N_LP_ARRAY_INDICES)",particle,5,5,GAS_PHASE_OUTPUT(dump.f90); MOVE_IN_GAS(part.f90); RADIATION_FVM(radi.f90); POINT_TO_MESH(mesh.f90); PARTICLE_RUNNING_AVERAGES(part.f90),
AVG_DROP_AREA,mesh.f90:373,REAL(EB),4,mesh.f90:559,M%AVG_DROP_AREA,mesh.f90:75,"deferred(:,:,:,:); allocated as (0:IBP1,0:JBP1,0:KBP1,N_LP_ARRAY_INDICES)",particle,6,6,GAS_PHASE_OUTPUT(dump.f90); PARTICLE_MASS_ENERGY_TRANSFER(part.f90); PARTICLE_RUNNING_AVERAGES(part.f90); RADIATION_FVM(radi.f90); POINT_TO_MESH(mesh.f90); MOVE_IN_GAS(part.f90),
M_DOT_PPP,mesh.f90:373,REAL(EB),4,mesh.f90:557,M%M_DOT_PPP,mesh.f90:76,"deferred(:,:,:,:); allocated as (0:IBP1,0:JBP1,0:KBP1,1:N_TRACKED_SPECIES)",cell_centred_solution,16,14,CONDENSATION_EVAPORATION(fire.f90); SOOT_SURFACE_OXIDATION(soot.f90); COPY_UNST_DM_TO_CART(ccib.f90); INIT_CUTCELL_DATA(ccib.f90); PARTICLE_MASS_ENERGY_TRANSFER(part.f90); DENSITY(mass.f90),
ADV_FX,mesh.f90:374,REAL(EB),4,mesh.f90:575,M%ADV_FX,mesh.f90:77,"deferred(:,:,:,:); allocated as (0:IBP1,0:JBP1,0:KBP1,1:N_TOTAL_SCALARS)",face_centred_flux,4,4,GAS_PHASE_OUTPUT(dump.f90); SOLID_PHASE_OUTPUT(dump.f90); DENSITY(mass.f90); POINT_TO_MESH(mesh.f90),
ADV_FY,mesh.f90:374,REAL(EB),4,mesh.f90:576,M%ADV_FY,mesh.f90:78,"deferred(:,:,:,:); allocated as (0:IBP1,0:JBP1,0:KBP1,1:N_TOTAL_SCALARS)",face_centred_flux,4,4,GAS_PHASE_OUTPUT(dump.f90); SOLID_PHASE_OUTPUT(dump.f90); DENSITY(mass.f90); POINT_TO_MESH(mesh.f90),
ADV_FZ,mesh.f90:374,REAL(EB),4,mesh.f90:577,M%ADV_FZ,mesh.f90:79,"deferred(:,:,:,:); allocated as (0:IBP1,0:JBP1,0:KBP1,1:N_TOTAL_SCALARS)",face_centred_flux,4,4,GAS_PHASE_OUTPUT(dump.f90); SOLID_PHASE_OUTPUT(dump.f90); DENSITY(mass.f90); POINT_TO_MESH(mesh.f90),
DIF_FX,mesh.f90:374,REAL(EB),4,mesh.f90:578,M%DIF_FX,mesh.f90:80,"deferred(:,:,:,:); allocated as (0:IBP1,0:JBP1,0:KBP1,1:N_TOTAL_SCALARS)",face_centred_flux,4,4,GAS_PHASE_OUTPUT(dump.f90); SOLID_PHASE_OUTPUT(dump.f90); DIVERGENCE_PART_1(divg.f90); POINT_TO_MESH(mesh.f90),
DIF_FY,mesh.f90:374,REAL(EB),4,mesh.f90:579,M%DIF_FY,mesh.f90:81,"deferred(:,:,:,:); allocated as (0:IBP1,0:JBP1,0:KBP1,1:N_TOTAL_SCALARS)",face_centred_flux,4,4,GAS_PHASE_OUTPUT(dump.f90); SOLID_PHASE_OUTPUT(dump.f90); DIVERGENCE_PART_1(divg.f90); POINT_TO_MESH(mesh.f90),
DIF_FZ,mesh.f90:374,REAL(EB),4,mesh.f90:580,M%DIF_FZ,mesh.f90:82,"deferred(:,:,:,:); allocated as (0:IBP1,0:JBP1,0:KBP1,1:N_TOTAL_SCALARS)",face_centred_flux,4,4,GAS_PHASE_OUTPUT(dump.f90); SOLID_PHASE_OUTPUT(dump.f90); DIVERGENCE_PART_1(divg.f90); POINT_TO_MESH(mesh.f90),
DIF_FXS,mesh.f90:374,REAL(EB),4,mesh.f90:581,M%DIF_FXS,mesh.f90:83,"deferred(:,:,:,:); allocated as (0:IBP1,0:JBP1,0:KBP1,1:N_TOTAL_SCALARS)",face_centred_flux,2,2,DIVERGENCE_PART_1(divg.f90); POINT_TO_MESH(mesh.f90),
DIF_FYS,mesh.f90:374,REAL(EB),4,mesh.f90:582,M%DIF_FYS,mesh.f90:84,"deferred(:,:,:,:); allocated as (0:IBP1,0:JBP1,0:KBP1,1:N_TOTAL_SCALARS)",face_centred_flux,2,2,DIVERGENCE_PART_1(divg.f90); POINT_TO_MESH(mesh.f90),
DIF_FZS,mesh.f90:374,REAL(EB),4,mesh.f90:583,M%DIF_FZS,mesh.f90:85,"deferred(:,:,:,:); allocated as (0:IBP1,0:JBP1,0:KBP1,1:N_TOTAL_SCALARS)",face_centred_flux,2,2,DIVERGENCE_PART_1(divg.f90); POINT_TO_MESH(mesh.f90),
CHEM_ACTIVE_CELLS,mesh.f90:375,INTEGER,2,mesh.f90:538,M%CHEM_ACTIVE_CELLS,mesh.f90:56,"deferred(:,:); allocated as (IBP1*JBP1*KBP1,4)",other,4,4,COMBUSTION_GENERAL_LOAD_BALANCED(fire.f90); DISTRIBUTE_CELLS_ACCROSS_MPI_PROCESSES(fire.f90); GATHER_CELLS_FROM_MPI_PROCESSES(fire.f90); POINT_TO_MESH(mesh.f90),
CHEM_ACTIVE_CC,mesh.f90:376,INTEGER,2,mesh.f90:539,M%CHEM_ACTIVE_CC,mesh.f90:57,"deferred(:,:); allocated as (SUM_CC,3)",other,4,4,COMBUSTION_GENERAL_LOAD_BALANCED(fire.f90); DISTRIBUTE_CELLS_ACCROSS_MPI_PROCESSES(fire.f90); GATHER_CELLS_FROM_MPI_PROCESSES(fire.f90); POINT_TO_MESH(mesh.f90),
POIS_PTB,mesh.f90:377,REAL(EB),0,mesh.f90:571,M%POIS_PTB,mesh.f90:87,scalar,pressure_solver,2,2,PRESSURE_SOLVER_FFT(pres.f90); POINT_TO_MESH(mesh.f90),
POIS_ERR,mesh.f90:377,REAL(EB),0,mesh.f90:572,M%POIS_ERR,mesh.f90:87,scalar,pressure_solver,4,4,GAS_PHASE_OUTPUT(dump.f90); POINT_TO_MESH(mesh.f90); PRESSURE_SOLVER_CHECK_RESIDUALS(pres.f90); PRESSURE_SOLVER_CHECK_RESIDUALS_U(pres.f90),
SAVE1,mesh.f90:378,REAL(EB),1,mesh.f90:573,M%SAVE1,mesh.f90:88,deferred(:); allocated as (-3:M%LSAVE),pressure_solver,2,2,PRESSURE_SOLVER_FFT(pres.f90); POINT_TO_MESH(mesh.f90),
SAVE2,mesh.f90:378,REAL(EB),1,mesh.f90:574,M%SAVE2,mesh.f90:88,deferred(:); no ALLOCATE found,pressure_solver,1,1,POINT_TO_MESH(mesh.f90),
WORK,mesh.f90:378,REAL(EB),1,mesh.f90:588,M%WORK,mesh.f90:88,deferred(:); allocated as (M%LWORK),pressure_solver,2,2,PRESSURE_SOLVER_FFT(pres.f90); POINT_TO_MESH(mesh.f90),
PRHS,mesh.f90:379,REAL(EB),3,mesh.f90:591,M%PRHS,mesh.f90:89,"deferred(:,:,:); allocated as (ITRN,JTRN,KTRN)",pressure_solver,5,5,PRESSURE_SOLVER_FFT(pres.f90); PRESSURE_SOLVER_COMPUTE_RHS(pres.f90); GET_FH_FROM_PRHS_AND_BCS(ccib.f90); POINT_TO_MESH(mesh.f90); ULMAT_SOLVE_ZONE(pres.f90),
BXS,mesh.f90:380,REAL(EB),2,mesh.f90:592,M%BXS,mesh.f90:90,"deferred(:,:); allocated as (JDIM,KBP1)",pressure_solver,7,7,PRESSURE_SOLVER_FFT(pres.f90); ULMAT_SOLVE_ZONE(pres.f90); PRESSURE_SOLVER_COMPUTE_RHS(pres.f90); GET_FH_FROM_PRHS_AND_BCS(ccib.f90); GET_PRES_CFACE_BCS(ccib.f90); GLMAT_SOLVER(pres.f90),
BXF,mesh.f90:380,REAL(EB),2,mesh.f90:593,M%BXF,mesh.f90:90,"deferred(:,:); allocated as (JDIM,KBP1)",pressure_solver,7,7,PRESSURE_SOLVER_FFT(pres.f90); ULMAT_SOLVE_ZONE(pres.f90); PRESSURE_SOLVER_COMPUTE_RHS(pres.f90); GET_FH_FROM_PRHS_AND_BCS(ccib.f90); GET_PRES_CFACE_BCS(ccib.f90); GLMAT_SOLVER(pres.f90),
BYS,mesh.f90:380,REAL(EB),2,mesh.f90:594,M%BYS,mesh.f90:90,"deferred(:,:); allocated as (IBP1,KBP1)",pressure_solver,7,7,PRESSURE_SOLVER_FFT(pres.f90); PRESSURE_SOLVER_COMPUTE_RHS(pres.f90); ULMAT_SOLVE_ZONE(pres.f90); GET_FH_FROM_PRHS_AND_BCS(ccib.f90); GET_PRES_CFACE_BCS(ccib.f90); GLMAT_SOLVER(pres.f90),
BYF,mesh.f90:380,REAL(EB),2,mesh.f90:595,M%BYF,mesh.f90:90,"deferred(:,:); allocated as (IBP1,KBP1)",pressure_solver,7,7,PRESSURE_SOLVER_FFT(pres.f90); PRESSURE_SOLVER_COMPUTE_RHS(pres.f90); ULMAT_SOLVE_ZONE(pres.f90); GET_FH_FROM_PRHS_AND_BCS(ccib.f90); GET_PRES_CFACE_BCS(ccib.f90); GLMAT_SOLVER(pres.f90),
BZS,mesh.f90:380,REAL(EB),2,mesh.f90:596,M%BZS,mesh.f90:90,"deferred(:,:); allocated as (IBP1,JDIM)",pressure_solver,7,7,PRESSURE_SOLVER_FFT(pres.f90); PRESSURE_SOLVER_COMPUTE_RHS(pres.f90); ULMAT_SOLVE_ZONE(pres.f90); GET_FH_FROM_PRHS_AND_BCS(ccib.f90); GET_PRES_CFACE_BCS(ccib.f90); GLMAT_SOLVER(pres.f90),
BZF,mesh.f90:380,REAL(EB),2,mesh.f90:597,M%BZF,mesh.f90:90,"deferred(:,:); allocated as (IBP1,JDIM)",pressure_solver,7,7,PRESSURE_SOLVER_FFT(pres.f90); PRESSURE_SOLVER_COMPUTE_RHS(pres.f90); ULMAT_SOLVE_ZONE(pres.f90); GET_FH_FROM_PRHS_AND_BCS(ccib.f90); GET_PRES_CFACE_BCS(ccib.f90); GLMAT_SOLVER(pres.f90),
BXST,mesh.f90:380,REAL(EB),2,mesh.f90:598,M%BXST,mesh.f90:90,"deferred(:,:); allocated as (KBP1,JTRN) | (KBP1,JBP1)",pressure_solver,2,2,PRESSURE_SOLVER_FFT(pres.f90); POINT_TO_MESH(mesh.f90),
BXFT,mesh.f90:380,REAL(EB),2,mesh.f90:599,M%BXFT,mesh.f90:90,"deferred(:,:); allocated as (KBP1,JTRN) | (KBP1,JBP1)",pressure_solver,2,2,PRESSURE_SOLVER_FFT(pres.f90); POINT_TO_MESH(mesh.f90),
BYST,mesh.f90:380,REAL(EB),2,mesh.f90:600,M%BYST,mesh.f90:90,"deferred(:,:); allocated as (KBP1,IBP1)",pressure_solver,2,2,PRESSURE_SOLVER_FFT(pres.f90); POINT_TO_MESH(mesh.f90),
BYFT,mesh.f90:380,REAL(EB),2,mesh.f90:601,M%BYFT,mesh.f90:90,"deferred(:,:); allocated as (KBP1,IBP1)",pressure_solver,2,2,PRESSURE_SOLVER_FFT(pres.f90); POINT_TO_MESH(mesh.f90),
BZST,mesh.f90:380,REAL(EB),2,mesh.f90:602,M%BZST,mesh.f90:90,"deferred(:,:); allocated as (JBP1,IBP1) | (JTRN,IBP1)",pressure_solver,2,2,PRESSURE_SOLVER_FFT(pres.f90); POINT_TO_MESH(mesh.f90),
BZFT,mesh.f90:380,REAL(EB),2,mesh.f90:603,M%BZFT,mesh.f90:90,"deferred(:,:); allocated as (JBP1,IBP1) | (JTRN,IBP1)",pressure_solver,2,2,PRESSURE_SOLVER_FFT(pres.f90); POINT_TO_MESH(mesh.f90),
BXS_BAR,mesh.f90:381,REAL(EB),0,mesh.f90:604,M%BXS_BAR,mesh.f90:91,scalar,pressure_solver,3,3,POINT_TO_MESH(mesh.f90); PRESSURE_SOLVER_FFT(pres.f90); ULMAT_SOLVE_ZONE(pres.f90),
BXF_BAR,mesh.f90:381,REAL(EB),0,mesh.f90:605,M%BXF_BAR,mesh.f90:91,scalar,pressure_solver,3,3,POINT_TO_MESH(mesh.f90); PRESSURE_SOLVER_FFT(pres.f90); ULMAT_SOLVE_ZONE(pres.f90),
LSAVE,mesh.f90:382,INTEGER,0,mesh.f90:589,M%LSAVE,mesh.f90:92,scalar,pressure_solver,1,1,POINT_TO_MESH(mesh.f90),
LWORK,mesh.f90:382,INTEGER,0,mesh.f90:590,M%LWORK,mesh.f90:92,scalar,pressure_solver,1,1,POINT_TO_MESH(mesh.f90),
LBC,mesh.f90:382,INTEGER,0,mesh.f90:606,M%LBC,mesh.f90:92,scalar,pressure_solver,2,2,PRESSURE_SOLVER_FFT(pres.f90); POINT_TO_MESH(mesh.f90),
MBC,mesh.f90:382,INTEGER,0,mesh.f90:607,M%MBC,mesh.f90:92,scalar,pressure_solver,2,2,PRESSURE_SOLVER_FFT(pres.f90); POINT_TO_MESH(mesh.f90),
NBC,mesh.f90:382,INTEGER,0,mesh.f90:608,M%NBC,mesh.f90:92,scalar,pressure_solver,2,2,PRESSURE_SOLVER_FFT(pres.f90); POINT_TO_MESH(mesh.f90),
LBC2,mesh.f90:382,INTEGER,0,mesh.f90:609,M%LBC2,mesh.f90:92,scalar,pressure_solver,1,1,POINT_TO_MESH(mesh.f90),
MBC2,mesh.f90:382,INTEGER,0,mesh.f90:610,M%MBC2,mesh.f90:92,scalar,pressure_solver,1,1,POINT_TO_MESH(mesh.f90),
NBC2,mesh.f90:382,INTEGER,0,mesh.f90:611,M%NBC2,mesh.f90:92,scalar,pressure_solver,1,1,POINT_TO_MESH(mesh.f90),
ITRN,mesh.f90:382,INTEGER,0,mesh.f90:612,M%ITRN,mesh.f90:92,scalar,pressure_solver,2,2,PRESSURE_SOLVER_FFT(pres.f90); POINT_TO_MESH(mesh.f90),
JTRN,mesh.f90:382,INTEGER,0,mesh.f90:613,M%JTRN,mesh.f90:92,scalar,pressure_solver,2,2,PRESSURE_SOLVER_FFT(pres.f90); POINT_TO_MESH(mesh.f90),
KTRN,mesh.f90:382,INTEGER,0,mesh.f90:614,M%KTRN,mesh.f90:92,scalar,pressure_solver,1,1,POINT_TO_MESH(mesh.f90),
IPS,mesh.f90:382,INTEGER,0,mesh.f90:615,M%IPS,mesh.f90:92,scalar,pressure_solver,3,3,PRESSURE_SOLVER_FFT(pres.f90); POINT_TO_MESH(mesh.f90); PRESSURE_SOLVER_COMPUTE_RHS(pres.f90),
P_0,mesh.f90:383,REAL(EB),1,mesh.f90:625,M%P_0,mesh.f90:94,deferred(:); allocated as (0:M%KBP1),pressure_solver,10,8,CC_DENSITY(ccib.f90); ADD_CUTCELL_D_PBAR_DT(ccib.f90); GAS_PHASE_OUTPUT(dump.f90); ADD_LINKEDCELL_D_PBAR_DT(ccib.f90); ADD_LINKEDCELL_PSUM(ccib.f90); ADD_CUTCELL_PSUM(ccib.f90),
RHO_0,mesh.f90:383,REAL(EB),1,mesh.f90:626,M%RHO_0,mesh.f90:95,deferred(:); allocated as (0:M%KBP1),other,8,7,CC_VELOCITY_FLUX(ccib.f90); VELOCITY_FLUX(velo.f90); VELOCITY_FLUX_CYLINDRICAL(velo.f90); CREATE_OR_REMOVE_OBST(init.f90); CC_RHO0W_INTERP(ccib.f90); INIT_CUTCELL_DATA(ccib.f90),
TMP_0,mesh.f90:383,REAL(EB),1,mesh.f90:627,M%TMP_0,mesh.f90:96,deferred(:); allocated as (0:M%KBP1),other,6,5,SOLID_HEAT_TRANSFER(wall.f90); SURFACE_HEAT_TRANSFER(wall.f90); RADIATION_FVM(radi.f90); INIT_CFACE_CELL(geom.f90); CREATE_OR_REMOVE_OBST(init.f90); POINT_TO_MESH(mesh.f90),
D_PBAR_DT,mesh.f90:383,REAL(EB),1,mesh.f90:620,M%D_PBAR_DT,mesh.f90:97,deferred(:); allocated as (0:N_ZONE),pressure_solver,9,8,GET_CUTCELL_DDDT(ccib.f90); ADD_Q_DOT_CUTCELLS(ccib.f90); CC_CHECK_DIVERGENCE(ccib.f90); DIVERGENCE_PART_2(divg.f90); DUMP_RESTART(dump.f90); READ_RESTART(dump.f90),
D_PBAR_DT_S,mesh.f90:383,REAL(EB),1,mesh.f90:621,M%D_PBAR_DT_S,mesh.f90:98,deferred(:); allocated as (0:N_ZONE),pressure_solver,7,7,GET_CUTCELL_DDDT(ccib.f90); ADD_Q_DOT_CUTCELLS(ccib.f90); CC_CHECK_DIVERGENCE(ccib.f90); DIVERGENCE_PART_2(divg.f90); UPDATE_HRR(dump.f90); DENSITY(mass.f90),
U_LEAK,mesh.f90:383,REAL(EB),1,mesh.f90:616,M%U_LEAK,mesh.f90:99,deferred(:); allocated as (0:N_ZONE),pressure_solver,1,1,POINT_TO_MESH(mesh.f90),
U_WIND,mesh.f90:383,REAL(EB),1,mesh.f90:617,M%U_WIND,mesh.f90:100,deferred(:); allocated as (0:M%KBP1),other,6,6,VELOCITY_BC(velo.f90); GET_OPENBC_TANGENTIAL_CUTFACE_VEL(ccib.f90); PRESSURE_SOLVER_COMPUTE_RHS(pres.f90); GET_PRES_CFACE_BCS(ccib.f90); POINT_TO_MESH(mesh.f90); SURFACE_HEAT_TRANSFER(wall.f90),
V_WIND,mesh.f90:383,REAL(EB),1,mesh.f90:618,M%V_WIND,mesh.f90:101,deferred(:); allocated as (0:M%KBP1),other,6,6,VELOCITY_BC(velo.f90); GET_OPENBC_TANGENTIAL_CUTFACE_VEL(ccib.f90); PRESSURE_SOLVER_COMPUTE_RHS(pres.f90); GET_PRES_CFACE_BCS(ccib.f90); POINT_TO_MESH(mesh.f90); SURFACE_HEAT_TRANSFER(wall.f90),
W_WIND,mesh.f90:383,REAL(EB),1,mesh.f90:619,M%W_WIND,mesh.f90:102,deferred(:); allocated as (0:M%KBP1),other,6,6,VELOCITY_BC(velo.f90); GET_OPENBC_TANGENTIAL_CUTFACE_VEL(ccib.f90); PRESSURE_SOLVER_COMPUTE_RHS(pres.f90); GET_PRES_CFACE_BCS(ccib.f90); POINT_TO_MESH(mesh.f90); SURFACE_HEAT_TRANSFER(wall.f90),
PBAR,mesh.f90:384,REAL(EB),2,mesh.f90:622,M%PBAR,mesh.f90:104,"deferred(:,:); allocated as (0:KBP1,0:N_ZONE)",pressure_solver,22,21,GAS_PHASE_OUTPUT(dump.f90); SETTLING_VELOCITY(soot.f90); COMBUSTION_GENERAL_LOAD_BALANCED(fire.f90); DENSITY(mass.f90); PARTICLE_MASS_ENERGY_TRANSFER(part.f90); CC_DENSITY(ccib.f90),
PBAR_S,mesh.f90:384,REAL(EB),2,mesh.f90:623,M%PBAR_S,mesh.f90:105,"deferred(:,:); allocated as (0:KBP1,0:N_ZONE)",pressure_solver,9,9,DENSITY(mass.f90); CC_DENSITY(ccib.f90); CFACE_PREDICT_NORMAL_VELOCITY(ccib.f90); CC_DIVERGENCE_PART_1(ccib.f90); DIVERGENCE_PART_1(divg.f90); DIVERGENCE_PART_2(divg.f90),
R_PBAR,mesh.f90:384,REAL(EB),2,mesh.f90:624,M%R_PBAR,mesh.f90:106,"deferred(:,:); allocated as (0:KBP1,0:N_ZONE)",pressure_solver,4,4,DIVERGENCE_PART_1(divg.f90); DIVERGENCE_PART_2(divg.f90); CC_DIVERGENCE_PART_1(ccib.f90); POINT_TO_MESH(mesh.f90),
PRESSURE_ZONE,mesh.f90:385,INTEGER,3,mesh.f90:628,M%PRESSURE_ZONE,mesh.f90:107,"deferred(:,:,:); allocated as (0:IBP1,0:JBP1,0:KBP1) | (0:M4%IBP1,0:M4%JBP1,0:M4%KBP1)",pressure_solver,38,38,ULMAT_SOLVE_ZONE(pres.f90); GAS_PHASE_OUTPUT(dump.f90); ULMAT_GET_H_REGFACES(pres.f90); GLMAT_SOLVER(pres.f90); GET_MATRIXGRAPH_H_WHLDOM(pres.f90); SETTLING_VELOCITY(soot.f90),
ZONE_MESH,mesh.f90:386,TYPE:ZONE_MESH_TYPE(ZONE_MESH_TYPE),1,mesh.f90:629,M%ZONE_MESH,mesh.f90:108,deferred(:); allocated as (0:N_ZONE),pressure_solver,11,11,ULMAT_SOLVE_ZONE(pres.f90); ULMAT_SOLVER_SETUP(pres.f90); ULMAT_MATRIXGRAPH_H(pres.f90); GAS_PHASE_OUTPUT(dump.f90); ULMAT_BCS_H_MATRIX(pres.f90); GET_H_GUARD_CUTCELL(ccib.f90),
MUNKH,mesh.f90:387,INTEGER,3,mesh.f90:630,M%MUNKH,mesh.f90:109,"deferred(:,:,:); allocated as (0:IBAR+1,0:JBAR+1,0:KBAR+1)",pressure_solver,7,7,ULMAT_SOLVE_ZONE(pres.f90); ULMAT_GET_H_REGFACES(pres.f90); ULMAT_MATRIXGRAPH_H(pres.f90); ULMAT_H_MATRIX(pres.f90); POINT_TO_MESH(mesh.f90); ULMAT_SOLVER_SETUP(pres.f90),
WORK1,mesh.f90:388,REAL(EB),3,mesh.f90:631,M%WORK1,mesh.f90:117,"deferred(:,:,:); allocated as (0:IBP1,0:JBP1,0:KBP1)",scratch_work,16,16,VARDEN_DYNSMAG(turb.f90); CC_DIVERGENCE_PART_1(ccib.f90); DIVERGENCE_PART_1(divg.f90); DIVERGENCE_PART_2(divg.f90); DUMP_ISOF(dump.f90); DUMP_SLCF(dump.f90),
WORK2,mesh.f90:388,REAL(EB),3,mesh.f90:632,M%WORK2,mesh.f90:117,"deferred(:,:,:); allocated as (0:IBP1,0:JBP1,0:KBP1)",scratch_work,16,16,VARDEN_DYNSMAG(turb.f90); SET_EXIMRHOHSLIM_3D(ccib.f90); DIVERGENCE_PART_1(divg.f90); ENTHALPY_ADVECTION_NEW(divg.f90); DUMP_ISOF(dump.f90); DUMP_SLCF(dump.f90),
WORK3,mesh.f90:388,REAL(EB),3,mesh.f90:633,M%WORK3,mesh.f90:117,"deferred(:,:,:); allocated as (0:IBP1,0:JBP1,0:KBP1)",scratch_work,12,12,VARDEN_DYNSMAG(turb.f90); SET_EXIMRHOHSLIM_3D(ccib.f90); DIVERGENCE_PART_1(divg.f90); ENTHALPY_ADVECTION_NEW(divg.f90); DUMP_ISOF(dump.f90); DUMP_SMOKE3D(dump.f90),
WORK4,mesh.f90:388,REAL(EB),3,mesh.f90:634,M%WORK4,mesh.f90:117,"deferred(:,:,:); allocated as (0:IBP1,0:JBP1,0:KBP1)",scratch_work,13,13,VARDEN_DYNSMAG(turb.f90); DIVERGENCE_PART_1(divg.f90); SET_EXIMRHOHSLIM_3D(ccib.f90); CC_CHECK_MASS_DENSITY(ccib.f90); ENTHALPY_ADVECTION_NEW(divg.f90); DUMP_ISOF(dump.f90),
WORK5,mesh.f90:388,REAL(EB),3,mesh.f90:635,M%WORK5,mesh.f90:117,"deferred(:,:,:); allocated as (0:IBP1,0:JBP1,0:KBP1)",scratch_work,12,12,VARDEN_DYNSMAG(turb.f90); DIVERGENCE_PART_1(divg.f90); CC_DIVERGENCE_PART_1(ccib.f90); CC_CHECK_MASS_DENSITY(ccib.f90); COMPUTE_PARTICLE_FLUXES(dump.f90); CHECK_MASS_DENSITY(mass.f90),
WORK6,mesh.f90:388,REAL(EB),3,mesh.f90:636,M%WORK6,mesh.f90:117,"deferred(:,:,:); allocated as (0:IBP1,0:JBP1,0:KBP1)",scratch_work,9,9,VARDEN_DYNSMAG(turb.f90); DIVERGENCE_PART_1(divg.f90); ENTHALPY_ADVECTION_NEW(divg.f90); COMPUTE_PARTICLE_FLUXES(dump.f90); POINT_TO_MESH(mesh.f90); PARTICLE_RUNNING_AVERAGES(part.f90),
WORK7,mesh.f90:388,REAL(EB),3,mesh.f90:637,M%WORK7,mesh.f90:117,"deferred(:,:,:); allocated as (0:IBP1,0:JBP1,0:KBP1)",scratch_work,14,14,VARDEN_DYNSMAG(turb.f90); CCSPECIES_ADVECTION(ccib.f90); DIVERGENCE_PART_1(divg.f90); SPECIES_ADVECTION_PART_2(divg.f90); DUMP_SLCF(dump.f90); DUMP_SLCF_VTK(dump.f90),
WORK8,mesh.f90:388,REAL(EB),3,mesh.f90:638,M%WORK8,mesh.f90:117,"deferred(:,:,:); allocated as (0:IBP1,0:JBP1,0:KBP1)",scratch_work,6,6,PRESSURE_SOLVER_CHECK_RESIDUALS(pres.f90); PRESSURE_SOLVER_CHECK_RESIDUALS_U(pres.f90); POINT_TO_MESH(mesh.f90); RADIATION_FVM(radi.f90); SETTLING_VELOCITY(soot.f90); CORIOLIS_FORCE(velo.f90),
WORK9,mesh.f90:388,REAL(EB),3,mesh.f90:639,M%WORK9,mesh.f90:117,"deferred(:,:,:); allocated as (0:IBP1,0:JBP1,0:KBP1)",scratch_work,8,8,CALC_VARDEN_LEONARD_TERM(turb.f90); VARDEN_DYNSMAG(turb.f90); DIVERGENCE_PART_1(divg.f90); CC_DIVERGENCE_PART_1(ccib.f90); POINT_TO_MESH(mesh.f90); RADIATION_FVM(radi.f90),
IWORK1,mesh.f90:389,INTEGER,3,mesh.f90:640,M%IWORK1,mesh.f90:118,"deferred(:,:,:); allocated as (0:IBP1,0:JBP1,0:KBP1)",scratch_work,2,2,POINT_TO_MESH(mesh.f90); COMPUTE_VISCOSITY(velo.f90),
WORK_PAD,mesh.f90:390,REAL(EB),3,mesh.f90:641,M%WORK_PAD,mesh.f90:119,"deferred(:,:,:); allocated as (-1:IBP1+1,-1:JBP1+1,-1:KBP1+1)",scratch_work,4,4,SPECIES_ADVECTION_PART_1_NEW(divg.f90); MASS_FINITE_DIFFERENCES(mass.f90); ENTHALPY_ADVECTION_NEW(divg.f90); POINT_TO_MESH(mesh.f90),
WORK_U,mesh.f90:391,REAL(EB),3,mesh.f90:642,M%WORK_U,mesh.f90:120,"deferred(:,:,:); allocated as (-1:IBP1,0:JBP1,0:KBP1)",scratch_work,3,3,GET_EXPLICIT_ADVDIFFVECTOR_SCALAR_3D(ccib.f90); DENSITY(mass.f90); POINT_TO_MESH(mesh.f90),
WORK_V,mesh.f90:391,REAL(EB),3,mesh.f90:643,M%WORK_V,mesh.f90:120,"deferred(:,:,:); allocated as (0:IBP1,-1:JBP1,0:KBP1)",scratch_work,3,3,GET_EXPLICIT_ADVDIFFVECTOR_SCALAR_3D(ccib.f90); DENSITY(mass.f90); POINT_TO_MESH(mesh.f90),
WORK_W,mesh.f90:391,REAL(EB),3,mesh.f90:644,M%WORK_W,mesh.f90:120,"deferred(:,:,:); allocated as (0:IBP1,0:JBP1,-1:KBP1)",scratch_work,3,3,GET_EXPLICIT_ADVDIFFVECTOR_SCALAR_3D(ccib.f90); DENSITY(mass.f90); POINT_TO_MESH(mesh.f90),
PWORK1,mesh.f90:393,REAL(EB),3,mesh.f90:645,M%PWORK1,mesh.f90:121,"deferred(:,:,:); allocated as (NX,NX,NX)",pressure_solver,1,1,POINT_TO_MESH(mesh.f90),
PWORK2,mesh.f90:393,REAL(EB),3,mesh.f90:646,M%PWORK2,mesh.f90:121,"deferred(:,:,:); allocated as (NX,NX,NX)",pressure_solver,1,1,POINT_TO_MESH(mesh.f90),
PWORK3,mesh.f90:393,REAL(EB),3,mesh.f90:647,M%PWORK3,mesh.f90:121,"deferred(:,:,:); allocated as (NX,NX,NX)",pressure_solver,1,1,POINT_TO_MESH(mesh.f90),
PWORK4,mesh.f90:393,REAL(EB),3,mesh.f90:648,M%PWORK4,mesh.f90:121,"deferred(:,:,:); no ALLOCATE found",pressure_solver,1,1,POINT_TO_MESH(mesh.f90),
PWORK5,mesh.f90:394,COMPLEX(EB),3,mesh.f90:649,M%PWORK5,mesh.f90:122,"deferred(:,:,:); allocated as (NX,NX,NX)",pressure_solver,1,1,POINT_TO_MESH(mesh.f90),
PWORK6,mesh.f90:394,COMPLEX(EB),3,mesh.f90:650,M%PWORK6,mesh.f90:122,"deferred(:,:,:); allocated as (NX,NX,NX)",pressure_solver,1,1,POINT_TO_MESH(mesh.f90),
PWORK7,mesh.f90:394,COMPLEX(EB),3,mesh.f90:651,M%PWORK7,mesh.f90:122,"deferred(:,:,:); allocated as (NX,NX,NX)",pressure_solver,1,1,POINT_TO_MESH(mesh.f90),
PWORK8,mesh.f90:394,COMPLEX(EB),3,mesh.f90:652,M%PWORK8,mesh.f90:122,"deferred(:,:,:); allocated as (NX,NX,NX)",pressure_solver,1,1,POINT_TO_MESH(mesh.f90),
TURB_WORK1,mesh.f90:396,REAL(EB),3,mesh.f90:653,M%TURB_WORK1,mesh.f90:123,"deferred(:,:,:); allocated as (0:IBP1,0:JBP1,0:KBP1)",scratch_work,3,3,VARDEN_DYNSMAG(turb.f90); CALC_VARDEN_LEONARD_TERM(turb.f90); POINT_TO_MESH(mesh.f90),
TURB_WORK2,mesh.f90:396,REAL(EB),3,mesh.f90:654,M%TURB_WORK2,mesh.f90:123,"deferred(:,:,:); allocated as (0:IBP1,0:JBP1,0:KBP1)",scratch_work,3,3,VARDEN_DYNSMAG(turb.f90); CALC_VARDEN_LEONARD_TERM(turb.f90); POINT_TO_MESH(mesh.f90),
TURB_WORK3,mesh.f90:396,REAL(EB),3,mesh.f90:655,M%TURB_WORK3,mesh.f90:123,"deferred(:,:,:); allocated as (0:IBP1,0:JBP1,0:KBP1)",scratch_work,3,3,CALC_VARDEN_LEONARD_TERM(turb.f90); POINT_TO_MESH(mesh.f90); VARDEN_DYNSMAG(turb.f90),
TURB_WORK4,mesh.f90:396,REAL(EB),3,mesh.f90:656,M%TURB_WORK4,mesh.f90:123,"deferred(:,:,:); allocated as (0:IBP1,0:JBP1,0:KBP1)",scratch_work,3,3,CALC_VARDEN_LEONARD_TERM(turb.f90); VARDEN_DYNSMAG(turb.f90); POINT_TO_MESH(mesh.f90),
TURB_WORK5,mesh.f90:397,REAL(EB),3,mesh.f90:657,M%TURB_WORK5,mesh.f90:124,"deferred(:,:,:); allocated as (0:IBP1,0:JBP1,0:KBP1)",scratch_work,3,3,CALC_VARDEN_LEONARD_TERM(turb.f90); VARDEN_DYNSMAG(turb.f90); POINT_TO_MESH(mesh.f90),
TURB_WORK6,mesh.f90:397,REAL(EB),3,mesh.f90:658,M%TURB_WORK6,mesh.f90:124,"deferred(:,:,:); allocated as (0:IBP1,0:JBP1,0:KBP1)",scratch_work,3,3,CALC_VARDEN_LEONARD_TERM(turb.f90); VARDEN_DYNSMAG(turb.f90); POINT_TO_MESH(mesh.f90),
TURB_WORK7,mesh.f90:397,REAL(EB),3,mesh.f90:659,M%TURB_WORK7,mesh.f90:124,"deferred(:,:,:); allocated as (0:IBP1,0:JBP1,0:KBP1)",scratch_work,3,3,CALC_VARDEN_LEONARD_TERM(turb.f90); VARDEN_DYNSMAG(turb.f90); POINT_TO_MESH(mesh.f90),
TURB_WORK8,mesh.f90:397,REAL(EB),3,mesh.f90:660,M%TURB_WORK8,mesh.f90:124,"deferred(:,:,:); allocated as (0:IBP1,0:JBP1,0:KBP1)",scratch_work,3,3,CALC_VARDEN_LEONARD_TERM(turb.f90); VARDEN_DYNSMAG(turb.f90); POINT_TO_MESH(mesh.f90),
TURB_WORK9,mesh.f90:398,REAL(EB),3,mesh.f90:661,M%TURB_WORK9,mesh.f90:125,"deferred(:,:,:); allocated as (0:IBP1,0:JBP1,0:KBP1)",scratch_work,3,3,CALC_VARDEN_LEONARD_TERM(turb.f90); VARDEN_DYNSMAG(turb.f90); POINT_TO_MESH(mesh.f90),
TURB_WORK10,mesh.f90:398,REAL(EB),3,mesh.f90:662,M%TURB_WORK10,mesh.f90:125,"deferred(:,:,:); allocated as (0:IBP1,0:JBP1,0:KBP1)",scratch_work,2,2,POINT_TO_MESH(mesh.f90); VARDEN_DYNSMAG(turb.f90),
CCVELDIV,mesh.f90:400,REAL(EB),3,mesh.f90:663,M%CCVELDIV,mesh.f90:126,"deferred(:,:,:); allocated as (0:IBP1,0:JBP1,0:KBP1)",other,3,3,CC_CHECK_DIVERGENCE(ccib.f90); GAS_PHASE_OUTPUT(dump.f90); POINT_TO_MESH(mesh.f90),
CARTVELDIV,mesh.f90:400,REAL(EB),3,mesh.f90:664,M%CARTVELDIV,mesh.f90:126,"deferred(:,:,:); allocated as (0:IBP1,0:JBP1,0:KBP1)",other,4,4,CHECK_DIVERGENCE(divg.f90); GAS_PHASE_OUTPUT(dump.f90); CC_CHECK_DIVERGENCE(ccib.f90); POINT_TO_MESH(mesh.f90),
WALL_WORK1,mesh.f90:402,REAL(EB),1,mesh.f90:665,M%WALL_WORK1,mesh.f90:127,deferred(:); allocated as (M%N_WALL_CELLS),scratch_work,7,7,PRESSURE_SOLVER_COMPUTE_RHS(pres.f90); GET_PRES_CFACE_BCS(ccib.f90); CC_NO_FLUX(ccib.f90); COMPUTE_VELOCITY_ERROR(pres.f90); CC_COMPUTE_VELOCITY_ERROR(ccib.f90); POINT_TO_MESH(mesh.f90),
WALL_WORK2,mesh.f90:402,REAL(EB),1,mesh.f90:666,M%WALL_WORK2,mesh.f90:127,deferred(:); allocated as (M%N_WALL_CELLS),scratch_work,2,2,POINT_TO_MESH(mesh.f90); RADIATION_FVM(radi.f90),
FACE_WORK1,mesh.f90:402,REAL(EB),1,mesh.f90:667,M%FACE_WORK1,mesh.f90:127,deferred(:); allocated as (MESHES(NM)%N_CFACE_CELLS_DIM),scratch_work,2,2,POINT_TO_MESH(mesh.f90); RADIATION_FVM(radi.f90),
FACE_WORK2,mesh.f90:402,REAL(EB),1,mesh.f90:668,M%FACE_WORK2,mesh.f90:127,deferred(:); allocated as (MESHES(NM)%N_CFACE_CELLS_DIM),scratch_work,2,2,POINT_TO_MESH(mesh.f90); RADIATION_FVM(radi.f90),
FACE_WORK3,mesh.f90:402,REAL(EB),1,mesh.f90:669,M%FACE_WORK3,mesh.f90:127,deferred(:); allocated as (MESHES(NM)%N_CFACE_CELLS_DIM),scratch_work,2,2,POINT_TO_MESH(mesh.f90); RADIATION_FVM(radi.f90),
FIRE_ARRIVAL_TIME,mesh.f90:403,REAL(EB),1,mesh.f90:670,M%FIRE_ARRIVAL_TIME,mesh.f90:128,deferred(:); allocated as (1:M%N_INTERNAL_WALL_CELLS+M%N_EXTERNAL_WALL_CELLS+M%N_INTERNAL_CFACE_CELLS),other,6,5,COMPUTE_FIRE_SPREAD_OUTPUTS(vege.f90); DUMP_BNDF(dump.f90); DUMP_RESTART(dump.f90); READ_RESTART(dump.f90); SOLID_PHASE_OUTPUT(dump.f90); POINT_TO_MESH(mesh.f90),
FIRE_RESIDENCE_TIME,mesh.f90:403,REAL(EB),1,mesh.f90:671,M%FIRE_RESIDENCE_TIME,mesh.f90:128,deferred(:); allocated as (1:M%N_INTERNAL_WALL_CELLS+M%N_EXTERNAL_WALL_CELLS+M%N_INTERNAL_CFACE_CELLS),other,5,4,COMPUTE_FIRE_SPREAD_OUTPUTS(vege.f90); DUMP_RESTART(dump.f90); READ_RESTART(dump.f90); SOLID_PHASE_OUTPUT(dump.f90); POINT_TO_MESH(mesh.f90),
LS_SPREAD_RATE,mesh.f90:403,REAL(EB),1,mesh.f90:672,M%LS_SPREAD_RATE,mesh.f90:128,deferred(:); allocated as (1:M%N_INTERNAL_WALL_CELLS+M%N_EXTERNAL_WALL_CELLS+M%N_INTERNAL_CFACE_CELLS),other,5,4,DUMP_RESTART(dump.f90); READ_RESTART(dump.f90); SOLID_PHASE_OUTPUT(dump.f90); POINT_TO_MESH(mesh.f90); IGNITE_GRID_CELL(vege.f90),
QQ,mesh.f90:405,REAL(FB),4,mesh.f90:673,M%QQ,mesh.f90:129,"deferred(:,:,:,:); allocated as (0:IBP1,0:JBP1,0:KBP1,5)",other,7,7,DUMP_SLCF(dump.f90); GET_GEOMVALS(dump.f90); DUMP_SLCF_VTK(dump.f90); DUMP_ISOF(dump.f90); DUMP_SMOKE3D(dump.f90); DUMP_SMOKE3D_VTKHDF(dump.f90),
QQ2,mesh.f90:405,REAL(FB),4,mesh.f90:674,M%QQ2,mesh.f90:129,"deferred(:,:,:,:); allocated as (0:IBP1,0:JBP1,0:KBP1,1)",other,2,2,DUMP_ISOF(dump.f90); POINT_TO_MESH(mesh.f90),
PP,mesh.f90:406,REAL(FB),2,mesh.f90:675,M%PP,mesh.f90:130,"deferred(:,:); allocated as (0:I1B,0:I2B)",other,3,3,DUMP_BNDF(dump.f90); DUMP_BNDF_VTKHDF(dump.f90); POINT_TO_MESH(mesh.f90),
PPN,mesh.f90:406,REAL(FB),2,mesh.f90:676,M%PPN,mesh.f90:130,"deferred(:,:); allocated as (0:I1B,0:I2B)",other,3,3,DUMP_BNDF(dump.f90); DUMP_BNDF_VTKHDF(dump.f90); POINT_TO_MESH(mesh.f90),
BNDF_TIME_INTEGRAL,mesh.f90:406,REAL(FB),2,mesh.f90:677,M%BNDF_TIME_INTEGRAL,mesh.f90:130,"deferred(:,:); allocated as (M%N_BNDF_POINTS,BNDF_TIME_INTEGRALS)",other,3,3,DUMP_BNDF(dump.f90); PACK_VTK_BNDF(dump.f90); POINT_TO_MESH(mesh.f90),
IBK,mesh.f90:407,INTEGER,2,mesh.f90:678,M%IBK,mesh.f90:131,"deferred(:,:); allocated as (0:I1B,0:I2B)",other,3,3,DUMP_BNDF(dump.f90); PACK_VTK_BNDF(dump.f90); POINT_TO_MESH(mesh.f90),
IBLK,mesh.f90:408,INTEGER,3,mesh.f90:679,M%IBLK,mesh.f90:132,"deferred(:,:,:); allocated as (0:IBAR,0:JBAR,0:KBAR) | (1:IBAR,1:JBAR,1:KBAR)",other,2,2,DUMP_ISOF(dump.f90); POINT_TO_MESH(mesh.f90),
WALL_STORAGE,mesh.f90:409,TYPE:STORAGE_TYPE(STORAGE_TYPE),0,mesh.f90:680,M%WALL_STORAGE,mesh.f90:133,scalar,wall_obst_cutcell,3,2,DUMP_RESTART(dump.f90); READ_RESTART(dump.f90); POINT_TO_MESH(mesh.f90),
CFACE_STORAGE,mesh.f90:409,TYPE:STORAGE_TYPE(STORAGE_TYPE),0,mesh.f90:681,M%CFACE_STORAGE,mesh.f90:133,scalar,wall_obst_cutcell,3,2,DUMP_RESTART(dump.f90); READ_RESTART(dump.f90); POINT_TO_MESH(mesh.f90),
CFL,mesh.f90:410,REAL(EB),0,mesh.f90:682,M%CFL,mesh.f90:135,scalar,other,4,4,CHECK_CFLVN_LINKED_CELLS(ccib.f90); CHECK_STABILITY(velo.f90); GAS_PHASE_OUTPUT(dump.f90); POINT_TO_MESH(mesh.f90),
DIVMX,mesh.f90:410,REAL(EB),0,mesh.f90:683,M%DIVMX,mesh.f90:135,scalar,other,3,3,CHECK_DIVERGENCE(divg.f90); CC_CHECK_DIVERGENCE(ccib.f90); POINT_TO_MESH(mesh.f90),
DIVMN,mesh.f90:410,REAL(EB),0,mesh.f90:686,M%DIVMN,mesh.f90:135,scalar,other,3,3,CHECK_DIVERGENCE(divg.f90); CC_CHECK_DIVERGENCE(ccib.f90); POINT_TO_MESH(mesh.f90),
VN,mesh.f90:410,REAL(EB),0,mesh.f90:684,M%VN,mesh.f90:135,scalar,other,4,4,CHECK_STABILITY(velo.f90); CHECK_CFLVN_LINKED_CELLS(ccib.f90); GAS_PHASE_OUTPUT(dump.f90); POINT_TO_MESH(mesh.f90),
RESMAX,mesh.f90:410,REAL(EB),0,mesh.f90:685,M%RESMAX,mesh.f90:135,scalar,other,4,4,CHECK_DIVERGENCE(divg.f90); CC_CHECK_DIVERGENCE(ccib.f90); GAS_PHASE_OUTPUT(dump.f90); POINT_TO_MESH(mesh.f90),
DRAG_UVWMAX,mesh.f90:410,REAL(EB),0,mesh.f90:687,M%DRAG_UVWMAX,mesh.f90:135,scalar,particle,5,4,VELOCITY_BC(velo.f90); CC_EDGE_TAU_OMG(ccib.f90); CHECK_STABILITY(velo.f90); INIT_CUTCELL_DATA(ccib.f90); POINT_TO_MESH(mesh.f90),
PART_UVWMAX,mesh.f90:410,REAL(EB),0,mesh.f90:688,M%PART_UVWMAX,mesh.f90:135,scalar,particle,6,6,MOVE_IN_GAS(part.f90); CHECK_STABILITY(velo.f90); INSERT_ALL_PARTICLES(part.f90); PARTICLE_MASS_ENERGY_TRANSFER(part.f90); POINT_TO_MESH(mesh.f90); MOVE_PARTICLES(part.f90),
ICFL,mesh.f90:411,INTEGER,0,mesh.f90:689,M%ICFL,mesh.f90:136,scalar,other,3,3,CHECK_STABILITY(velo.f90); CHECK_CFLVN_LINKED_CELLS(ccib.f90); POINT_TO_MESH(mesh.f90),
JCFL,mesh.f90:411,INTEGER,0,mesh.f90:690,M%JCFL,mesh.f90:136,scalar,other,3,3,CHECK_STABILITY(velo.f90); CHECK_CFLVN_LINKED_CELLS(ccib.f90); POINT_TO_MESH(mesh.f90),
KCFL,mesh.f90:411,INTEGER,0,mesh.f90:691,M%KCFL,mesh.f90:136,scalar,other,3,3,CHECK_STABILITY(velo.f90); CHECK_CFLVN_LINKED_CELLS(ccib.f90); POINT_TO_MESH(mesh.f90),
IMX,mesh.f90:411,INTEGER,0,mesh.f90:696,M%IMX,mesh.f90:136,scalar,other,3,3,CHECK_DIVERGENCE(divg.f90); CC_CHECK_DIVERGENCE(ccib.f90); POINT_TO_MESH(mesh.f90),
JMX,mesh.f90:411,INTEGER,0,mesh.f90:697,M%JMX,mesh.f90:136,scalar,other,3,3,CHECK_DIVERGENCE(divg.f90); CC_CHECK_DIVERGENCE(ccib.f90); POINT_TO_MESH(mesh.f90),
KMX,mesh.f90:411,INTEGER,0,mesh.f90:698,M%KMX,mesh.f90:136,scalar,other,3,3,CHECK_DIVERGENCE(divg.f90); CC_CHECK_DIVERGENCE(ccib.f90); POINT_TO_MESH(mesh.f90),
IMN,mesh.f90:411,INTEGER,0,mesh.f90:699,M%IMN,mesh.f90:136,scalar,other,3,3,CC_CHECK_DIVERGENCE(ccib.f90); CHECK_DIVERGENCE(divg.f90); POINT_TO_MESH(mesh.f90),
JMN,mesh.f90:411,INTEGER,0,mesh.f90:700,M%JMN,mesh.f90:136,scalar,other,3,3,CC_CHECK_DIVERGENCE(ccib.f90); CHECK_DIVERGENCE(divg.f90); POINT_TO_MESH(mesh.f90),
KMN,mesh.f90:411,INTEGER,0,mesh.f90:701,M%KMN,mesh.f90:136,scalar,other,3,3,CC_CHECK_DIVERGENCE(ccib.f90); CHECK_DIVERGENCE(divg.f90); POINT_TO_MESH(mesh.f90),
I_VN,mesh.f90:411,INTEGER,0,mesh.f90:708,M%I_VN,mesh.f90:136,scalar,other,3,3,CHECK_STABILITY(velo.f90); CHECK_CFLVN_LINKED_CELLS(ccib.f90); POINT_TO_MESH(mesh.f90),
J_VN,mesh.f90:411,INTEGER,0,mesh.f90:709,M%J_VN,mesh.f90:136,scalar,other,3,3,CHECK_STABILITY(velo.f90); CHECK_CFLVN_LINKED_CELLS(ccib.f90); POINT_TO_MESH(mesh.f90),
K_VN,mesh.f90:411,INTEGER,0,mesh.f90:710,M%K_VN,mesh.f90:136,scalar,other,3,3,CHECK_STABILITY(velo.f90); CHECK_CFLVN_LINKED_CELLS(ccib.f90); POINT_TO_MESH(mesh.f90),
IRM,mesh.f90:411,INTEGER,0,mesh.f90:702,M%IRM,mesh.f90:136,scalar,other,3,3,CC_CHECK_DIVERGENCE(ccib.f90); CHECK_DIVERGENCE(divg.f90); POINT_TO_MESH(mesh.f90),
JRM,mesh.f90:411,INTEGER,0,mesh.f90:703,M%JRM,mesh.f90:136,scalar,other,3,3,CC_CHECK_DIVERGENCE(ccib.f90); CHECK_DIVERGENCE(divg.f90); POINT_TO_MESH(mesh.f90),
KRM,mesh.f90:411,INTEGER,0,mesh.f90:704,M%KRM,mesh.f90:136,scalar,other,3,3,CC_CHECK_DIVERGENCE(ccib.f90); CHECK_DIVERGENCE(divg.f90); POINT_TO_MESH(mesh.f90),
DT_RESTRICT_COUNT,mesh.f90:411,INTEGER,0,mesh.f90:694,M%DT_RESTRICT_COUNT,mesh.f90:136,scalar,other,3,3,CHECK_STABILITY(velo.f90); MASS_FINITE_DIFFERENCES(mass.f90); POINT_TO_MESH(mesh.f90),
DT_RESTRICT_STORE,mesh.f90:411,INTEGER,0,mesh.f90:695,M%DT_RESTRICT_STORE,mesh.f90:136,scalar,other,2,2,CHECK_STABILITY(velo.f90); POINT_TO_MESH(mesh.f90),
CLIP_RHOMIN,mesh.f90:412,LOGICAL,0,mesh.f90:692,M%CLIP_RHOMIN,mesh.f90:137,scalar,other,4,4,CHECK_MASS_DENSITY(mass.f90); CC_CHECK_MASS_DENSITY(ccib.f90); CHECK_STABILITY(velo.f90); POINT_TO_MESH(mesh.f90),
CLIP_RHOMAX,mesh.f90:412,LOGICAL,0,mesh.f90:693,M%CLIP_RHOMAX,mesh.f90:137,scalar,other,4,4,CHECK_MASS_DENSITY(mass.f90); CC_CHECK_MASS_DENSITY(ccib.f90); CHECK_STABILITY(velo.f90); POINT_TO_MESH(mesh.f90),
BAROCLINIC_TERMS_ATTACHED,mesh.f90:413,LOGICAL,0,mesh.f90:705,M%BAROCLINIC_TERMS_ATTACHED,mesh.f90:138,scalar,other,3,3,BAROCLINIC_CORRECTION(velo.f90); CC_BAROCLINIC_CORRECTION(ccib.f90); POINT_TO_MESH(mesh.f90),
BNDF_DUMP,mesh.f90:414,LOGICAL,0,mesh.f90:706,M%BNDF_DUMP,mesh.f90:139,scalar,other,3,2,DUMP_RESTART(dump.f90); READ_RESTART(dump.f90); POINT_TO_MESH(mesh.f90),
PARTICLES_EXISTED,mesh.f90:415,LOGICAL,0,mesh.f90:707,M%PARTICLES_EXISTED,mesh.f90:140,scalar,particle,3,3,RADIATION_FVM(radi.f90); PARTICLE_MASS_ENERGY_TRANSFER(part.f90); POINT_TO_MESH(mesh.f90),
EDGE,mesh.f90:416,TYPE:EDGE_TYPE(EDGE_TYPE),1,mesh.f90:711,M%EDGE,mesh.f90:145,deferred(:); allocated as (0:N1),ghost_boundary,13,11,FACE_VALUE(dump.f90); FACE_VALUE(dump.f90); VELOCITY_FLUX(velo.f90); VELOCITY_FLUX_CYLINDRICAL(velo.f90); CC_EDGE_TAU_OMG(ccib.f90); GET_CRTCFCC_INT_STENCILS(ccib.f90),
IBAR,mesh.f90:418,INTEGER,0,mesh.f90:712,M%IBAR,mesh.f90:147,scalar,grid_geometry,149,116,VELOCITY_BC(velo.f90); DIVERGENCE_PART_1(divg.f90); INITIALIZE_LEVEL_SET_FIRESPREAD_2(vege.f90); CC_PROJECT_VELOCITY(ccib.f90); PRESSURE_SOLVER_COMPUTE_RHS(pres.f90); COMPUTE_VISCOSITY(velo.f90),
JBAR,mesh.f90:418,INTEGER,0,mesh.f90:713,M%JBAR,mesh.f90:148,scalar,grid_geometry,148,116,VELOCITY_BC(velo.f90); DIVERGENCE_PART_1(divg.f90); INITIALIZE_LEVEL_SET_FIRESPREAD_2(vege.f90); CC_PROJECT_VELOCITY(ccib.f90); COMPUTE_VISCOSITY(velo.f90); DENSITY(mass.f90),
KBAR,mesh.f90:418,INTEGER,0,mesh.f90:714,M%KBAR,mesh.f90:149,scalar,grid_geometry,145,114,VELOCITY_BC(velo.f90); DIVERGENCE_PART_1(divg.f90); CC_PROJECT_VELOCITY(ccib.f90); PRESSURE_SOLVER_COMPUTE_RHS(pres.f90); COMPUTE_VISCOSITY(velo.f90); DENSITY(mass.f90),
IBM1,mesh.f90:418,INTEGER,0,mesh.f90:715,M%IBM1,mesh.f90:150,scalar,grid_geometry,5,2,INITIAL_NOISE(init.f90); POINT_TO_MESH(mesh.f90); READ_VENT(read.f90); EX2G3D(turb.f90); INITIALIZE_LEVEL_SET_FIRESPREAD_1(vege.f90),
JBM1,mesh.f90:418,INTEGER,0,mesh.f90:716,M%JBM1,mesh.f90:151,scalar,grid_geometry,5,2,INITIAL_NOISE(init.f90); POINT_TO_MESH(mesh.f90); READ_VENT(read.f90); EX2G3D(turb.f90); INITIALIZE_LEVEL_SET_FIRESPREAD_1(vege.f90),
KBM1,mesh.f90:418,INTEGER,0,mesh.f90:717,M%KBM1,mesh.f90:152,scalar,grid_geometry,4,2,INITIAL_NOISE(init.f90); POINT_TO_MESH(mesh.f90); READ_VENT(read.f90); EX2G3D(turb.f90),
IBP1,mesh.f90:418,INTEGER,0,mesh.f90:718,M%IBP1,mesh.f90:153,scalar,grid_geometry,58,39,CALC_VARDEN_LEONARD_TERM(turb.f90); COMPUTE_VISCOSITY(velo.f90); FILL_EDGES(turb.f90); READ_OBST(read.f90); INITIALIZE_LEVEL_SET_FIRESPREAD_1(vege.f90); INIT_TURB_ARRAYS(turb.f90),
JBP1,mesh.f90:418,INTEGER,0,mesh.f90:719,M%JBP1,mesh.f90:154,scalar,grid_geometry,58,39,CALC_VARDEN_LEONARD_TERM(turb.f90); COMPUTE_VISCOSITY(velo.f90); FILL_EDGES(turb.f90); READ_OBST(read.f90); INITIALIZE_LEVEL_SET_FIRESPREAD_1(vege.f90); INIT_TURB_ARRAYS(turb.f90),
KBP1,mesh.f90:418,INTEGER,0,mesh.f90:720,M%KBP1,mesh.f90:155,scalar,grid_geometry,56,38,CALC_VARDEN_LEONARD_TERM(turb.f90); COMPUTE_VISCOSITY(velo.f90); FILL_EDGES(turb.f90); READ_OBST(read.f90); INIT_TURB_ARRAYS(turb.f90); INIT_CUTCELL_DATA(ccib.f90),
N_NEIGHBORING_MESHES,mesh.f90:419,INTEGER,0,mesh.f90:721,M%N_NEIGHBORING_MESHES,mesh.f90:156,scalar,mpi_exchange,4,4,POINT_TO_MESH(mesh.f90); INSERT_ALL_PARTICLES(part.f90); ADD_TO_PARTICLE_SEND_BUFFER(part.f90); INTERPOLATE_IL(radi.f90),
NEIGHBORING_MESH,mesh.f90:420,INTEGER,1,mesh.f90:722,M%NEIGHBORING_MESH,mesh.f90:157,deferred(:); allocated as (M%N_NEIGHBORING_MESHES),mpi_exchange,4,4,ADD_TO_PARTICLE_SEND_BUFFER(part.f90); POINT_TO_MESH(mesh.f90); INSERT_ALL_PARTICLES(part.f90); INTERPOLATE_IL(radi.f90),
RGB,mesh.f90:422,INTEGER,1,mesh.f90:723,M%RGB,mesh.f90:158,deferred(:); allocated as (3),other,1,1,POINT_TO_MESH(mesh.f90),
DXI,mesh.f90:423,REAL(EB),0,mesh.f90:724,M%DXI,mesh.f90:163,scalar,grid_geometry,2,2,PRESSURE_SOLVER_FFT(pres.f90); POINT_TO_MESH(mesh.f90),
DETA,mesh.f90:423,REAL(EB),0,mesh.f90:725,M%DETA,mesh.f90:164,scalar,grid_geometry,2,2,PRESSURE_SOLVER_FFT(pres.f90); POINT_TO_MESH(mesh.f90),
DZETA,mesh.f90:423,REAL(EB),0,mesh.f90:726,M%DZETA,mesh.f90:165,scalar,grid_geometry,2,2,PRESSURE_SOLVER_FFT(pres.f90); POINT_TO_MESH(mesh.f90),
RDXI,mesh.f90:423,REAL(EB),0,mesh.f90:727,M%RDXI,mesh.f90:166,scalar,grid_geometry,7,2,PATCH_VELOCITY_FLUX(velo.f90); READ_OBST(read.f90); INITIALIZE_MESH_DUMPS(dump.f90); READ_HOLE(read.f90); READ_VENT(read.f90); READ_SLCF(read.f90),
RDETA,mesh.f90:423,REAL(EB),0,mesh.f90:728,M%RDETA,mesh.f90:167,scalar,grid_geometry,7,2,PATCH_VELOCITY_FLUX(velo.f90); READ_OBST(read.f90); INITIALIZE_MESH_DUMPS(dump.f90); READ_HOLE(read.f90); READ_VENT(read.f90); READ_SLCF(read.f90),
RDZETA,mesh.f90:423,REAL(EB),0,mesh.f90:729,M%RDZETA,mesh.f90:168,scalar,grid_geometry,7,2,PATCH_VELOCITY_FLUX(velo.f90); READ_OBST(read.f90); INITIALIZE_MESH_DUMPS(dump.f90); READ_HOLE(read.f90); READ_VENT(read.f90); READ_SLCF(read.f90),
DXMIN,mesh.f90:424,REAL(EB),0,mesh.f90:730,M%DXMIN,mesh.f90:169,scalar,grid_geometry,1,1,POINT_TO_MESH(mesh.f90),
DXMAX,mesh.f90:424,REAL(EB),0,mesh.f90:731,M%DXMAX,mesh.f90:170,scalar,grid_geometry,1,1,POINT_TO_MESH(mesh.f90),
DYMIN,mesh.f90:424,REAL(EB),0,mesh.f90:732,M%DYMIN,mesh.f90:171,scalar,grid_geometry,1,1,POINT_TO_MESH(mesh.f90),
DYMAX,mesh.f90:424,REAL(EB),0,mesh.f90:733,M%DYMAX,mesh.f90:172,scalar,grid_geometry,1,1,POINT_TO_MESH(mesh.f90),
DZMIN,mesh.f90:424,REAL(EB),0,mesh.f90:734,M%DZMIN,mesh.f90:173,scalar,grid_geometry,1,1,POINT_TO_MESH(mesh.f90),
DZMAX,mesh.f90:424,REAL(EB),0,mesh.f90:735,M%DZMAX,mesh.f90:174,scalar,grid_geometry,1,1,POINT_TO_MESH(mesh.f90),
XS,mesh.f90:425,REAL(EB),0,mesh.f90:737,M%XS,mesh.f90:175,scalar,grid_geometry,18,10,READ_OBST(read.f90); READ_SLCF(read.f90); READ_VENT(read.f90); PATCH_VELOCITY_FLUX(velo.f90); INSERT_VOLUMETRIC_PARTICLES(part.f90); READ_HOLE(read.f90),
XF,mesh.f90:425,REAL(EB),0,mesh.f90:738,M%XF,mesh.f90:176,scalar,grid_geometry,16,9,READ_OBST(read.f90); READ_SLCF(read.f90); INSERT_VOLUMETRIC_PARTICLES(part.f90); READ_VENT(read.f90); READ_HOLE(read.f90); GET_H_MATRIX_CC(ccib.f90),
YS,mesh.f90:425,REAL(EB),0,mesh.f90:739,M%YS,mesh.f90:177,scalar,grid_geometry,17,9,READ_OBST(read.f90); READ_SLCF(read.f90); READ_VENT(read.f90); PATCH_VELOCITY_FLUX(velo.f90); INSERT_VOLUMETRIC_PARTICLES(part.f90); READ_HOLE(read.f90),
YF,mesh.f90:425,REAL(EB),0,mesh.f90:740,M%YF,mesh.f90:178,scalar,grid_geometry,17,9,READ_OBST(read.f90); READ_SLCF(read.f90); INSERT_VOLUMETRIC_PARTICLES(part.f90); READ_VENT(read.f90); READ_HOLE(read.f90); GET_H_MATRIX_CC(ccib.f90),
ZS,mesh.f90:425,REAL(EB),0,mesh.f90:741,M%ZS,mesh.f90:179,scalar,grid_geometry,18,10,READ_OBST(read.f90); READ_SLCF(read.f90); READ_VENT(read.f90); PATCH_VELOCITY_FLUX(velo.f90); INSERT_VOLUMETRIC_PARTICLES(part.f90); READ_HOLE(read.f90),
ZF,mesh.f90:425,REAL(EB),0,mesh.f90:742,M%ZF,mesh.f90:180,scalar,grid_geometry,17,9,READ_OBST(read.f90); READ_SLCF(read.f90); INSERT_VOLUMETRIC_PARTICLES(part.f90); READ_VENT(read.f90); READ_HOLE(read.f90); GET_H_MATRIX_CC(ccib.f90),
RDXINT,mesh.f90:425,REAL(EB),0,mesh.f90:743,M%RDXINT,mesh.f90:181,scalar,grid_geometry,1,1,POINT_TO_MESH(mesh.f90),
RDYINT,mesh.f90:425,REAL(EB),0,mesh.f90:744,M%RDYINT,mesh.f90:182,scalar,grid_geometry,1,1,POINT_TO_MESH(mesh.f90),
RDZINT,mesh.f90:425,REAL(EB),0,mesh.f90:745,M%RDZINT,mesh.f90:183,scalar,grid_geometry,1,1,POINT_TO_MESH(mesh.f90),
CELL_SIZE,mesh.f90:425,REAL(EB),0,mesh.f90:736,M%CELL_SIZE,mesh.f90:184,scalar,grid_geometry,2,1,INITIAL_NOISE(init.f90); POINT_TO_MESH(mesh.f90),
R,mesh.f90:426,REAL(EB),1,mesh.f90:746,M%R,mesh.f90:185,deferred(:); allocated as (0:M%IBAR),grid_geometry,20,19,PRESSURE_SOLVER_CHECK_RESIDUALS(pres.f90); PRESSURE_SOLVER_CHECK_RESIDUALS_U(pres.f90); DIVERGENCE_PART_2(divg.f90); RADIATION_FVM(radi.f90); VELOCITY_FLUX_CYLINDRICAL(velo.f90); DIVERGENCE_PART_1(divg.f90),
RC,mesh.f90:426,REAL(EB),1,mesh.f90:747,M%RC,mesh.f90:186,deferred(:); allocated as (0:M%IBAR+1),grid_geometry,13,13,UPDATE_DEVICES_1(dump.f90); ULMAT_SOLVE_ZONE(pres.f90); GET_FH_FROM_PRHS_AND_BCS(ccib.f90); ULMAT_BCS_H_MATRIX(pres.f90); GET_BCS_H_MATRIX(pres.f90); GET_H_MATRIX(pres.f90),
X,mesh.f90:426,REAL(EB),1,mesh.f90:748,M%X,mesh.f90:188,deferred(:); allocated as (0:M%IBAR),grid_geometry,37,25,READ_OBST(read.f90); GET_LINKED_CELLS_BBOX(ccib.f90); CHECK_WALL_CELL_PLANE_MATCH(geom.f90); INSERT_VOLUMETRIC_PARTICLES(part.f90); PARTICLE_FACE_INSERT(part.f90); GET_CRTCFCC_INT_STENCILS(ccib.f90),
Y,mesh.f90:426,REAL(EB),1,mesh.f90:749,M%Y,mesh.f90:189,deferred(:); allocated as (0:M%JBAR),grid_geometry,26,18,READ_OBST(read.f90); GET_LINKED_CELLS_BBOX(ccib.f90); CHECK_WALL_CELL_PLANE_MATCH(geom.f90); INSERT_VOLUMETRIC_PARTICLES(part.f90); PARTICLE_FACE_INSERT(part.f90); GET_CRTCFCC_INT_STENCILS(ccib.f90),
Z,mesh.f90:426,REAL(EB),1,mesh.f90:750,M%Z,mesh.f90:190,deferred(:); allocated as (0:M%KBAR),grid_geometry,38,25,READ_OBST(read.f90); GET_LINKED_CELLS_BBOX(ccib.f90); CHECK_WALL_CELL_PLANE_MATCH(geom.f90); INSERT_VOLUMETRIC_PARTICLES(part.f90); PARTICLE_FACE_INSERT(part.f90); INITIALIZE_HVAC(hvac.f90),
XC,mesh.f90:426,REAL(EB),1,mesh.f90:751,M%XC,mesh.f90:191,deferred(:); allocated as (0:M%IBP1),grid_geometry,52,36,PATCH_VELOCITY_FLUX(velo.f90); GET_LHS_CUTCELL(ccib.f90); CC_CHECK_DIVERGENCE(ccib.f90); UPDATE_DEVICES_1(dump.f90); GAS_PHASE_OUTPUT(dump.f90); DUMP_ROTCUBE_MMS(dump.f90),
YC,mesh.f90:426,REAL(EB),1,mesh.f90:752,M%YC,mesh.f90:192,deferred(:); allocated as (0:M%JBP1),grid_geometry,33,24,PATCH_VELOCITY_FLUX(velo.f90); GET_LHS_CUTCELL(ccib.f90); CC_CHECK_DIVERGENCE(ccib.f90); UPDATE_DEVICES_1(dump.f90); INITIALIZE_HVAC(hvac.f90); INSERT_VOLUMETRIC_PARTICLES(part.f90),
ZC,mesh.f90:426,REAL(EB),1,mesh.f90:753,M%ZC,mesh.f90:193,deferred(:); allocated as (0:M%KBP1),grid_geometry,52,37,PATCH_VELOCITY_FLUX(velo.f90); INITIALIZE_HVAC(hvac.f90); GET_LHS_CUTCELL(ccib.f90); CC_CHECK_DIVERGENCE(ccib.f90); UPDATE_DEVICES_1(dump.f90); DUMP_ROTCUBE_MMS(dump.f90),
HX,mesh.f90:426,REAL(EB),1,mesh.f90:754,M%HX,mesh.f90:194,deferred(:); allocated as (0:M%IBP1),grid_geometry,4,4,PRESSURE_SOLVER_FFT(pres.f90); GET_PRES_CFACE_BCS(ccib.f90); PRESSURE_SOLVER_COMPUTE_RHS(pres.f90); POINT_TO_MESH(mesh.f90),
HY,mesh.f90:426,REAL(EB),1,mesh.f90:755,M%HY,mesh.f90:195,deferred(:); allocated as (0:M%JBP1),grid_geometry,4,4,PRESSURE_SOLVER_FFT(pres.f90); GET_PRES_CFACE_BCS(ccib.f90); PRESSURE_SOLVER_COMPUTE_RHS(pres.f90); POINT_TO_MESH(mesh.f90),
HZ,mesh.f90:426,REAL(EB),1,mesh.f90:756,M%HZ,mesh.f90:196,deferred(:); allocated as (0:M%KBP1),grid_geometry,4,4,PRESSURE_SOLVER_FFT(pres.f90); GET_PRES_CFACE_BCS(ccib.f90); PRESSURE_SOLVER_COMPUTE_RHS(pres.f90); POINT_TO_MESH(mesh.f90),
DX,mesh.f90:427,REAL(EB),1,mesh.f90:757,M%DX,mesh.f90:197,deferred(:); allocated as (0:M%IBP1),grid_geometry,88,72,GET_LINKED_VELOCITIES(ccib.f90); CHECK_MASS_DENSITY(mass.f90); CC_CONDUCTION_HEAT_FLUX(ccib.f90); RADIATION_FVM(radi.f90); CHECK_CFLVN_LINKED_CELLS(ccib.f90); CC_DIVERGENCE_PART_1(ccib.f90),
RDX,mesh.f90:427,REAL(EB),1,mesh.f90:763,M%RDX,mesh.f90:200,deferred(:); allocated as (0:M%IBP1),grid_geometry,34,32,GAS_PHASE_OUTPUT(dump.f90); COMPUTE_VISCOSITY(velo.f90); COMPUTE_STRAIN_RATE(velo.f90); VELOCITY_FLUX(velo.f90); DIVERGENCE_PART_2(divg.f90); PRESSURE_SOLVER_COMPUTE_RHS(pres.f90),
DXN,mesh.f90:427,REAL(EB),1,mesh.f90:760,M%DXN,mesh.f90:203,deferred(:); allocated as (0:M%IBAR),grid_geometry,9,8,TENSOR_DIFFUSIVITY_MODEL(turb.f90); ULMAT_SOLVE_ZONE(pres.f90); GLMAT_SOLVER(pres.f90); GET_CRTCFCC_INT_STENCILS(ccib.f90); UPDATE_DEVICES_1(dump.f90); POINT_TO_MESH(mesh.f90),
RDXN,mesh.f90:427,REAL(EB),1,mesh.f90:766,M%RDXN,mesh.f90:206,deferred(:); allocated as (0:M%IBAR),grid_geometry,27,27,GAS_PHASE_OUTPUT(dump.f90); PRESSURE_SOLVER_CHECK_RESIDUALS(pres.f90); PRESSURE_SOLVER_CHECK_RESIDUALS_U(pres.f90); MOVE_IN_GAS(part.f90); COMPUTE_VELOCITY_ERROR(pres.f90); GET_RHSLHS_POISSON_RC(ccib.f90),
DY,mesh.f90:427,REAL(EB),1,mesh.f90:758,M%DY,mesh.f90:198,deferred(:); allocated as (0:M%JBP1),grid_geometry,87,71,GET_LINKED_VELOCITIES(ccib.f90); CC_CONDUCTION_HEAT_FLUX(ccib.f90); CC_DIVERGENCE_PART_1(ccib.f90); ULMAT_SOLVE_ZONE(pres.f90); CHECK_CFLVN_LINKED_CELLS(ccib.f90); GET_CRTCFCC_INT_STENCILS(ccib.f90),
RDY,mesh.f90:427,REAL(EB),1,mesh.f90:764,M%RDY,mesh.f90:201,deferred(:); allocated as (0:M%JBP1),grid_geometry,32,30,GAS_PHASE_OUTPUT(dump.f90); COMPUTE_VISCOSITY(velo.f90); COMPUTE_STRAIN_RATE(velo.f90); VELOCITY_FLUX(velo.f90); DIVERGENCE_PART_2(divg.f90); PRESSURE_SOLVER_CHECK_RESIDUALS(pres.f90),
DYN,mesh.f90:427,REAL(EB),1,mesh.f90:761,M%DYN,mesh.f90:204,deferred(:); allocated as (0:M%JBAR),grid_geometry,9,8,TENSOR_DIFFUSIVITY_MODEL(turb.f90); ULMAT_SOLVE_ZONE(pres.f90); GLMAT_SOLVER(pres.f90); GET_CRTCFCC_INT_STENCILS(ccib.f90); UPDATE_DEVICES_1(dump.f90); POINT_TO_MESH(mesh.f90),
RDYN,mesh.f90:427,REAL(EB),1,mesh.f90:767,M%RDYN,mesh.f90:207,deferred(:); allocated as (0:M%JBAR),grid_geometry,26,26,GAS_PHASE_OUTPUT(dump.f90); PRESSURE_SOLVER_CHECK_RESIDUALS(pres.f90); PRESSURE_SOLVER_CHECK_RESIDUALS_U(pres.f90); MOVE_IN_GAS(part.f90); COMPUTE_VELOCITY_ERROR(pres.f90); GET_RHSLHS_POISSON_RC(ccib.f90),
DZ,mesh.f90:427,REAL(EB),1,mesh.f90:759,M%DZ,mesh.f90:199,deferred(:); allocated as (0:M%KBP1),grid_geometry,86,70,SURFACE_HEAT_TRANSFER(wall.f90); GET_LINKED_VELOCITIES(ccib.f90); RADIATION_FVM(radi.f90); CC_CONDUCTION_HEAT_FLUX(ccib.f90); CHECK_CFLVN_LINKED_CELLS(ccib.f90); CC_DIVERGENCE_PART_1(ccib.f90),
RDZ,mesh.f90:427,REAL(EB),1,mesh.f90:765,M%RDZ,mesh.f90:202,deferred(:); allocated as (0:M%KBP1),grid_geometry,31,30,GAS_PHASE_OUTPUT(dump.f90); COMPUTE_VISCOSITY(velo.f90); COMPUTE_STRAIN_RATE(velo.f90); VELOCITY_FLUX(velo.f90); DIVERGENCE_PART_2(divg.f90); PRESSURE_SOLVER_COMPUTE_RHS(pres.f90),
DZN,mesh.f90:427,REAL(EB),1,mesh.f90:762,M%DZN,mesh.f90:205,deferred(:); allocated as (0:M%KBAR),grid_geometry,9,8,TENSOR_DIFFUSIVITY_MODEL(turb.f90); ULMAT_SOLVE_ZONE(pres.f90); GLMAT_SOLVER(pres.f90); GET_CRTCFCC_INT_STENCILS(ccib.f90); UPDATE_DEVICES_1(dump.f90); POINT_TO_MESH(mesh.f90),
RDZN,mesh.f90:427,REAL(EB),1,mesh.f90:768,M%RDZN,mesh.f90:208,deferred(:); allocated as (0:M%KBAR),grid_geometry,27,27,GAS_PHASE_OUTPUT(dump.f90); PRESSURE_SOLVER_CHECK_RESIDUALS(pres.f90); PRESSURE_SOLVER_CHECK_RESIDUALS_U(pres.f90); MOVE_IN_GAS(part.f90); COMPUTE_VELOCITY_ERROR(pres.f90); GET_RHSLHS_POISSON_RC(ccib.f90),
CELLSI,mesh.f90:428,REAL(EB),1,mesh.f90:769,M%CELLSI,mesh.f90:209,deferred(:); allocated as (-NIPXS:NIPX+NIPXF),grid_geometry,1,1,POINT_TO_MESH(mesh.f90),
CELLSJ,mesh.f90:428,REAL(EB),1,mesh.f90:770,M%CELLSJ,mesh.f90:210,deferred(:); allocated as (-NIPYS:NIPY+NIPYF),grid_geometry,1,1,POINT_TO_MESH(mesh.f90),
CELLSK,mesh.f90:428,REAL(EB),1,mesh.f90:771,M%CELLSK,mesh.f90:211,deferred(:); allocated as (-NIPZS:NIPZ+NIPZF),grid_geometry,1,1,POINT_TO_MESH(mesh.f90),
RRN,mesh.f90:428,REAL(EB),1,mesh.f90:778,M%RRN,mesh.f90:187,deferred(:); allocated as (0:M%IBP1),grid_geometry,14,13,DIVERGENCE_PART_2(divg.f90); PRESSURE_SOLVER_CHECK_RESIDUALS(pres.f90); PRESSURE_SOLVER_CHECK_RESIDUALS_U(pres.f90); DIVERGENCE_PART_1(divg.f90); VELOCITY_FLUX_CYLINDRICAL(velo.f90); CONDENSATION_EVAPORATION(fire.f90),
CELLSI_LO,mesh.f90:429,INTEGER,0,mesh.f90:772,M%CELLSI_LO,mesh.f90:212,scalar,grid_geometry,1,1,POINT_TO_MESH(mesh.f90),
CELLSI_HI,mesh.f90:429,INTEGER,0,mesh.f90:775,M%CELLSI_HI,mesh.f90:212,scalar,grid_geometry,1,1,POINT_TO_MESH(mesh.f90),
CELLSJ_LO,mesh.f90:429,INTEGER,0,mesh.f90:773,M%CELLSJ_LO,mesh.f90:213,scalar,grid_geometry,1,1,POINT_TO_MESH(mesh.f90),
CELLSJ_HI,mesh.f90:429,INTEGER,0,mesh.f90:776,M%CELLSJ_HI,mesh.f90:213,scalar,grid_geometry,1,1,POINT_TO_MESH(mesh.f90),
CELLSK_LO,mesh.f90:429,INTEGER,0,mesh.f90:774,M%CELLSK_LO,mesh.f90:214,scalar,grid_geometry,1,1,POINT_TO_MESH(mesh.f90),
CELLSK_HI,mesh.f90:429,INTEGER,0,mesh.f90:777,M%CELLSK_HI,mesh.f90:214,scalar,grid_geometry,1,1,POINT_TO_MESH(mesh.f90),
XPLT,mesh.f90:430,REAL(FB),1,mesh.f90:779,M%XPLT,mesh.f90:215,deferred(:); allocated as (0:IBAR),grid_geometry,4,4,GET_GEOMINFO(dump.f90); GET_GEOMINFO_DUP(vtkf.f90); DUMP_ISOF(dump.f90); POINT_TO_MESH(mesh.f90),
YPLT,mesh.f90:430,REAL(FB),1,mesh.f90:780,M%YPLT,mesh.f90:216,deferred(:); allocated as (0:JBAR),grid_geometry,4,4,GET_GEOMINFO(dump.f90); GET_GEOMINFO_DUP(vtkf.f90); DUMP_ISOF(dump.f90); POINT_TO_MESH(mesh.f90),
ZPLT,mesh.f90:430,REAL(FB),1,mesh.f90:781,M%ZPLT,mesh.f90:217,deferred(:); allocated as (0:KBAR),grid_geometry,4,4,DUMP_ISOF(dump.f90); GET_GEOMINFO(dump.f90); GET_GEOMINFO_DUP(vtkf.f90); POINT_TO_MESH(mesh.f90),
N_OBST,mesh.f90:431,INTEGER,0,mesh.f90:782,M%N_OBST,mesh.f90:219,scalar,wall_obst_cutcell,10,5,READ_OBST(read.f90); READ_HOLE(read.f90); PROC_OBST(read.f90); DUMP_RESTART(dump.f90); READ_RESTART(dump.f90); OPEN_AND_CLOSE(init.f90),
OBSTRUCTION,mesh.f90:432,TYPE:OBSTRUCTION_TYPE(OBSTRUCTION_TYPE),1,mesh.f90:783,M%OBSTRUCTION,mesh.f90:220,deferred(:); allocated as (0:N_OBST_DIM) | (0:N_OBST+NDO),wall_obst_cutcell,17,11,READ_HOLE(read.f90); READ_OBST(read.f90); READ_VENT(read.f90); GET_BOUNDARY_TYPE(init.f90); OPEN_AND_CLOSE(init.f90); CALCULATE_ZZ_F(wall.f90),
N_VENT,mesh.f90:433,INTEGER,0,mesh.f90:784,M%N_VENT,mesh.f90:222,scalar,wall_obst_cutcell,4,3,READ_VENT(read.f90); SYNTHETIC_TURBULENCE(turb.f90); OPEN_AND_CLOSE(init.f90); POINT_TO_MESH(mesh.f90),
VENTS,mesh.f90:434,TYPE:VENTS_TYPE(VENTS_TYPE),1,mesh.f90:785,M%VENTS,mesh.f90:223,deferred(:); allocated as (N_VENT),wall_obst_cutcell,12,10,READ_VENT(read.f90); SYNTHETIC_TURBULENCE(turb.f90); INITIALIZE_HVAC(hvac.f90); VELOCITY_BC(velo.f90); GET_PRES_CFACE_BCS(ccib.f90); PREDICT_NORMAL_VELOCITY(divg.f90),
CELL_INDEX,mesh.f90:435,INTEGER,3,mesh.f90:786,M%CELL_INDEX,mesh.f90:225,"deferred(:,:,:); allocated as (0:M4%IBP1,0:M4%JBP1,0:M4%KBP1) | (0:IBP1,0:JBP1,0:KBP1)",wall_obst_cutcell,106,90,GET_EXT_INB_CUTFACES_TO_CFACE(geom.f90); GET_REGULAR_CUT_EDGES_BC(geom.f90); GET_SOLID_CUTCELL_EDGES_BC(geom.f90); GET_GASPHASE_REGRCFACES_DATA(ccib.f90); REASSIGN_WALL_CELLS(init.f90); CC_CHECK_MASS_DENSITY(ccib.f90),
CELL,mesh.f90:436,TYPE:CELL_TYPE(CELL_TYPE),1,mesh.f90:787,M%CELL,mesh.f90:226,deferred(:); allocated as (0:N1),wall_obst_cutcell,110,96,GET_EXT_INB_CUTFACES_TO_CFACE(geom.f90); GET_GASPHASE_REGRCFACES_DATA(ccib.f90); VELOCITY_BC(velo.f90); CC_CHECK_MASS_DENSITY(ccib.f90); READ_VENT(read.f90); CC_EDGE_TAU_OMG(ccib.f90),
CELL_ILW,mesh.f90:437,REAL(EB),2,mesh.f90:788,M%CELL_ILW,mesh.f90:227,"deferred(:,:); allocated as (1:N1,1:3) | (1:N2,1:3)",radiation,2,2,RADIATION_FVM(radi.f90); POINT_TO_MESH(mesh.f90),
CELL_INTEGERS,mesh.f90:438,INTEGER,1,mesh.f90:789,M%CELL_INTEGERS,mesh.f90:228,deferred(:); allocated as (1:IC),wall_obst_cutcell,1,1,POINT_TO_MESH(mesh.f90),
CELL_LOGICALS,mesh.f90:439,LOGICAL,1,mesh.f90:790,M%CELL_LOGICALS,mesh.f90:229,deferred(:); allocated as (1:LC),wall_obst_cutcell,1,1,POINT_TO_MESH(mesh.f90),
REGFACE_IAXIS_H,mesh.f90:440,TYPE:CC_REGFACE_TYPE(CC_REGFACE_TYPE),1,mesh.f90:791,M%REGFACE_IAXIS_H,mesh.f90:234,deferred(:); allocated as (IREG),wall_obst_cutcell,5,5,GET_MATRIXGRAPH_H_WHLDOM(pres.f90); POINT_TO_MESH(mesh.f90); ULMAT_GET_H_REGFACES(pres.f90); GET_H_MATRIX(pres.f90); GET_H_REGFACES(pres.f90),
REGFACE_JAXIS_H,mesh.f90:440,TYPE:CC_REGFACE_TYPE(CC_REGFACE_TYPE),1,mesh.f90:792,M%REGFACE_JAXIS_H,mesh.f90:235,deferred(:); allocated as (IREG),wall_obst_cutcell,5,5,GET_MATRIXGRAPH_H_WHLDOM(pres.f90); POINT_TO_MESH(mesh.f90); ULMAT_GET_H_REGFACES(pres.f90); GET_H_MATRIX(pres.f90); GET_H_REGFACES(pres.f90),
REGFACE_KAXIS_H,mesh.f90:440,TYPE:CC_REGFACE_TYPE(CC_REGFACE_TYPE),1,mesh.f90:793,M%REGFACE_KAXIS_H,mesh.f90:236,deferred(:); allocated as (IREG),wall_obst_cutcell,5,5,GET_MATRIXGRAPH_H_WHLDOM(pres.f90); POINT_TO_MESH(mesh.f90); ULMAT_GET_H_REGFACES(pres.f90); GET_H_MATRIX(pres.f90); GET_H_REGFACES(pres.f90),
FCVAR,mesh.f90:441,INTEGER,5,mesh.f90:795,M%FCVAR,mesh.f90:244,"deferred(:,:,:,:,:); allocated as (ISTR:IEND,JSTR:JEND,KSTR:KEND,CC_NFVARS,MAX_DIM)",wall_obst_cutcell,50,39,GET_LINKED_VELOCITIES(ccib.f90); GET_LINKED_FV(ccib.f90); GET_CRTCFCC_INT_STENCILS(ccib.f90); FILL_UNKZ_GUARDCELLS(ccib.f90); COMPUTE_LINKED_CUTFACE_BAROCLINIC(ccib.f90); CC_PROJECT_VELOCITY(ccib.f90),
ECVAR,mesh.f90:441,INTEGER,5,mesh.f90:794,M%ECVAR,mesh.f90:244,"deferred(:,:,:,:,:); allocated as (ISTR:IEND,JSTR:JEND,KSTR:KEND,CC_NEVARS,MAX_DIM)",wall_obst_cutcell,2,2,CC_EDGE_TAU_OMG(ccib.f90); POINT_TO_MESH(mesh.f90),
CCVAR,mesh.f90:442,INTEGER,4,mesh.f90:796,M%CCVAR,mesh.f90:243,"deferred(:,:,:,:); allocated as (ISTR:IEND,JSTR:JEND,KSTR:KEND,CC_UNKZ:CC_UNKZ) | (ISTR:IEND,JSTR:JEND,KSTR:KEND,CC_NCVARS) | (ISTR:IEND,JSTR:JEND,KSTR:KEND,NCVARS)",wall_obst_cutcell,91,80,GET_GASPHASE_REGRCFACES_DATA(ccib.f90); GET_CRTCFCC_INT_STENCILS(ccib.f90); CC_VELOCITY_FLUX(ccib.f90); GET_EXPLICIT_ADVDIFFVECTOR_SCALAR_3D(ccib.f90); GET_LINKED_MATRIX_INDEXES_Z(ccib.f90); CC_DIVERGENCE_PART_1(ccib.f90),
CUT_EDGE,mesh.f90:443,TYPE:CC_CUTEDGE_TYPE(CC_CUTEDGE_TYPE),1,mesh.f90:797,M%CUT_EDGE,mesh.f90:246,deferred(:); allocated as (GLOBAL_DELTA_EDGE),wall_obst_cutcell,4,3,CC_EDGE_TAU_OMG(ccib.f90); GET_CRTCFCC_INT_STENCILS(ccib.f90); CC_VELOCITY_BC(ccib.f90); POINT_TO_MESH(mesh.f90),
CUT_FACE,mesh.f90:444,TYPE:CC_CUTFACE_TYPE(CC_CUTFACE_TYPE),1,mesh.f90:798,M%CUT_FACE,mesh.f90:247,deferred(:); allocated as (GLOBAL_DELTA_FACE),wall_obst_cutcell,88,71,GET_CRTCFCC_INT_STENCILS(ccib.f90); CC_CONDUCTION_HEAT_FLUX(ccib.f90); CC_DIFFUSIVE_MASS_FLUXES(ccib.f90); CC_MATCH_VELOCITY(ccib.f90); CCENTHALPY_ADVECTION(ccib.f90); GET_GEOMINFO(dump.f90),
CUT_CELL,mesh.f90:445,TYPE:CC_CUTCELL_TYPE(CC_CUTCELL_TYPE),1,mesh.f90:799,M%CUT_CELL,mesh.f90:248,deferred(:); allocated as (GLOBAL_DELTA_CELL),wall_obst_cutcell,100,86,CC_DIVERGENCE_PART_1(ccib.f90); ULMAT_SOLVE_ZONE(pres.f90); GET_LHS_CUTCELL(ccib.f90); CCENTHALPY_ADVECTION(ccib.f90); CCSPECIES_ADVECTION(ccib.f90); CC_CHECK_MASS_DENSITY(ccib.f90),
GCELL,mesh.f90:446,TYPE:CC_GCELL_TYPE(CC_GCELL_TYPE),0,mesh.f90:800,M%GCELL,mesh.f90:250,scalar,wall_obst_cutcell,1,1,POINT_TO_MESH(mesh.f90),
CC_REGFACE_IAXIS_Z,mesh.f90:447,TYPE:CC_REGFACEZ_TYPE(CC_REGFACEZ_TYPE),1,mesh.f90:801,M%CC_REGFACE_IAXIS_Z,mesh.f90:253,deferred(:); allocated as (IREG),wall_obst_cutcell,13,13,CC_DIFFUSIVE_HEAT_FLUXES(ccib.f90); FIX_CC_DIFF_MASS_FLUXES(ccib.f90); CC_CONDUCTION_HEAT_FLUX(ccib.f90); CCENTHALPY_ADVECTION(ccib.f90); CC_DIFFUSIVE_MASS_FLUXES(ccib.f90); SET_EXIMADVFLX_3D(ccib.f90),
CC_REGFACE_JAXIS_Z,mesh.f90:447,TYPE:CC_REGFACEZ_TYPE(CC_REGFACEZ_TYPE),1,mesh.f90:802,M%CC_REGFACE_JAXIS_Z,mesh.f90:253,deferred(:); allocated as (IREG),wall_obst_cutcell,13,13,CC_DIFFUSIVE_HEAT_FLUXES(ccib.f90); FIX_CC_DIFF_MASS_FLUXES(ccib.f90); CC_CONDUCTION_HEAT_FLUX(ccib.f90); CCENTHALPY_ADVECTION(ccib.f90); CC_DIFFUSIVE_MASS_FLUXES(ccib.f90); SET_EXIMADVFLX_3D(ccib.f90),
CC_REGFACE_KAXIS_Z,mesh.f90:447,TYPE:CC_REGFACEZ_TYPE(CC_REGFACEZ_TYPE),1,mesh.f90:803,M%CC_REGFACE_KAXIS_Z,mesh.f90:253,deferred(:); allocated as (IREG),wall_obst_cutcell,13,13,CC_DIFFUSIVE_HEAT_FLUXES(ccib.f90); FIX_CC_DIFF_MASS_FLUXES(ccib.f90); CC_CONDUCTION_HEAT_FLUX(ccib.f90); CCENTHALPY_ADVECTION(ccib.f90); CC_DIFFUSIVE_MASS_FLUXES(ccib.f90); SET_EXIMADVFLX_3D(ccib.f90),
RC_FACE,mesh.f90:448,TYPE:CC_RCFACE_TYPE(CC_RCFACE_TYPE),1,mesh.f90:804,M%RC_FACE,mesh.f90:256,deferred(:); allocated as (IRC),wall_obst_cutcell,32,31,GET_LINKED_VELOCITIES(ccib.f90); GET_RHSLHS_POISSON_RC(ccib.f90); CCENTHALPY_ADVECTION(ccib.f90); CC_CONDUCTION_HEAT_FLUX(ccib.f90); CC_DIFFUSIVE_MASS_FLUXES(ccib.f90); CC_DIFFUSIVE_HEAT_FLUXES(ccib.f90),
CC_RCEDGE,mesh.f90:449,TYPE:CC_EDGE_TYPE(CC_EDGE_TYPE),1,mesh.f90:805,M%CC_RCEDGE,mesh.f90:264,deferred(:); allocated as (1:CC_ECOUNT_RC),wall_obst_cutcell,6,3,GET_CRTCFCC_INT_STENCILS(ccib.f90); CC_EDGE_TAU_OMG(ccib.f90); COMPUTE_DCOEF(ccib.f90); RESTRICT_EP(ccib.f90); CC_VELOCITY_BC(ccib.f90); POINT_TO_MESH(mesh.f90),
CC_IBEDGE,mesh.f90:449,TYPE:CC_EDGE_TYPE(CC_EDGE_TYPE),1,mesh.f90:806,M%CC_IBEDGE,mesh.f90:264,deferred(:); allocated as (1:CC_ECOUNT),wall_obst_cutcell,5,2,GET_CRTCFCC_INT_STENCILS(ccib.f90); COMPUTE_DCOEF(ccib.f90); RESTRICT_EP(ccib.f90); CC_VELOCITY_BC(ccib.f90); POINT_TO_MESH(mesh.f90),
CFACE,mesh.f90:450,TYPE:CFACE_TYPE(CFACE_TYPE),1,mesh.f90:807,M%CFACE,mesh.f90:260,deferred(:); allocated as (0:MESHES(NOM)%N_CFACE_CELLS_DIM) | (N_CFACE_CELLS_DIM) | (0:M%N_CFACE_CELLS_DIM+N_NEW_STORAGE_SLOTS) | (0:MESHES(NM)%N_CFACE_CELLS_DIM),wall_obst_cutcell,46,41,MOVE_PARTICLES(part.f90); RADIATION_FVM(radi.f90); PARTICLE_MASS_ENERGY_TRANSFER(part.f90); DUMP_CFACES_GEOM(dump.f90); GET_EXT_INB_CUTFACES_TO_CFACE(geom.f90); CFACE_PREDICT_NORMAL_VELOCITY(ccib.f90),
GEOM_ZMAX,mesh.f90:451,REAL(EB),2,mesh.f90:808,M%GEOM_ZMAX,mesh.f90:267,"deferred(:,:); allocated as (0:IBAR,0:JBAR)",wall_obst_cutcell,1,1,POINT_TO_MESH(mesh.f90),
EWC_UN_LNK,mesh.f90:452,REAL(EB),1,mesh.f90:809,M%EWC_UN_LNK,mesh.f90:276,deferred(:); allocated as (0:M%N_EXTERNAL_WALL_CELLS),wall_obst_cutcell,3,3,CC_MATCH_VELOCITY(ccib.f90); GET_LINKED_VELOCITIES(ccib.f90); POINT_TO_MESH(mesh.f90),
UN_LNK,mesh.f90:452,REAL(EB),1,mesh.f90:810,M%UN_LNK,mesh.f90:276,deferred(:); allocated as (0:M%NUNK_F),wall_obst_cutcell,2,2,GET_LINKED_VELOCITIES(ccib.f90); POINT_TO_MESH(mesh.f90),
UN_ULNK,mesh.f90:452,REAL(EB),1,mesh.f90:811,M%UN_ULNK,mesh.f90:276,deferred(:); allocated as (COUNT),wall_obst_cutcell,2,2,CC_RESTORE_UVW_UNLINKED(ccib.f90); POINT_TO_MESH(mesh.f90),
CONNECTED_MESH,mesh.f90:454,LOGICAL,1,mesh.f90:812,M%CONNECTED_MESH,mesh.f90:231,deferred(:); allocated as (NMESHES),mpi_exchange,1,1,POINT_TO_MESH(mesh.f90),
N_WALL_CELLS,mesh.f90:455,INTEGER,0,mesh.f90:818,M%N_WALL_CELLS,mesh.f90:291,scalar,wall_obst_cutcell,3,2,DUMP_RESTART(dump.f90); READ_RESTART(dump.f90); POINT_TO_MESH(mesh.f90),
N_WALL_CELLS_DIM,mesh.f90:455,INTEGER,0,mesh.f90:819,M%N_WALL_CELLS_DIM,mesh.f90:291,scalar,wall_obst_cutcell,3,2,READ_RESTART(dump.f90); DUMP_RESTART(dump.f90); POINT_TO_MESH(mesh.f90),
N_INTERNAL_WALL_CELLS,mesh.f90:455,INTEGER,0,mesh.f90:823,M%N_INTERNAL_WALL_CELLS,mesh.f90:291,scalar,wall_obst_cutcell,44,38,RADIATION_FVM(radi.f90); PARTICLE_MASS_ENERGY_TRANSFER(part.f90); DIVERGENCE_PART_1(divg.f90); GET_EXPLICIT_ADVDIFFVECTOR_SCALAR_3D(ccib.f90); SPECIES_ADVECTION_PART_1_NEW(divg.f90); UPDATE_HRR(dump.f90),
N_EXTERNAL_WALL_CELLS,mesh.f90:455,INTEGER,0,mesh.f90:824,M%N_EXTERNAL_WALL_CELLS,mesh.f90:291,scalar,ghost_boundary,85,74,RADIATION_FVM(radi.f90); DIVERGENCE_PART_1(divg.f90); PARTICLE_MASS_ENERGY_TRANSFER(part.f90); NO_FLUX(velo.f90); GET_BOUNDARY_TYPE(init.f90); ULMAT_SOLVE_ZONE(pres.f90),
N_THIN_WALL_CELLS,mesh.f90:456,INTEGER,0,mesh.f90:820,M%N_THIN_WALL_CELLS,mesh.f90:292,scalar,wall_obst_cutcell,4,3,WALL_BC(wall.f90); DUMP_RESTART(dump.f90); READ_RESTART(dump.f90); POINT_TO_MESH(mesh.f90),
N_THIN_WALL_CELLS_DIM,mesh.f90:456,INTEGER,0,mesh.f90:821,M%N_THIN_WALL_CELLS_DIM,mesh.f90:292,scalar,wall_obst_cutcell,3,2,READ_RESTART(dump.f90); DUMP_RESTART(dump.f90); POINT_TO_MESH(mesh.f90),
HT_3D_SWEEP_DIRECTION,mesh.f90:457,INTEGER,0,mesh.f90:822,M%HT_3D_SWEEP_DIRECTION,mesh.f90:293,scalar,wall_obst_cutcell,3,3,SOLID_HEAT_TRANSFER(wall.f90); WALL_BC(wall.f90); POINT_TO_MESH(mesh.f90),
N_EXTERNAL_CFACE_CELLS,mesh.f90:458,INTEGER,0,mesh.f90:813,M%N_EXTERNAL_CFACE_CELLS,mesh.f90:294,scalar,wall_obst_cutcell,9,8,CFACE_PREDICT_NORMAL_VELOCITY(ccib.f90); GET_PRES_CFACE_BCS(ccib.f90); CC_NO_FLUX(ccib.f90); CHECK_CFLVN_LINKED_CELLS(ccib.f90); GET_FH_FROM_PRHS_AND_BCS(ccib.f90); INIT_CUTCELL_DATA(ccib.f90),
N_INTWALL_CFACE_CELLS,mesh.f90:458,INTEGER,0,mesh.f90:814,M%N_INTWALL_CFACE_CELLS,mesh.f90:294,scalar,wall_obst_cutcell,7,6,CFACE_PREDICT_NORMAL_VELOCITY(ccib.f90); CC_NO_FLUX(ccib.f90); CHECK_CFLVN_LINKED_CELLS(ccib.f90); GET_PRES_CFACE_BCS(ccib.f90); INIT_CUTCELL_DATA(ccib.f90); CC_DIFFUSIVE_MASS_FLUXES(ccib.f90),
INTERNAL_CFACE_CELLS_LB,mesh.f90:458,INTEGER,0,mesh.f90:815,M%INTERNAL_CFACE_CELLS_LB,mesh.f90:294,scalar,wall_obst_cutcell,25,22,RADIATION_FVM(radi.f90); PARTICLE_MASS_ENERGY_TRANSFER(part.f90); GET_EXT_INB_CUTFACES_TO_CFACE(geom.f90); CC_CONDUCTION_HEAT_FLUX(ccib.f90); CC_DIFFUSIVE_MASS_FLUXES(ccib.f90); DUMP_CFACES_GEOM(dump.f90),
N_INTERNAL_CFACE_CELLS,mesh.f90:459,INTEGER,0,mesh.f90:816,M%N_INTERNAL_CFACE_CELLS,mesh.f90:295,scalar,wall_obst_cutcell,27,24,RADIATION_FVM(radi.f90); PARTICLE_MASS_ENERGY_TRANSFER(part.f90); DUMP_CFACES_GEOM(dump.f90); CFACE_PREDICT_NORMAL_VELOCITY(ccib.f90); CC_DIFFUSIVE_MASS_FLUXES(ccib.f90); GET_EXT_INB_CUTFACES_TO_CFACE(geom.f90),
N_CFACE_CELLS_DIM,mesh.f90:459,INTEGER,0,mesh.f90:817,M%N_CFACE_CELLS_DIM,mesh.f90:295,scalar,wall_obst_cutcell,3,2,READ_RESTART(dump.f90); DUMP_RESTART(dump.f90); POINT_TO_MESH(mesh.f90),
BC_CLOCK,mesh.f90:460,REAL(EB),0,mesh.f90:825,M%BC_CLOCK,mesh.f90:296,scalar,wall_obst_cutcell,4,3,WALL_BC(wall.f90); DUMP_RESTART(dump.f90); READ_RESTART(dump.f90); POINT_TO_MESH(mesh.f90),
UVW_SAVE,mesh.f90:461,REAL(EB),1,mesh.f90:826,M%UVW_SAVE,mesh.f90:297,deferred(:); allocated as (M%N_EXTERNAL_WALL_CELLS),ghost_boundary,12,11,DENSITY(mass.f90); CC_MATCH_VELOCITY(ccib.f90); MATCH_VELOCITY(velo.f90); CCSPECIES_ADVECTION(ccib.f90); CCENTHALPY_ADVECTION(ccib.f90); GET_EXPLICIT_ADVDIFFVECTOR_SCALAR_3D(ccib.f90),
U_GHOST,mesh.f90:461,REAL(EB),1,mesh.f90:827,M%U_GHOST,mesh.f90:297,deferred(:); allocated as (M%N_EXTERNAL_WALL_CELLS),ghost_boundary,7,6,MATCH_VELOCITY(velo.f90); CC_MATCH_VELOCITY(ccib.f90); DUMP_RESTART(dump.f90); READ_RESTART(dump.f90); POINT_TO_MESH(mesh.f90); COMPUTE_VISCOSITY(velo.f90),
V_GHOST,mesh.f90:461,REAL(EB),1,mesh.f90:828,M%V_GHOST,mesh.f90:297,deferred(:); allocated as (M%N_EXTERNAL_WALL_CELLS),ghost_boundary,7,6,MATCH_VELOCITY(velo.f90); CC_MATCH_VELOCITY(ccib.f90); DUMP_RESTART(dump.f90); READ_RESTART(dump.f90); POINT_TO_MESH(mesh.f90); COMPUTE_VISCOSITY(velo.f90),
W_GHOST,mesh.f90:461,REAL(EB),1,mesh.f90:829,M%W_GHOST,mesh.f90:297,deferred(:); allocated as (M%N_EXTERNAL_WALL_CELLS),ghost_boundary,7,6,MATCH_VELOCITY(velo.f90); CC_MATCH_VELOCITY(ccib.f90); DUMP_RESTART(dump.f90); READ_RESTART(dump.f90); POINT_TO_MESH(mesh.f90); COMPUTE_VISCOSITY(velo.f90),
WALL,mesh.f90:462,TYPE:WALL_TYPE(WALL_TYPE),1,mesh.f90:830,M%WALL,mesh.f90:298,deferred(:); allocated as (0:N_WALL_CELLS_DIM) | (0:M%N_WALL_CELLS_DIM+N_NEW_STORAGE_SLOTS) | (0:M%N_WALL_CELLS_DIM) | (0:MESHES(NOM)%N_WALL_CELLS_DIM),wall_obst_cutcell,117,103,CC_CONDUCTION_HEAT_FLUX(ccib.f90); GET_FACE_TLW(part.f90); CCENTHALPY_ADVECTION(ccib.f90); CC_DIFFUSIVE_MASS_FLUXES(ccib.f90); FIX_CC_DIFF_MASS_FLUXES(ccib.f90); CC_DIFFUSIVE_HEAT_FLUXES(ccib.f90),
THIN_WALL,mesh.f90:463,TYPE:THIN_WALL_TYPE(THIN_WALL_TYPE),1,mesh.f90:831,M%THIN_WALL,mesh.f90:299,deferred(:); allocated as (1:N_THIN_WALL_CELLS_DIM) | (1:M%N_THIN_WALL_CELLS_DIM+N_NEW_STORAGE_SLOTS) | (0:M%N_THIN_WALL_CELLS_DIM) | (0:MESHES(NOM)%N_THIN_WALL_CELLS_DIM),wall_obst_cutcell,4,4,DUMP_RESTART(dump.f90); POINT_TO_MESH(mesh.f90); WALL_BC(wall.f90); SOLID_HEAT_TRANSFER(wall.f90),
EXTERNAL_WALL,mesh.f90:464,TYPE:EXTERNAL_WALL_TYPE(EXTERNAL_WALL_TYPE),1,mesh.f90:832,M%EXTERNAL_WALL,mesh.f90:300,deferred(:); allocated as (M%N_EXTERNAL_WALL_CELLS),ghost_boundary,48,42,RADIATION_FVM(radi.f90); GET_LINKED_VELOCITIES(ccib.f90); FILL_UNKZ_GUARDCELLS(ccib.f90); PREDICT_NORMAL_VELOCITY(divg.f90); ULMAT_SOLVE_ZONE(pres.f90); CC_BAROCLINIC_CORRECTION(ccib.f90),
OMESH,mesh.f90:465,TYPE:OMESH_TYPE(OMESH_TYPE),1,mesh.f90:833,M%OMESH,mesh.f90:301,deferred(:); allocated as (NMESHES),mpi_exchange,37,34,COPY_HS_IN_CCVAR(pres.f90); ASSIGN_TO_FC_R(ccib.f90); GET_CRTCFCC_INT_STENCILS(ccib.f90); ASSIGN_TO_CC_R(ccib.f90); GET_PRES_CFACE_BCS(ccib.f90); GLMAT_SOLVER_SETUP(pres.f90),
LAGRANGIAN_PARTICLE,mesh.f90:466,TYPE:LAGRANGIAN_PARTICLE_TYPE(LAGRANGIAN_PARTICLE_TYPE),1,mesh.f90:834,M%LAGRANGIAN_PARTICLE,mesh.f90:302,deferred(:); allocated as (NLPDIM) | (M%NLPDIM+N_NEW_STORAGE_SLOTS) | (M%NLPDIM),particle,28,27,ADD_TO_PARTICLE_SEND_BUFFER(part.f90); INSERT_VOLUMETRIC_PARTICLES(part.f90); PARTICLE_FACE_INSERT(part.f90); REMOVE_OLDEST_PARTICLE(part.f90); UPDATE_DEVICES_1(dump.f90); INSERT_SPRAY_PARTICLES(part.f90),
BOUNDARY_ONE_D,mesh.f90:467,TYPE:BOUNDARY_ONE_D_TYPE(BOUNDARY_ONE_D_TYPE),1,mesh.f90:835,M%BOUNDARY_ONE_D,mesh.f90:303,deferred(:); allocated as (N_BOUNDARY_ONE_D_DIM),wall_obst_cutcell,9,8,SOLID_HEAT_TRANSFER(wall.f90); SOLID_PHASE_OUTPUT(dump.f90); PARTICLE_MASS_ENERGY_TRANSFER(part.f90); DEPOSIT_PARTICLE_MASS(wall.f90); TGA_ANALYSIS(wall.f90); GAS_PHASE_OUTPUT(dump.f90),
BOUNDARY_THR_D,mesh.f90:468,TYPE:BOUNDARY_THR_D_TYPE(BOUNDARY_THR_D_TYPE),1,mesh.f90:836,M%BOUNDARY_THR_D,mesh.f90:304,deferred(:); no ALLOCATE found,wall_obst_cutcell,1,1,POINT_TO_MESH(mesh.f90),
BOUNDARY_COORD,mesh.f90:469,TYPE:BOUNDARY_COORD_TYPE(BOUNDARY_COORD_TYPE),1,mesh.f90:837,M%BOUNDARY_COORD,mesh.f90:305,deferred(:); allocated as (N_BOUNDARY_COORD_DIM) | (M%N_BOUNDARY_COORD_DIM),wall_obst_cutcell,106,93,RADIATION_FVM(radi.f90); MOVE_PARTICLES(part.f90); GET_FACE_TLW(part.f90); CC_DIFFUSIVE_HEAT_FLUXES(ccib.f90); PARTICLE_OUTPUT(dump.f90); DIVERGENCE_PART_1(divg.f90),
BOUNDARY_PROP1,mesh.f90:470,TYPE:BOUNDARY_PROP1_TYPE(BOUNDARY_PROP1_TYPE),1,mesh.f90:838,M%BOUNDARY_PROP1,mesh.f90:306,deferred(:); allocated as (N_BOUNDARY_PROP1_DIM) | (M%N_BOUNDARY_PROP1_DIM),wall_obst_cutcell,61,56,PARTICLE_OUTPUT(dump.f90); RADIATION_FVM(radi.f90); PARTICLE_MASS_ENERGY_TRANSFER(part.f90); CCSPECIES_ADVECTION(ccib.f90); CCENTHALPY_ADVECTION(ccib.f90); CC_CONDUCTION_HEAT_FLUX(ccib.f90),
BOUNDARY_PROP2,mesh.f90:471,TYPE:BOUNDARY_PROP2_TYPE(BOUNDARY_PROP2_TYPE),1,mesh.f90:839,M%BOUNDARY_PROP2,mesh.f90:307,deferred(:); allocated as (N_BOUNDARY_PROP2_DIM) | (M%N_BOUNDARY_PROP2_DIM),wall_obst_cutcell,11,11,PARTICLE_MASS_ENERGY_TRANSFER(part.f90); PARTICLE_RUNNING_AVERAGES(part.f90); SOLID_PHASE_OUTPUT(dump.f90); LEVEL_SET_FIRESPREAD(vege.f90); SOLID_HEAT_TRANSFER(wall.f90); VENT_PARTICLE_EXTRACTION(part.f90),
BOUNDARY_RADIA,mesh.f90:472,TYPE:BOUNDARY_RADIA_TYPE(BOUNDARY_RADIA_TYPE),1,mesh.f90:840,M%BOUNDARY_RADIA,mesh.f90:308,deferred(:); allocated as (N_BOUNDARY_RADIA_DIM) | (M%N_BOUNDARY_RADIA_DIM),wall_obst_cutcell,4,4,RADIATION_FVM(radi.f90); SOLID_PHASE_OUTPUT(dump.f90); INTERPOLATE_IL(radi.f90); POINT_TO_MESH(mesh.f90),
N_BOUNDARY_COORD_DIM,mesh.f90:473,INTEGER,0,mesh.f90:841,M%N_BOUNDARY_COORD_DIM,mesh.f90:309,scalar,wall_obst_cutcell,3,2,READ_RESTART(dump.f90); DUMP_RESTART(dump.f90); POINT_TO_MESH(mesh.f90),
N_BOUNDARY_ONE_D_DIM,mesh.f90:473,INTEGER,0,mesh.f90:842,M%N_BOUNDARY_ONE_D_DIM,mesh.f90:309,scalar,wall_obst_cutcell,3,2,READ_RESTART(dump.f90); DUMP_RESTART(dump.f90); POINT_TO_MESH(mesh.f90),
N_BOUNDARY_THR_D_DIM,mesh.f90:473,INTEGER,0,mesh.f90:843,M%N_BOUNDARY_THR_D_DIM,mesh.f90:309,scalar,wall_obst_cutcell,1,1,POINT_TO_MESH(mesh.f90),
N_BOUNDARY_PROP1_DIM,mesh.f90:473,INTEGER,0,mesh.f90:844,M%N_BOUNDARY_PROP1_DIM,mesh.f90:309,scalar,wall_obst_cutcell,3,2,READ_RESTART(dump.f90); DUMP_RESTART(dump.f90); POINT_TO_MESH(mesh.f90),
N_BOUNDARY_PROP2_DIM,mesh.f90:473,INTEGER,0,mesh.f90:845,M%N_BOUNDARY_PROP2_DIM,mesh.f90:309,scalar,wall_obst_cutcell,3,2,READ_RESTART(dump.f90); DUMP_RESTART(dump.f90); POINT_TO_MESH(mesh.f90),
N_BOUNDARY_RADIA_DIM,mesh.f90:474,INTEGER,0,mesh.f90:846,M%N_BOUNDARY_RADIA_DIM,mesh.f90:310,scalar,wall_obst_cutcell,3,2,READ_RESTART(dump.f90); DUMP_RESTART(dump.f90); POINT_TO_MESH(mesh.f90),
NEXT_AVAILABLE_BOUNDARY_COORD_SLOT,mesh.f90:475,INTEGER,0,mesh.f90:847,M%NEXT_AVAILABLE_BOUNDARY_COORD_SLOT,mesh.f90:311,scalar,wall_obst_cutcell,2,1,READ_RESTART(dump.f90); POINT_TO_MESH(mesh.f90),
NEXT_AVAILABLE_BOUNDARY_ONE_D_SLOT,mesh.f90:475,INTEGER,0,mesh.f90:848,M%NEXT_AVAILABLE_BOUNDARY_ONE_D_SLOT,mesh.f90:312,scalar,wall_obst_cutcell,2,1,READ_RESTART(dump.f90); POINT_TO_MESH(mesh.f90),
NEXT_AVAILABLE_BOUNDARY_THR_D_SLOT,mesh.f90:475,INTEGER,0,mesh.f90:849,M%NEXT_AVAILABLE_BOUNDARY_THR_D_SLOT,mesh.f90:313,scalar,wall_obst_cutcell,1,1,POINT_TO_MESH(mesh.f90),
NEXT_AVAILABLE_BOUNDARY_PROP1_SLOT,mesh.f90:476,INTEGER,0,mesh.f90:850,M%NEXT_AVAILABLE_BOUNDARY_PROP1_SLOT,mesh.f90:314,scalar,wall_obst_cutcell,2,1,READ_RESTART(dump.f90); POINT_TO_MESH(mesh.f90),
NEXT_AVAILABLE_BOUNDARY_PROP2_SLOT,mesh.f90:476,INTEGER,0,mesh.f90:851,M%NEXT_AVAILABLE_BOUNDARY_PROP2_SLOT,mesh.f90:315,scalar,wall_obst_cutcell,2,1,READ_RESTART(dump.f90); POINT_TO_MESH(mesh.f90),
NEXT_AVAILABLE_BOUNDARY_RADIA_SLOT,mesh.f90:476,INTEGER,0,mesh.f90:852,M%NEXT_AVAILABLE_BOUNDARY_RADIA_SLOT,mesh.f90:316,scalar,wall_obst_cutcell,2,1,READ_RESTART(dump.f90); POINT_TO_MESH(mesh.f90),
BOUNDARY_COORD_OCCUPANCY,mesh.f90:477,INTEGER,1,mesh.f90:853,M%BOUNDARY_COORD_OCCUPANCY,mesh.f90:317,deferred(:); allocated as (N_BOUNDARY_COORD_DIM) | (M%N_BOUNDARY_COORD_DIM),wall_obst_cutcell,1,1,POINT_TO_MESH(mesh.f90),
BOUNDARY_ONE_D_OCCUPANCY,mesh.f90:477,INTEGER,1,mesh.f90:854,M%BOUNDARY_ONE_D_OCCUPANCY,mesh.f90:317,deferred(:); allocated as (N_BOUNDARY_ONE_D_DIM),wall_obst_cutcell,1,1,POINT_TO_MESH(mesh.f90),
BOUNDARY_THR_D_OCCUPANCY,mesh.f90:477,INTEGER,1,mesh.f90:855,M%BOUNDARY_THR_D_OCCUPANCY,mesh.f90:317,deferred(:); no ALLOCATE found,wall_obst_cutcell,1,1,POINT_TO_MESH(mesh.f90),
BOUNDARY_PROP1_OCCUPANCY,mesh.f90:478,INTEGER,1,mesh.f90:856,M%BOUNDARY_PROP1_OCCUPANCY,mesh.f90:318,deferred(:); allocated as (N_BOUNDARY_PROP1_DIM) | (M%N_BOUNDARY_PROP1_DIM),wall_obst_cutcell,1,1,POINT_TO_MESH(mesh.f90),
BOUNDARY_PROP2_OCCUPANCY,mesh.f90:478,INTEGER,1,mesh.f90:857,M%BOUNDARY_PROP2_OCCUPANCY,mesh.f90:318,deferred(:); allocated as (N_BOUNDARY_PROP2_DIM) | (M%N_BOUNDARY_PROP2_DIM),wall_obst_cutcell,1,1,POINT_TO_MESH(mesh.f90),
BOUNDARY_RADIA_OCCUPANCY,mesh.f90:478,INTEGER,1,mesh.f90:858,M%BOUNDARY_RADIA_OCCUPANCY,mesh.f90:318,deferred(:); allocated as (N_BOUNDARY_RADIA_DIM) | (M%N_BOUNDARY_RADIA_DIM),wall_obst_cutcell,1,1,POINT_TO_MESH(mesh.f90),
PARTICLE_LAST,mesh.f90:478,INTEGER,1,mesh.f90:862,M%PARTICLE_LAST,mesh.f90:318,deferred(:); allocated as (N_LAGRANGIAN_CLASSES),particle,1,1,POINT_TO_MESH(mesh.f90),
NLP,mesh.f90:479,INTEGER,0,mesh.f90:859,M%NLP,mesh.f90:319,scalar,particle,23,22,INSERT_VOLUMETRIC_PARTICLES(part.f90); INSERT_SPRAY_PARTICLES(part.f90); PARTICLE_FACE_INSERT(part.f90); ADD_TO_PARTICLE_SEND_BUFFER(part.f90); RADIATION_FVM(radi.f90); PARTICLE_MASS_ENERGY_TRANSFER(part.f90),
NLPDIM,mesh.f90:479,INTEGER,0,mesh.f90:860,M%NLPDIM,mesh.f90:319,scalar,particle,3,2,READ_RESTART(dump.f90); DUMP_RESTART(dump.f90); POINT_TO_MESH(mesh.f90),
PARTICLE_TAG,mesh.f90:479,INTEGER,0,mesh.f90:861,M%PARTICLE_TAG,mesh.f90:319,scalar,particle,7,6,INSERT_VOLUMETRIC_PARTICLES(part.f90); VOLUME_INIT_PARTICLE(part.f90); INSERT_SPRAY_PARTICLES(part.f90); PARTICLE_FACE_INSERT(part.f90); DUMP_RESTART(dump.f90); READ_RESTART(dump.f90),
N_SLCF,mesh.f90:480,INTEGER,0,mesh.f90:863,M%N_SLCF,mesh.f90:321,scalar,other,3,2,READ_SLCF(read.f90); DUMP_SLCF(dump.f90); POINT_TO_MESH(mesh.f90),
N_SLCF_O,mesh.f90:480,INTEGER,0,mesh.f90:864,M%N_SLCF_O,mesh.f90:323,scalar,other,1,1,POINT_TO_MESH(mesh.f90),
SLICE,mesh.f90:481,TYPE:SLICE_TYPE(SLICE_TYPE),1,mesh.f90:865,M%SLICE,mesh.f90:322,deferred(:); allocated as (N_SLCF),other,6,5,READ_SLCF(read.f90); DUMP_SLCF(dump.f90); DUMP_SLCF_VTK(dump.f90); POINT_TO_MESH(mesh.f90); INITIALIZE_VTKHDF_SLCF(vtkf.f90); WRITE_VTKHDF_SLICE_CELL_FILE(vtkf.f90),
N_RADF,mesh.f90:482,INTEGER,0,mesh.f90:866,M%N_RADF,mesh.f90:331,scalar,other,3,2,READ_RADF(read.f90); RADIATION_FVM(radi.f90); POINT_TO_MESH(mesh.f90),
RAD_FILE,mesh.f90:483,TYPE:RAD_FILE_TYPE(RAD_FILE_TYPE),1,mesh.f90:867,M%RAD_FILE,mesh.f90:332,deferred(:); allocated as (N_RADF),other,3,2,RADIATION_FVM(radi.f90); POINT_TO_MESH(mesh.f90); READ_RADF(read.f90),
N_PATCH,mesh.f90:484,INTEGER,0,mesh.f90:868,M%N_PATCH,mesh.f90:334,scalar,other,9,6,READ_RESTART(dump.f90); DUMP_BNDF(dump.f90); WRITE_VTKHDF_GEOM_FILE(vtkf.f90); DUMP_RESTART(dump.f90); DUMP_BNDF_VTKHDF(dump.f90); POINT_TO_MESH(mesh.f90),
N_BNDF_POINTS,mesh.f90:484,INTEGER,0,mesh.f90:870,M%N_BNDF_POINTS,mesh.f90:334,scalar,other,3,2,DUMP_RESTART(dump.f90); READ_RESTART(dump.f90); POINT_TO_MESH(mesh.f90),
N_EXTERIOR_PATCH,mesh.f90:484,INTEGER,0,mesh.f90:869,M%N_EXTERIOR_PATCH,mesh.f90:334,scalar,other,1,1,POINT_TO_MESH(mesh.f90),
PATCH,mesh.f90:485,TYPE:PATCH_TYPE(PATCH_TYPE),1,mesh.f90:871,M%PATCH,mesh.f90:335,deferred(:); allocated as (M%N_PATCH) | (1:N2) | (N_PATCH),other,9,6,READ_RESTART(dump.f90); WRITE_VTKHDF_GEOM_FILE(vtkf.f90); DUMP_RESTART(dump.f90); DUMP_BNDF(dump.f90); DUMP_BNDF_VTKHDF(dump.f90); POINT_TO_MESH(mesh.f90),
EXTERIOR_PATCH,mesh.f90:485,TYPE:PATCH_TYPE(PATCH_TYPE),1,mesh.f90:872,M%EXTERIOR_PATCH,mesh.f90:336,deferred(:); allocated as (1:N2) | (10),other,1,1,POINT_TO_MESH(mesh.f90),
UIID,mesh.f90:486,REAL(EB),4,mesh.f90:873,M%UIID,mesh.f90:338,"deferred(:,:,:,:); allocated as (0:M%IBP1,0:M%JBP1,0:M%KBP1,1:UIIDIM)",radiation,6,3,RADIATION_FVM(radi.f90); DUMP_RESTART(dump.f90); READ_RESTART(dump.f90); TMP_INIT(init.f90); SPEC_INIT(init.f90); POINT_TO_MESH(mesh.f90),
RAD_CALL_COUNTER,mesh.f90:487,INTEGER,0,mesh.f90:874,M%RAD_CALL_COUNTER,mesh.f90:339,scalar,radiation,4,3,RADIATION_FVM(radi.f90); DUMP_RESTART(dump.f90); READ_RESTART(dump.f90); POINT_TO_MESH(mesh.f90),
ANGLE_INC_COUNTER,mesh.f90:487,INTEGER,0,mesh.f90:875,M%ANGLE_INC_COUNTER,mesh.f90:339,scalar,radiation,4,3,RADIATION_FVM(radi.f90); DUMP_RESTART(dump.f90); READ_RESTART(dump.f90); POINT_TO_MESH(mesh.f90),
INTERPOLATED_MESH,mesh.f90:488,INTEGER,3,mesh.f90:876,M%INTERPOLATED_MESH,mesh.f90:341,"deferred(:,:,:); allocated as (1:M%IBAR,1:M%JBAR,1:M%KBAR)",ghost_boundary,5,5,DIVERGENCE_PART_1(divg.f90); UPDATE_HRR(dump.f90); UPDATE_MASS(dump.f90); POINT_TO_MESH(mesh.f90); PARTICLE_FACE_INSERT(part.f90),
STRING,mesh.f90:489,CHARACTER(MESH_STRING_LENGTH),1,mesh.f90:877,M%STRING,mesh.f90:343,deferred(:); allocated as (M%N_STRINGS_MAX+100) | (M%N_STRINGS_MAX),other,3,3,OPEN_AND_CLOSE(init.f90); DUMP_SLCF(dump.f90); POINT_TO_MESH(mesh.f90),
N_STRINGS,mesh.f90:490,INTEGER,0,mesh.f90:878,M%N_STRINGS,mesh.f90:344,scalar,other,3,3,DUMP_SLCF(dump.f90); OPEN_AND_CLOSE(init.f90); POINT_TO_MESH(mesh.f90),
N_STRINGS_MAX,mesh.f90:490,INTEGER,0,mesh.f90:879,M%N_STRINGS_MAX,mesh.f90:344,scalar,other,3,3,OPEN_AND_CLOSE(init.f90); DUMP_SLCF(dump.f90); POINT_TO_MESH(mesh.f90),
K_AGL_SLICE,mesh.f90:491,INTEGER,3,mesh.f90:880,M%K_AGL_SLICE,mesh.f90:346,"deferred(:,:,:); allocated as (0:IBP1,0:JBP1,N_TERRAIN_SLCF)",other,3,3,DUMP_SLCF(dump.f90); DUMP_SLCF_VTK(dump.f90); POINT_TO_MESH(mesh.f90),
LS_KLO_TERRAIN,mesh.f90:492,INTEGER,2,mesh.f90:881,M%LS_KLO_TERRAIN,mesh.f90:347,"deferred(:,:); allocated as (0:IBP1,0:JBP1)",other,3,2,INITIALIZE_LEVEL_SET_FIRESPREAD_1(vege.f90); POINT_TO_MESH(mesh.f90); LEVEL_SET_FIRESPREAD(vege.f90),
LS_KHI_TERRAIN,mesh.f90:492,INTEGER,2,mesh.f90:882,M%LS_KHI_TERRAIN,mesh.f90:347,"deferred(:,:); allocated as (0:IBP1,0:JBP1)",other,3,2,INITIALIZE_LEVEL_SET_FIRESPREAD_1(vege.f90); POINT_TO_MESH(mesh.f90); LEVEL_SET_FIRESPREAD(vege.f90),
K_LS,mesh.f90:492,INTEGER,2,mesh.f90:884,M%K_LS,mesh.f90:347,"deferred(:,:); allocated as (0:IBP1,0:JBP1)",other,3,2,LEVEL_SET_FIRESPREAD(vege.f90); INITIALIZE_LEVEL_SET_FIRESPREAD_1(vege.f90); POINT_TO_MESH(mesh.f90),
LS_SURF_INDEX,mesh.f90:492,INTEGER,2,mesh.f90:885,M%LS_SURF_INDEX,mesh.f90:347,"deferred(:,:); allocated as (0:IBP1,0:JBP1)",other,7,5,INITIALIZE_LEVEL_SET_FIRESPREAD_1(vege.f90); LEVEL_SET_FIRESPREAD(vege.f90); LEVEL_SET_SPREAD_RATE(vege.f90); FILL_BOUNDARY_VALUES(vege.f90); POINT_TO_MESH(mesh.f90); INITIALIZE_LEVEL_SET_FIRESPREAD_2(vege.f90),
N_TERRAIN_SLCF,mesh.f90:493,INTEGER,0,mesh.f90:883,M%N_TERRAIN_SLCF,mesh.f90:348,scalar,other,2,1,READ_SLCF(read.f90); POINT_TO_MESH(mesh.f90),
FLUX0_LS,mesh.f90:494,REAL(EB),2,mesh.f90:886,M%FLUX0_LS,mesh.f90:350,"deferred(:,:); allocated as (IBAR,JBAR)",other,4,3,INITIALIZE_LEVEL_SET_FIRESPREAD_2(vege.f90); LEVEL_SET_FIRESPREAD(vege.f90); POINT_TO_MESH(mesh.f90); LEVEL_SET_ADVECT_FLUX(vege.f90),
FLUX1_LS,mesh.f90:494,REAL(EB),2,mesh.f90:887,M%FLUX1_LS,mesh.f90:350,"deferred(:,:); allocated as (IBAR,JBAR)",other,4,3,INITIALIZE_LEVEL_SET_FIRESPREAD_2(vege.f90); POINT_TO_MESH(mesh.f90); LEVEL_SET_FIRESPREAD(vege.f90); LEVEL_SET_ADVECT_FLUX(vege.f90),
PHI_LS,mesh.f90:494,REAL(EB),2,mesh.f90:888,M%PHI_LS,mesh.f90:350,"deferred(:,:); allocated as (-1:IBAR+2,-1:JBAR+2)",other,9,7,LEVEL_SET_FIRESPREAD(vege.f90); INITIALIZE_LEVEL_SET_FIRESPREAD_1(vege.f90); DUMP_RESTART(dump.f90); READ_RESTART(dump.f90); GAS_PHASE_OUTPUT(dump.f90); POINT_TO_MESH(mesh.f90),
PHI1_LS,mesh.f90:494,REAL(EB),2,mesh.f90:889,M%PHI1_LS,mesh.f90:350,"deferred(:,:); allocated as (-1:IBAR+2,-1:JBAR+2)",other,6,5,LEVEL_SET_FIRESPREAD(vege.f90); INITIALIZE_LEVEL_SET_FIRESPREAD_1(vege.f90); POINT_TO_MESH(mesh.f90); GET_BOUNDARY_VALUES(vege.f90); LEVEL_SET_SPREAD_RATE(vege.f90); LEVEL_SET_ADVECT_FLUX(vege.f90),
ROS_HEAD,mesh.f90:494,REAL(EB),2,mesh.f90:890,M%ROS_HEAD,mesh.f90:350,"deferred(:,:); allocated as (IBAR,JBAR)",other,4,3,INITIALIZE_LEVEL_SET_FIRESPREAD_2(vege.f90); POINT_TO_MESH(mesh.f90); LEVEL_SET_FIRESPREAD(vege.f90); LEVEL_SET_SPREAD_RATE(vege.f90),
SR_X_LS,mesh.f90:495,REAL(EB),2,mesh.f90:891,M%SR_X_LS,mesh.f90:351,"deferred(:,:); allocated as (IBAR,JBAR)",other,5,4,IGNITE_GRID_CELL(vege.f90); LEVEL_SET_SPREAD_RATE(vege.f90); LEVEL_SET_ADVECT_FLUX(vege.f90); POINT_TO_MESH(mesh.f90); INITIALIZE_LEVEL_SET_FIRESPREAD_2(vege.f90),
SR_Y_LS,mesh.f90:495,REAL(EB),2,mesh.f90:892,M%SR_Y_LS,mesh.f90:351,"deferred(:,:); allocated as (IBAR,JBAR)",other,5,4,IGNITE_GRID_CELL(vege.f90); LEVEL_SET_SPREAD_RATE(vege.f90); LEVEL_SET_ADVECT_FLUX(vege.f90); POINT_TO_MESH(mesh.f90); INITIALIZE_LEVEL_SET_FIRESPREAD_2(vege.f90),
U_LS,mesh.f90:495,REAL(EB),2,mesh.f90:893,M%U_LS,mesh.f90:351,"deferred(:,:); allocated as (0:IBP1,0:JBP1)",other,5,4,LEVEL_SET_FIRESPREAD(vege.f90); FILL_BOUNDARY_VALUES(vege.f90); INITIALIZE_LEVEL_SET_FIRESPREAD_1(vege.f90); GAS_PHASE_OUTPUT(dump.f90); POINT_TO_MESH(mesh.f90),
V_LS,mesh.f90:495,REAL(EB),2,mesh.f90:894,M%V_LS,mesh.f90:351,"deferred(:,:); allocated as (0:IBP1,0:JBP1)",other,5,4,LEVEL_SET_FIRESPREAD(vege.f90); FILL_BOUNDARY_VALUES(vege.f90); INITIALIZE_LEVEL_SET_FIRESPREAD_1(vege.f90); GAS_PHASE_OUTPUT(dump.f90); POINT_TO_MESH(mesh.f90),
Z_LS,mesh.f90:495,REAL(EB),2,mesh.f90:895,M%Z_LS,mesh.f90:351,"deferred(:,:); allocated as (0:IBP1,0:JBP1)",other,5,3,INITIALIZE_LEVEL_SET_FIRESPREAD_1(vege.f90); INITIALIZE_LEVEL_SET_FIRESPREAD_2(vege.f90); FILL_BOUNDARY_VALUES(vege.f90); LEVEL_SET_FIRESPREAD(vege.f90); POINT_TO_MESH(mesh.f90),
DZTDX,mesh.f90:495,REAL(EB),2,mesh.f90:896,M%DZTDX,mesh.f90:351,"deferred(:,:); allocated as (IBAR,JBAR)",other,3,2,INITIALIZE_LEVEL_SET_FIRESPREAD_2(vege.f90); LEVEL_SET_SPREAD_RATE(vege.f90); POINT_TO_MESH(mesh.f90),
DZTDY,mesh.f90:495,REAL(EB),2,mesh.f90:897,M%DZTDY,mesh.f90:351,"deferred(:,:); allocated as (IBAR,JBAR)",other,3,2,INITIALIZE_LEVEL_SET_FIRESPREAD_2(vege.f90); LEVEL_SET_SPREAD_RATE(vege.f90); POINT_TO_MESH(mesh.f90),
MAG_ZT,mesh.f90:495,REAL(EB),2,mesh.f90:898,M%MAG_ZT,mesh.f90:351,"deferred(:,:); allocated as (IBAR,JBAR)",other,2,1,INITIALIZE_LEVEL_SET_FIRESPREAD_2(vege.f90); POINT_TO_MESH(mesh.f90),
PHI_WS,mesh.f90:496,REAL(EB),2,mesh.f90:899,M%PHI_WS,mesh.f90:352,"deferred(:,:); allocated as (IBAR,JBAR)",other,3,2,LEVEL_SET_FIRESPREAD(vege.f90); INITIALIZE_LEVEL_SET_FIRESPREAD_2(vege.f90); POINT_TO_MESH(mesh.f90),
UMF,mesh.f90:496,REAL(EB),2,mesh.f90:900,M%UMF,mesh.f90:352,"deferred(:,:); allocated as (IBAR,JBAR)",other,4,3,POINT_TO_MESH(mesh.f90); INITIALIZE_LEVEL_SET_FIRESPREAD_2(vege.f90); LEVEL_SET_FIRESPREAD(vege.f90); LEVEL_SET_SPREAD_RATE(vege.f90),
THETA_ELPS,mesh.f90:496,REAL(EB),2,mesh.f90:901,M%THETA_ELPS,mesh.f90:352,"deferred(:,:); allocated as (IBAR,JBAR)",other,4,3,LEVEL_SET_FIRESPREAD(vege.f90); INITIALIZE_LEVEL_SET_FIRESPREAD_2(vege.f90); LEVEL_SET_SPREAD_RATE(vege.f90); POINT_TO_MESH(mesh.f90),
PHI_S_X,mesh.f90:496,REAL(EB),2,mesh.f90:902,M%PHI_S_X,mesh.f90:352,"deferred(:,:); allocated as (IBAR,JBAR)",other,3,2,LEVEL_SET_FIRESPREAD(vege.f90); INITIALIZE_LEVEL_SET_FIRESPREAD_2(vege.f90); POINT_TO_MESH(mesh.f90),
PHI_S_Y,mesh.f90:496,REAL(EB),2,mesh.f90:903,M%PHI_S_Y,mesh.f90:352,"deferred(:,:); allocated as (IBAR,JBAR)",other,3,2,LEVEL_SET_FIRESPREAD(vege.f90); INITIALIZE_LEVEL_SET_FIRESPREAD_2(vege.f90); POINT_TO_MESH(mesh.f90),
PHI_W,mesh.f90:496,REAL(EB),2,mesh.f90:904,M%PHI_W,mesh.f90:352,"deferred(:,:); no ALLOCATE found",other,1,1,POINT_TO_MESH(mesh.f90),
LS_WORK1,mesh.f90:496,REAL(EB),2,mesh.f90:905,M%LS_WORK1,mesh.f90:352,"deferred(:,:); allocated as (0:IBAR,0:JBAR)",scratch_work,2,2,POINT_TO_MESH(mesh.f90); LEVEL_SET_ADVECT_FLUX(vege.f90),
LS_WORK2,mesh.f90:496,REAL(EB),2,mesh.f90:906,M%LS_WORK2,mesh.f90:352,"deferred(:,:); allocated as (0:IBAR,0:JBAR)",scratch_work,2,2,POINT_TO_MESH(mesh.f90); LEVEL_SET_ADVECT_FLUX(vege.f90),
UNIQUE_SLICE_NAMES,mesh.f90:497,CHARACTER(200),1,mesh.f90:908,M%UNIQUE_SLICE_NAMES,mesh.f90:326,deferred(:); allocated as (N_UNIQUE_SLCF),other,1,1,POINT_TO_MESH(mesh.f90),
ALL_SLICE_NAMES,mesh.f90:497,CHARACTER(200),1,mesh.f90:911,M%ALL_SLICE_NAMES,mesh.f90:326,deferred(:); allocated as (N_SLCF_O*4),other,1,1,POINT_TO_MESH(mesh.f90),
ALL_SLICE_QUANTITIES,mesh.f90:497,CHARACTER(200),1,mesh.f90:913,M%ALL_SLICE_QUANTITIES,mesh.f90:326,deferred(:); allocated as (N_SLCF_O*4),other,1,1,POINT_TO_MESH(mesh.f90),
ALL_SLICE_TOPOLOGIES,mesh.f90:498,INTEGER,1,mesh.f90:912,M%ALL_SLICE_TOPOLOGIES,mesh.f90:327,deferred(:); allocated as (N_SLCF_O*4),other,1,1,POINT_TO_MESH(mesh.f90),
EMPTY_UNIQUE_SLICE,mesh.f90:499,LOGICAL,1,mesh.f90:909,M%EMPTY_UNIQUE_SLICE,mesh.f90:328,deferred(:); allocated as (N_UNIQUE_SLCF),other,1,1,POINT_TO_MESH(mesh.f90),
UNIQUE_SLICE_IS_SL3D,mesh.f90:499,LOGICAL,1,mesh.f90:910,M%UNIQUE_SLICE_IS_SL3D,mesh.f90:328,deferred(:); allocated as (MESHES(1)%N_UNIQUE_SLCF) | (N_UNIQUE_SLCF),other,1,1,POINT_TO_MESH(mesh.f90),
UNIQUE_SLICE_IN_DOMAIN,mesh.f90:499,LOGICAL,1,mesh.f90:914,M%UNIQUE_SLICE_IN_DOMAIN,mesh.f90:328,deferred(:); allocated as (MESHES(1)%N_UNIQUE_SLCF) | (N_UNIQUE_SLCF),other,1,1,POINT_TO_MESH(mesh.f90),
N_UNIQUE_SLCF,mesh.f90:500,INTEGER,0,mesh.f90:907,M%N_UNIQUE_SLCF,mesh.f90:325,scalar,other,1,1,POINT_TO_MESH(mesh.f90),
