file,line,routine,argument,guard_prefix
ccib.f90,3558,CC_SCALARS::CC_RESTORE_UVW_UNLINKED,NM,
ccib.f90,5016,CC_SCALARS::MESH_CC_EXCHANGE::FILL_GCCUTCELL_SPECIES,NM,
ccib.f90,5159,CC_SCALARS::CC_MATCH_VELOCITY_FLUX,NM,
ccib.f90,5165,CC_SCALARS::CC_MATCH_VELOCITY_FLUX,NM,
ccib.f90,5387,CC_SCALARS::CC_MATCH_VELOCITY,NM,
ccib.f90,6098,CC_SCALARS::ROTATED_CUBE_VELOCITY_FLUX,NM,
ccib.f90,6243,CC_SCALARS::ROTATED_CUBE_ANN_SOLN,NM,
ccib.f90,6427,CC_SCALARS::ROTATED_CUBE_RHS_ZZ,NM,
ccib.f90,6505,CC_SCALARS::CC_ROTATED_CUBE_RHS_ZZ,NM,
ccib.f90,6626,CC_SCALARS::GET_SHUNN3_QZ,NM,
ccib.f90,6926,CC_SCALARS::CC_VELOCITY_CUTFACES,NM,
ccib.f90,6986,CC_SCALARS::CC_RHO0W_INTERP,NM,
ccib.f90,7055,CC_SCALARS::CC_H_INTERP,NM,
ccib.f90,7272,CC_SCALARS::CC_SET_DATA,NM,
ccib.f90,7356,CC_SCALARS::CC_SET_DATA,NM,
ccib.f90,7445,CC_SCALARS::CC_SET_DATA::SET_CFACES_P1_RDN,NM,
ccib.f90,7502,CC_SCALARS::CC_SET_DATA::SET_CFACES_P1_RDN,NM,
ccib.f90,7546,CC_SCALARS::CC_SET_DATA::GET_LINKED_CELLS_BBOX,NM,
ccib.f90,7650,CC_SCALARS::CC_END_STEP,NM,
ccib.f90,7706,CC_SCALARS::INIT_CUTCELL_DATA,NM,
ccib.f90,7778,CC_SCALARS::INIT_CUTCELL_DATA,NM,
ccib.f90,7967,CC_SCALARS::INIT_CUTCELL_DATA,NM,
ccib.f90,7985,CC_SCALARS::INIT_CUTCELL_DATA,NM,
ccib.f90,8360,CC_SCALARS::CC_DIVERGENCE_PART_1,NM,
ccib.f90,11768,CC_SCALARS::CC_DENSITY,NM,
ccib.f90,11836,CC_SCALARS::CC_DENSITY,NM,
ccib.f90,12000,CC_SCALARS::GET_M_DOT_PPP_SCALAR_3D,NM,
ccib.f90,12073,CC_SCALARS::GET_EXPLICIT_ADVDIFFVECTOR_SCALAR_3D,NM,
ccib.f90,12535,CC_SCALARS::CC_CHECK_MASS_DENSITY,NM,
ccib.f90,13195,CC_SCALARS::GET_RHOZZ_CC_3D,NM,
ccib.f90,13386,CC_SCALARS::PUT_RHOZZVECTOR_SCALAR_3D,NM,
ccib.f90,13440,CC_SCALARS::GET_RHOZZVECTOR_SCALAR_3D,NM,
ccib.f90,13471,CC_SCALARS::GET_RHOZZVECTOR_SCALAR_3D,NM,
ccib.f90,13630,CC_SCALARS::GET_ADVDIFFVECTOR_SCALAR_3D,NM,
ccib.f90,15235,CC_SCALARS::GET_LINKED_FV,NM,
ccib.f90,15454,CC_SCALARS::CC_NO_FLUX,NM,
ccib.f90,15656,CC_SCALARS::CC_COMPUTE_VELOCITY_ERROR,NM,
ccib.f90,16296,CC_SCALARS::CC_CHECK_DIVERGENCE,NM,
ccib.f90,16732,CC_SCALARS::GET_CRTCFCC_INT_STENCILS,NM,
ccib.f90,19784,CC_SCALARS::DEFINE_SHARED_FACES,NM,
ccib.f90,19858,CC_SCALARS::FILL_UNKZ_GUARDCELLS,NM,
ccib.f90,19901,CC_SCALARS::FILL_UNKZ_GUARDCELLS,NM,
ccib.f90,19940,CC_SCALARS::FILL_UNKZ_GUARDCELLS,NM,
ccib.f90,20369,CC_SCALARS::FILL_UNKZ_GUARDCELLS,NM,
ccib.f90,21250,CC_SCALARS::GET_MMATRIX_SCALAR_3D,NM,
ccib.f90,21304,CC_SCALARS::GET_H_CUTFACES,NM,
ccib.f90,21436,CC_SCALARS::GET_GASPHASE_CUTFACES_DATA,NM,
ccib.f90,21532,CC_SCALARS::GET_GASPHASE_CUTFACES_DATA,NM,
ccib.f90,21958,CC_SCALARS::GET_GASPHASE_REGRCFACES_DATA,NM,
ccib.f90,22812,CC_SCALARS::GET_GASPHASE_REGRCFACES_DATA,NM,
ccib.f90,22973,CC_SCALARS::GET_LINKED_MATRIX_INDEXES_Z,NM,
ccib.f90,23059,CC_SCALARS::GET_LINKED_MATRIX_INDEXES_Z,NM,
ccib.f90,23115,CC_SCALARS::GET_LINKED_MATRIX_INDEXES_Z,NM,
ccib.f90,23138,CC_SCALARS::GET_LINKED_MATRIX_INDEXES_Z,NM,
divg.f90,57,DIVG::DIVERGENCE_PART_1,NM,
divg.f90,1455,DIVG::DIVERGENCE_PART_2,NM,
divg.f90,1652,DIVG::CHECK_DIVERGENCE,NM,
dump.f90,63,DUMP::UPDATE_GLOBAL_OUTPUTS,NM,
dump.f90,89,DUMP::DUMP_MESH_OUTPUTS,NM,
dump.f90,3897,DUMP::DUMP_RESTART,NM,
dump.f90,4090,DUMP::READ_RESTART,NM,
dump.f90,4749,DUMP::DUMP_PART_VTKHDF,NM,
dump.f90,5191,DUMP::DUMP_SMOKE3D_VTKHDF,NM,
dump.f90,6318,DUMP::WRITE_CFACES,NM,
dump.f90,7466,DUMP::DUMP_SLCF_VTK,NM,
dump.f90,12250,DUMP::DUMP_BNDF_VTKHDF,NM,
dump.f90,12488,DUMP::DUMP_BNDF_VTKHDF::PACK_VTK_GEOM,NM,
fire.f90,58,FIRE::COMBUSTION_LOAD_BALANCED,NM,
fire.f90,77,FIRE::COMBUSTION_LOAD_BALANCED,NM,
fire.f90,118,FIRE::COMBUSTION_GENERAL_LOAD_BALANCED,NM,
fire.f90,247,FIRE::COMBUSTION_GENERAL_LOAD_BALANCED,NM,
fire.f90,308,FIRE::COMBUSTION_GENERAL_LOAD_BALANCED,NM,
fire.f90,599,FIRE::DISTRIBUTE_CELLS_ACCROSS_MPI_PROCESSES,NM,
fire.f90,728,FIRE::GATHER_CELLS_FROM_MPI_PROCESSES,NM,
fire.f90,1900,FIRE::COMBUSTION_BC,NM,
fire.f90,1948,FIRE::CONDENSATION_EVAPORATION,NM,
geom.f90,5523,COMPLEX_GEOMETRY_GRID::CHECK_WALL_CELL_PLANE_MATCH,NM,
geom.f90,5572,COMPLEX_GEOMETRY_GRID::EXCHANGE_CC_NOADVANCE_INFO,NM,
geom.f90,5646,COMPLEX_GEOMETRY_GRID::EXCHANGE_CC_ELIMINATED_INFO,NM,
geom.f90,6431,COMPLEX_GEOMETRY_GRID::BLOCK_CC_SOLID_EXTWALLCELLS,NM,
geom.f90,6918,COMPLEX_GEOMETRY_GRID::GET_REGULAR_CUT_EDGES_BC,NM,
geom.f90,7582,COMPLEX_GEOMETRY_GRID::GET_SOLID_CUTCELL_EDGES_BC,NM,
geom.f90,12073,COMPLEX_GEOMETRY_GRID::GET_EXT_INB_CUTFACES_TO_CFACE,NM,
geom.f90,12142,COMPLEX_GEOMETRY_GRID::GET_EXT_INB_CUTFACES_TO_CFACE,NM,
geom.f90,12255,COMPLEX_GEOMETRY_GRID::GET_EXT_INB_CUTFACES_TO_CFACE,NM,
geom.f90,12301,COMPLEX_GEOMETRY_GRID::GET_EXT_INB_CUTFACES_TO_CFACE,NM,
geom.f90,12315,COMPLEX_GEOMETRY_GRID::GET_EXT_INB_CUTFACES_TO_CFACE,NM,
geom.f90,12370,COMPLEX_GEOMETRY_GRID::SET_GC_CUTCELLS_3D,NM,
geom.f90,12471,COMPLEX_GEOMETRY_GRID::SET_GC_CUTCELLS_3D,NM,
geom.f90,12739,COMPLEX_GEOMETRY_GRID::CC_GRID_REBLOCK_MESH_AFTER_NEIGHBOR_EXCHANGE,NM,
geom.f90,12761,COMPLEX_GEOMETRY_GRID::CC_GRID_FINAL_REBLOCK_MESH,NM,
geom.f90,13025,COMPLEX_GEOMETRY_GRID::ADD_NEIGHBOR_BLOCKED_CELLS,NM,
geom.f90,13379,COMPLEX_GEOMETRY_GRID::TAG_CC_BLOCKING_REFINEMENT,NM,
geom.f90,13414,COMPLEX_GEOMETRY_GRID::TAG_CC_BLOCKING_REFINEMENT,NM,
geom.f90,14392,COMPLEX_GEOMETRY_GRID::CC_GRID_POSTPROCESS_AND_CLEANUP,NM,
geom.f90,14516,COMPLEX_GEOMETRY_GRID::CC_GRID_ALLOCATE_STATE_VARS,NM,
geom.f90,14716,COMPLEX_GEOMETRY_GRID::CC_GRID_WRITE_VERBOSE_SUMMARY,NM,
geom.f90,14828,COMPLEX_GEOMETRY_GRID::CC_GRID_WRITE_VERBOSE_SUMMARY,NM,
geom.f90,14864,COMPLEX_GEOMETRY_GRID::CC_GRID_WRITE_VERBOSE_SUMMARY,NM,
geom.f90,15064,COMPLEX_GEOMETRY_GRID::CC_GRID_BUILD_GCELLS,NM,
geom.f90,15366,COMPLEX_GEOMETRY_GRID::CC_GRID_BUILD_CUTCELL_MESH,NM,
geom.f90,15400,COMPLEX_GEOMETRY_GRID::DEFINE_XYZFACE_CELL,NM,
geom.f90,15723,COMPLEX_GEOMETRY_GRID::SNAP_GEOM_NODES,NM,
geom.f90,21824,COMPLEX_GEOMETRY_GRID::DEFINE_REGULAR_CUTFACES,NM,
geom.f90,26622,COMPLEX_GEOMETRY_GRID::CC_GRID_BUILD_CUTCELL_MESH_WORK,NM,
geom.f90,26909,COMPLEX_GEOMETRY_GRID::CC_GRID_GET_REGULAR_CUTCELLS_BOX,NM,
hvac.f90,2320,HVAC_ROUTINES::HVAC_BC_IN,NM,
init.f90,4527,INIT::OPEN_AND_CLOSE,NM,
init.f90,4860,INIT::CREATE_OR_REMOVE_OBST,NM,
init.f90,4915,INIT::REASSIGN_WALL_CELLS,NM,
init.f90,5260,INIT::INITIAL_NOISE,NM,
init.f90,5323,INIT::UVW_INIT,NM,
init.f90,5413,INIT::TMP_INIT,NM,
init.f90,5477,INIT::SPEC_INIT,NM,
main.f90,734,FDS,NM,
mass.f90,42,MASS::MASS_FINITE_DIFFERENCES,NM,
mass.f90,397,MASS::DENSITY,NM,
part.f90,156,PART::INSERT_ALL_PARTICLES,NM,
part.f90,1859,PART::MOVE_PARTICLES,NM,
part.f90,3635,PART::PARTICLE_MASS_ENERGY_TRANSFER,NM,
part.f90,4590,PART::CLIP_PARTICLE_DRAG,NM,
part.f90,4637,PART::PARTICLE_MOMENTUM_TRANSFER,NM,
pres.f90,38,PRES::PRESSURE_SOLVER_COMPUTE_RHS,NM,
pres.f90,333,PRES::PRESSURE_SOLVER_FFT,NM,
pres.f90,714,PRES::PRESSURE_SOLVER_CHECK_RESIDUALS,NM,
pres.f90,826,PRES::COMPUTE_VELOCITY_ERROR,NM,
pres.f90,1317,LOCMAT_SOLVER::ULMAT_SOLVER_SETUP,NM,
pres.f90,1394,LOCMAT_SOLVER::ULMAT_SOLVER_SETUP,NM,
pres.f90,1437,LOCMAT_SOLVER::ULMAT_SOLVER,NM,
pres.f90,3091,LOCMAT_SOLVER::FINISH_ULMAT_SOLVER,NM,
pres.f90,3346,GLOBMAT_SOLVER::GLMAT_SOLVER,NM,
pres.f90,3364,GLOBMAT_SOLVER::GLMAT_SOLVER,NM,
pres.f90,3374,GLOBMAT_SOLVER::GLMAT_SOLVER,NM,
pres.f90,3501,GLOBMAT_SOLVER::GLMAT_SOLVER,NM,
pres.f90,3564,GLOBMAT_SOLVER::GLMAT_SOLVER,NM,
pres.f90,3728,GLOBMAT_SOLVER::GLMAT_SOLVER_SETUP,NM,
pres.f90,3782,GLOBMAT_SOLVER::GLMAT_SOLVER_SETUP,NM,
pres.f90,4016,GLOBMAT_SOLVER::CHECK_UNSUPPORTED_MESH,NM,
pres.f90,4077,GLOBMAT_SOLVER::COPY_H_OMESH_TO_MESH,NM,
pres.f90,4142,GLOBMAT_SOLVER::COPY_H_OMESH_TO_MESH,NM,
pres.f90,4220,GLOBMAT_SOLVER::COPY_HS_IN_CCVAR,NM,
pres.f90,4259,GLOBMAT_SOLVER::COPY_HS_IN_CCVAR,NM,
pres.f90,4267,GLOBMAT_SOLVER::COPY_HS_IN_CCVAR,NM,
pres.f90,4288,GLOBMAT_SOLVER::WRITE_EWC_TYPE_DIAGNOSTIC,NM,
pres.f90,4346,GLOBMAT_SOLVER::COPY_CCVAR_IN_HS,NM,
pres.f90,4942,GLOBMAT_SOLVER::GET_BCS_H_MATRIX,NM,
pres.f90,5046,GLOBMAT_SOLVER::GET_H_MATRIX,NM,
pres.f90,5297,GLOBMAT_SOLVER::GET_MATRIXGRAPH_H_WHLDOM,NM,
pres.f90,5343,GLOBMAT_SOLVER::GET_MATRIXGRAPH_H_WHLDOM,NM,
pres.f90,5466,GLOBMAT_SOLVER::GET_MATRIXGRAPH_H_WHLDOM,NM,
pres.f90,5550,GLOBMAT_SOLVER::GET_H_REGFACES,NM,
pres.f90,5738,GLOBMAT_SOLVER::GET_MATRIX_INDEXES_H,NM,
pres.f90,5780,GLOBMAT_SOLVER::GET_MATRIX_INDEXES_H,NM,
pres.f90,5862,GLOBMAT_SOLVER::SET_CCVAR_CGSC_H,NM,
pres.f90,5905,GLOBMAT_SOLVER::PRESSURE_SOLVER_CHECK_RESIDUALS_U,NM,
radi.f90,3415,RAD::CHECK_FOR_MIRROR_BOUNDARY,NM,
radi.f90,3648,RAD::INTERPOLATE_IL,NM,
radi.f90,3756,RAD::COMPUTE_RADIATION,NM,
read.f90,10774,READ_INPUT::READ_OBST,NM,
read.f90,11534,READ_INPUT::READ_OBST,NM,
read.f90,11606,READ_INPUT::READ_OBST,NM,
read.f90,11829,READ_INPUT::READ_HOLE,NM,
read.f90,12141,READ_INPUT::READ_VENT,NM,
read.f90,12681,READ_INPUT::READ_VENT,NM,
read.f90,15079,READ_INPUT::PROC_OBST,NM,
read.f90,15971,READ_INPUT::READ_SLCF,NM,
read.f90,16030,READ_INPUT::READ_SLCF,NM,
read.f90,16521,READ_INPUT::READ_RADF,NM,
read.f90,16540,READ_INPUT::READ_RADF,NM,
soot.f90,40,SOOT_ROUTINES::SETTLING_VELOCITY,NM,
soot.f90,277,SOOT_ROUTINES::CALC_AGGLOMERATION,NM,
soot.f90,408,SOOT_ROUTINES::SOOT_SURFACE_OXIDATION,NM,
soot.f90,551,SOOT_ROUTINES::DROPLET_SCRUBBING,NM,
turb.f90,32,TURBULENCE::INIT_TURB_ARRAYS,NM,
turb.f90,105,TURBULENCE::NS_ANALYTICAL_SOLUTION,NM,
turb.f90,183,TURBULENCE::COMPRESSION_WAVE,NM,
turb.f90,295,TURBULENCE::TWOD_VORTEX_CERFACS,NM,
turb.f90,340,TURBULENCE::TWOD_VORTEX_UMD,NM,
turb.f90,383,TURBULENCE::TWOD_SOBOROT_UMD,NM,
turb.f90,475,TURBULENCE::VARDEN_DYNSMAG,NM,
turb.f90,1296,TURBULENCE::TENSOR_DIFFUSIVITY_MODEL,NM,
turb.f90,1719,TURBULENCE::SYNTHETIC_TURBULENCE,NM,
turb.f90,1756,TURBULENCE::SYNTHETIC_TURBULENCE,NM,
turb.f90,1795,TURBULENCE::SYNTHETIC_TURBULENCE,NM,
turb.f90,1870,TURBULENCE::SYNTHETIC_TURBULENCE,NM,
turb.f90,1893,TURBULENCE::SYNTHETIC_TURBULENCE,NM,
turb.f90,3353,MANUFACTURED_SOLUTIONS::SAAD_MMS_1,NM,
turb.f90,3390,MANUFACTURED_SOLUTIONS::SHUNN_MMS_3,NM,
vege.f90,45,VEGE::INITIALIZE_LEVEL_SET_FIRESPREAD_1,NM,
vege.f90,173,VEGE::INITIALIZE_LEVEL_SET_FIRESPREAD_2,NM,
vege.f90,327,VEGE::LEVEL_SET_FIRESPREAD,NM,
vege.f90,1231,VEGE::UPDATE_FIRE_SPREAD_OUTPUTS,NM,
velo.f90,53,VELO::COMPUTE_VISCOSITY,NM,
velo.f90,510,VELO::VISCOSITY_BC,NM,
velo.f90,582,VELO::VELOCITY_FLUX,NM,
velo.f90,1224,VELO::VELOCITY_FLUX_CYLINDRICAL,NM,
velo.f90,1364,VELO::NO_FLUX,NM,
velo.f90,1592,VELO::VELOCITY_PREDICTOR,NM,
velo.f90,1703,VELO::VELOCITY_CORRECTOR,NM,
velo.f90,1838,VELO::VELOCITY_BC,NM,
velo.f90,2646,VELO::MATCH_VELOCITY,NM,
velo.f90,2887,VELO::MATCH_VELOCITY_FLUX,NM,
velo.f90,3229,VELO::BAROCLINIC_CORRECTION,NM,
vtkf.f90,1425,VTK_FDS_INTERFACE::INITIALIZE_VTKHDF_SLCF,NM,
vtkf.f90,1560,VTK_FDS_INTERFACE::INITIALIZE_VTKHDF_PART,NM,
vtkf.f90,1690,VTK_FDS_INTERFACE::WRITE_VTKHDF_GEOM_FILE,NM,
vtkf.f90,1875,VTK_FDS_INTERFACE::WRITE_VTKHDF_GEOM_FILE,1,
vtkf.f90,1898,VTK_FDS_INTERFACE::WRITE_VTKHDF_GEOM_FILE,NM,
vtkf.f90,2240,VTK_FDS_INTERFACE::INITIALIZE_VTKHDF_BNDF_STEP1,NM,
vtkf.f90,2482,VTK_FDS_INTERFACE::INITIALIZE_VTKHDF_BNDF_STEP2,1,
vtkf.f90,2517,VTK_FDS_INTERFACE::INITIALIZE_VTKHDF_BNDF_STEP2,NM,
vtkf.f90,4007,VTK_FDS_INTERFACE::WRITE_PARAVIEW_STATE_FILE,NM,
wall.f90,52,WALL_ROUTINES::WALL_BC,NM,
wall.f90,3747,WALL_ROUTINES::TGA_ANALYSIS,NM,
