kernel_file,style,fortran_routine,upstream_file,qualified_routine,nest_line_ranges,n_loops,n_loops_geometry_excluded,loops_A,loops_B,loops_C,est_pct_of_total_time,shim,synced_commit,verified_commit,generated_kernels,commits_excl_bulk,nest_hunks_body_only,nest_hunks_surface
,K2,CHECK_DIVERGENCE,divg.f90,CHECK_DIVERGENCE,1675-1711,1,0,0,0,1,0.272,,36975d7,,,,,
,K2,DIVERGENCE_PART_1,divg.f90,DIVERGENCE_PART_1,93-95;128-235;245-258;287-421;435-443;463-471;482-486;499-505;512-523;532-554;561-570;573-582;591-597;608-616;622-629;640-660;668-674;681-687;696-716;757-767,20,2,11,2,7,12.844,,36975d7,,rho_d_dzd;h_rho_d_dzd;cp_rhg;conductivity;kdtd;dp_kdtd;dp_species;wall_kp_ghost;wall_rho_d_dzdn,,,
,K2,DIVERGENCE_PART_2,divg.f90,DIVERGENCE_PART_2,1574-1604;1611-1618;1621-1630,3,2,2,0,1,0.066,,36975d7,,,,,
,K2,ENTHALPY_ADVECTION_NEW,divg.f90,ENTHALPY_ADVECTION_NEW,814-822;835-939;946-966,3,0,1,0,2,0.522,,36975d7,,,,,
,K2,MERGE_PRESSURE_ZONES,divg.f90,MERGE_PRESSURE_ZONES,1301-1319,1,0,0,0,1,0.037,,36975d7,,,,,
,K2,SPECIES_ADVECTION_PART_1_NEW,divg.f90,SPECIES_ADVECTION_PART_1_NEW,995-1088;1097-1105;1120-1183;1191-1213,4,0,1,1,2,3.626,,36975d7,,flux_mw_fix_zz;rho_z_p_divg,,,
,K2,SPECIES_ADVECTION_PART_2,divg.f90,SPECIES_ADVECTION_PART_2,1237-1266;1269-1289,2,0,0,0,2,0.227,,36975d7,,,,,
,K2,COMBUSTION_BC,fire.f90,COMBUSTION_BC,1902-1918,1,0,0,0,1,0.002,,36975d7,,,,,
,K2,COMBUSTION_GENERAL_LOAD_BALANCED,fire.f90,COMBUSTION_GENERAL_LOAD_BALANCED,123-137,1,3,0,0,1,0.002,,36975d7,,,,,
,K2,CONDENSATION_EVAPORATION,fire.f90,CONDENSATION_EVAPORATION,1957-1961,1,1,0,1,0,0.000,,36975d7,,,,,
,K2,BLOCK_CELL,func.f90,BLOCK_CELL,5509-5524,1,0,0,0,1,0.020,,36975d7,,,,,
,K2,COMPUTE_WIND_COMPONENTS,func.f90,COMPUTE_WIND_COMPONENTS,2845-2847,1,0,0,0,1,0.001,,36975d7,,,,,
,K2,GET_SCALAR_FACE_VALUE,func.f90,GET_SCALAR_FACE_VALUE,1348-1354;1358-1368;1372-1389;1393-1410;1414-1435;1439-1453,6,0,0,6,0,0.275,,36975d7,,,,,
,K2,PACK_CELL,func.f90,PACK_CELL,5183-5201,1,0,0,0,1,0.016,,36975d7,,,,,
,K2,HVAC_BC_IN,hvac.f90,HVAC_BC_IN,2341-2353,1,1,0,0,1,0.004,,36975d7,,,,,
,K2,CREATE_OR_REMOVE_OBST,init.f90,CREATE_OR_REMOVE_OBST,4878-4889,1,0,1,0,0,0.017,,36975d7,,,,,
,K2,OPEN_AND_CLOSE,init.f90,OPEN_AND_CLOSE,4731-4835,1,0,0,0,1,0.479,,36975d7,,,,,
,K2,REASSIGN_WALL_CELLS,init.f90,REASSIGN_WALL_CELLS,4917-4936;4940-5054,2,0,0,0,2,2.037,,36975d7,,,,,
,K2,MESH_EXCHANGE,main.f90,MESH_EXCHANGE,3144-3614;3694-3970,2,0,0,0,2,16.536,,36975d7,,,,,
,K2,CHECK_MASS_DENSITY,mass.f90,CHECK_MASS_DENSITY,799-849;868-939;947-961,3,0,0,1,2,2.666,,36975d7,,rho_zz_clip_assign;delta_rho_zz_zero,,,
,K2,CLIP_PASSIVE_SCALARS,mass.f90,CLIP_PASSIVE_SCALARS,980-987,1,0,1,0,0,0.029,,36975d7,,,,,
,K2,DENSITY,mass.f90,DENSITY,424-436;442-455;462-472;484-495;505-512;527-534;556-564;570-577;595-608;619-632;650-660;666-677;687-694;709-716;738-746;752-759,16,0,12,4,0,1.230,,36975d7,,zzs_pred;adv_flux_store;rhos_sum;rsum_pred;zz_corr;adv_flux_avg;rho_sum;wall_uvw_interp;wall_uvw_interp_corr,,,
,K2,MASS_FINITE_DIFFERENCES,mass.f90,MASS_FINITE_DIFFERENCES,65-192;201-209;224-320;328-350,4,0,1,1,2,5.333,,36975d7,,flux_mw_fix;rho_z_p_mass,,,
,K2,CLIP_PARTICLE_DRAG,part.f90,CLIP_PARTICLE_DRAG,4606-4617,1,0,1,0,0,0.000,,36975d7,,,,,
,K2,INSERT_ALL_PARTICLES,part.f90,INSERT_ALL_PARTICLES,162-282;287-294,2,0,0,0,2,0.395,,36975d7,,,,,
,K2,INSERT_VENT_PARTICLES,part.f90,INSERT_VENT_PARTICLES,605-607,1,1,0,0,1,0.008,,36975d7,,,,,
,K2,PARTICLE_MASS_ENERGY_TRANSFER,part.f90,PARTICLE_MASS_ENERGY_TRANSFER,3654-3659,1,3,0,1,0,0.000,,36975d7,,wall_b2_work1,,,
,K2,PARTICLE_MOMENTUM_TRANSFER,part.f90,PARTICLE_MOMENTUM_TRANSFER,4643-4763,1,0,0,0,1,0.015,,36975d7,,,,,
,K2,REMOVE_OLDEST_PARTICLE,part.f90,REMOVE_OLDEST_PARTICLE,4969-4977,1,0,0,0,1,0.000,,36975d7,,,,,
,K2,REMOVE_PARTICLES,part.f90,REMOVE_PARTICLES,4794-4845,1,0,0,0,1,0.002,,36975d7,,,,,
,K2,FSH03S,pois.f90,FSH03S,1055-1059;1146-1152,2,0,0,0,2,0.003,,36975d7,,,,,
,K2,FSH04S,pois.f90,FSH04S,1183-1189;1191-1195,2,0,0,0,2,0.003,,36975d7,,,,,
,K2,FSH05S,pois.f90,FSH05S,1228-1234,1,0,0,0,1,0.002,,36975d7,,,,,
,K2,FSH06S,pois.f90,FSH06S,1271-1279;1280-1282;1284-1286;1289-1292;1299-1304;1311-1315;1321-1329;1331-1334,8,0,0,0,8,0.044,,36975d7,,,,,
,K2,FSH16S,pois.f90,FSH16S,5489-5497;5505-5511;5513-5519,3,0,0,0,3,0.021,,36975d7,,,,,
,K2,FSH17S,pois.f90,FSH17S,5557-5598;5602-5721,2,0,0,0,2,0.726,,36975d7,,,,,
,K2,FSH18S,pois.f90,FSH18S,5742-5745;5746-5751;5752-5755;5756-5762;5763-5767,5,0,0,0,5,0.002,,36975d7,,,,,
,K2,H2CYSS,pois.f90,H2CYSS,7333-7335;7339-7341;7345-7347;7351-7353;7359-7361;7365-7367;7371-7373;7377-7379;7423-7427;7431-7434;7438-7442,11,0,0,0,11,0.002,,36975d7,,,,,
,K2,H2CZSS,pois.f90,H2CZSS,6830-6832;6836-6838;6842-6844;6848-6850;6856-6858;6862-6864;6868-6870;6874-6876;6910-6912;6913-6917;6920-6923;6930-6934,12,0,0,0,12,0.002,,36975d7,,,,,
,K2,H3CSSS,pois.f90,H3CSSS,4974-4978;4983-4987;4998-5002;5007-5011;5026-5030;5036-5040;5052-5056;5062-5066;5078-5083;5088-5093;5104-5109;5114-5119;5165-5167;5168-5175;5178-5181;5186-5192;5211-5217,17,0,0,0,17,0.018,,36975d7,,,,,
,K2,H3CZSS,pois.f90,H3CZSS,241-245;249-253;257-261;265-269;275-279;283-287;291-295;299-303;309-313;317-321;325-329;333-337;378-380;381-387;390-393;401-407,16,0,0,0,16,0.016,,36975d7,,,,,
,K2,SSWAP,pois.f90,SSWAP,4530-4536;4546-4550;4553-4563;4570-4574,4,0,0,0,4,0.005,,36975d7,,,,,
,K2,VCOST,pois.f90,VCOST,1504-1507;1508-1515;1517-1519;1532-1536,4,0,0,0,4,0.004,,36975d7,,,,,
,K2,VCOST1,pois.f90,VCOST1,1568-1573;1574-1583;1585-1589,3,0,0,0,3,0.010,,36975d7,,,,,
,K2,VCOSTA,pois.f90,VCOSTA,1615-1618;1619-1624;1626-1628,3,0,0,0,3,0.001,,36975d7,,,,,
,K2,VRADB2,pois.f90,VRADB2,3943-3948;3953-3965;3967-3972,3,0,0,0,3,0.012,,36975d7,,,,,
,K2,VRADB3,pois.f90,VRADB3,4005-4011;4014-4042,2,0,0,0,2,0.016,,36975d7,,,,,
,K2,VRADB4,pois.f90,VRADB4,4074-4081;4085-4112;4116-4126,3,0,0,0,3,0.024,,36975d7,,,,,
,K2,VRADB5,pois.f90,VRADB5,4164-4176;4181-4248,2,0,0,0,2,0.025,,36975d7,,,,,
,K2,VRADBG,pois.f90,VRADBG,4287-4293;4296-4302;4304-4313;4316-4329;4332-4345;4348-4375;4376-4382;4383-4391;4394-4406;4409-4421;4424-4428;4429-4435;4437-4449;4452-4464,14,0,0,0,14,0.310,,36975d7,,,,,
,K2,VRADF2,pois.f90,VRADF2,3239-3244;3249-3262;3264-3269,3,0,0,0,3,0.012,,36975d7,,,,,
,K2,VRADF3,pois.f90,VRADF3,3299-3305;3308-3336,2,0,0,0,2,0.016,,36975d7,,,,,
,K2,VRADF4,pois.f90,VRADF4,3365-3372;3377-3413;3417-3424,3,0,0,0,3,0.024,,36975d7,,,,,
,K2,VRADF5,pois.f90,VRADF5,3459-3472;3475-3555,2,0,0,0,2,0.025,,36975d7,,,,,
,K2,VRADFG,pois.f90,VRADFG,3597-3601;3602-3608;3611-3623;3626-3638;3640-3652;3655-3667;3670-3674;3676-3684;3688-3715;3716-3722;3725-3731;3734-3740;3742-3751;3754-3768;3771-3785,15,0,0,0,15,0.323,,36975d7,,,,,
,K2,VRFTB1,pois.f90,VRFTB1,3845-3892;3904-3908;3910-3914,3,0,0,0,3,0.042,,36975d7,,,,,
,K2,VRFTF1,pois.f90,VRFTF1,1768-1814;1824-1828;1830-1834,3,0,0,0,3,0.043,,36975d7,,,,,
,K2,VSCOSB,pois.f90,VSCOSB,1951-1953;1954-1958,2,0,0,0,2,0.001,,36975d7,,,,,
,K2,VSCOSF,pois.f90,VSCOSF,2011-2013;2016-2018;2020-2025,3,0,0,0,3,0.001,,36975d7,,,,,
,K2,VSCOSQ,pois.f90,VSCOSQ,2120-2123;2126-2128;2132-2140;2151-2155;2157-2161,5,0,0,0,5,0.004,,36975d7,,,,,
,K2,VSCSB1,pois.f90,VSCSB1,2191-2195;2196-2202,2,0,0,0,2,0.003,,36975d7,,,,,
,K2,VSCSBA,pois.f90,VSCSBA,2226-2228;2230-2232;2234-2239,3,0,0,0,3,0.001,,36975d7,,,,,
,K2,VSCSF1,pois.f90,VSCSF1,2265-2269;2271-2275;2277-2284,3,0,0,0,3,0.006,,36975d7,,,,,
,K2,VSCSFA,pois.f90,VSCSFA,2310-2314;2315-2317,2,0,0,0,2,0.001,,36975d7,,,,,
,K2,VSCSQ1,pois.f90,VSCSQ1,2346-2350;2352-2356;2358-2366,3,0,0,0,3,0.008,,36975d7,,,,,
,K2,VSINT,pois.f90,VSINT,2452-2455;2461-2467;2469-2471,3,0,0,0,3,0.002,,36975d7,,,,,
,K2,VSINT1,pois.f90,VSINT1,2510-2518;2520-2524,2,0,0,0,2,0.007,,36975d7,,,,,
,K2,VSINTA,pois.f90,VSINTA,2550-2552;2553-2558;2560-2562,3,0,0,0,3,0.001,,36975d7,,,,,
,K2,VSRFTB,pois.f90,VSRFTB,2658-2664,1,0,0,0,1,0.002,,36975d7,,,,,
,K2,VSRTB1,pois.f90,VSRTB1,2777-2781,1,0,0,0,1,0.001,,36975d7,,,,,
,K2,VSRTF1,pois.f90,VSRTF1,2808-2814,1,0,0,0,1,0.002,,36975d7,,,,,
,K2,VSSINB,pois.f90,VSSINB,2851-2855;2856-2858,2,0,0,0,2,0.001,,36975d7,,,,,
,K2,VSSINF,pois.f90,VSSINF,2912-2914;2916-2918;2920-2925,3,0,0,0,3,0.001,,36975d7,,,,,
,K2,VSSINQ,pois.f90,VSSINQ,2977-2979;2981-2983;2985-2991;3001-3005;3007-3011,5,0,0,0,5,0.004,,36975d7,,,,,
,K2,VSSNB1,pois.f90,VSSNB1,3041-3047;3048-3052,2,0,0,0,2,0.003,,36975d7,,,,,
,K2,VSSNBA,pois.f90,VSSNBA,3074-3076;3078-3080;3082-3087,3,0,0,0,3,0.001,,36975d7,,,,,
,K2,VSSNF1,pois.f90,VSSNF1,3115-3119;3121-3125;3127-3134,3,0,0,0,3,0.006,,36975d7,,,,,
,K2,VSSNFA,pois.f90,VSSNFA,3160-3164;3165-3167,2,0,0,0,2,0.001,,36975d7,,,,,
,K2,VSSNQ1,pois.f90,VSSNQ1,3196-3200;3202-3206;3208-3216,3,0,0,0,3,0.008,,36975d7,,,,,
,K2,CHECK_UNSUPPORTED_MESH,pres.f90,CHECK_UNSUPPORTED_MESH,4012-4026,1,0,0,0,1,0.086,,36975d7,,,,,
,K2,COPY_CCVAR_IN_HS,pres.f90,COPY_CCVAR_IN_HS,4351-4356,1,0,0,0,1,0.001,,36975d7,,wall_hs_bt,,,
,K2,GET_H_REGFACES,pres.f90,GET_H_REGFACES,5580-5601,1,0,0,0,1,0.001,,36975d7,,,,,
,K2,PRESSURE_SOLVER_CHECK_RESIDUALS,pres.f90,PRESSURE_SOLVER_CHECK_RESIDUALS,729-742;758-764;768-787,3,0,3,0,0,0.002,,36975d7,,,,,
,K2,PRESSURE_SOLVER_COMPUTE_RHS,pres.f90,PRESSURE_SOLVER_COMPUTE_RHS,65-228;238-245;250-260;267-277;282-292;297-307,6,0,5,0,1,0.016,,36975d7,,,,,
,K2,PRESSURE_SOLVER_FFT,pres.f90,PRESSURE_SOLVER_FFT,394-400;404-410;414-420;424-430;438-440;450-462;466-477;481-492,8,0,8,0,0,0.000,,36975d7,,,,,
,K2,TUNNEL_POISSON_SOLVER,pres.f90,TUNNEL_POISSON_SOLVER,531-537;544-567;576-582;583-589;591-596,5,0,0,0,5,0.007,,36975d7,,,,,
,K2,ULMAT_GET_H_REGFACES,pres.f90,ULMAT_GET_H_REGFACES,2031-2047,1,0,0,0,1,0.001,,36975d7,,,,,
,K2,ULMAT_SOLVE_ZONE,pres.f90,ULMAT_SOLVE_ZONE,1686-1694;1713-1720;1782-1790;1808-1815;1837-1846;1923-1925;1931-1994,7,11,1,0,6,0.009,,36975d7,,,,,
,K2,WRITE_EWC_TYPE_DIAGNOSTIC,pres.f90,WRITE_EWC_TYPE_DIAGNOSTIC,4290-4329,1,0,0,0,1,0.047,,36975d7,,,,,
,K2,INTERPOLATE_IL,radi.f90,INTERPOLATE_IL,3651-3662;3679-3695,2,1,0,0,2,0.001,,36975d7,,,,,
,K2,RADIATION_FVM,radi.f90,RADIATION_FVM,3886-3892;3893-3900;4961-4970;4989-5034;5044-5059,5,2,0,0,5,0.003,,36975d7,,,,,
,K2,CALC_AGGLOMERATION,soot.f90,CALC_AGGLOMERATION,280-389,1,0,0,0,1,0.336,,36975d7,,,,,
,K2,SETTLING_VELOCITY,soot.f90,SETTLING_VELOCITY,54-175,1,0,0,0,1,1.325,,36975d7,,,,,
,K2,SOOT_SURFACE_OXIDATION,soot.f90,SOOT_SURFACE_OXIDATION,412-472,1,1,0,0,1,0.002,,36975d7,,,,,
,K2,CALC_VARDEN_LEONARD_TERM,turb.f90,CALC_VARDEN_LEONARD_TERM,819-831,1,0,1,0,0,0.037,,36975d7,,,,,
,K2,COMPRESSION_WAVE,turb.f90,COMPRESSION_WAVE,187-194;195-202;203-210;211-218;221-227;228-234;235-241;242-248;250-256;257-263;264-270;271-277,12,0,12,0,0,0.084,,36975d7,,,,,
,K2,FILL_EDGES,turb.f90,FILL_EDGES,882-884;887-889;892-894;897-899;904-906;909-911;914-916;919-921;926-928;931-933;936-938;941-943,12,0,12,0,0,0.000,,36975d7,,,,,
,K2,SYNTHETIC_TURBULENCE,turb.f90,SYNTHETIC_TURBULENCE,1796-1861,1,0,0,0,1,0.572,,36975d7,,,,,
,K2,TENSOR_DIFFUSIVITY_MODEL,turb.f90,TENSOR_DIFFUSIVITY_MODEL,1323-1345;1347-1369;1371-1393;1414-1434;1436-1456;1458-1479,6,0,6,0,0,0.393,,36975d7,,,,,
,K2,TEST_FILTER,turb.f90,TEST_FILTER,979-995;1003-1019;1027-1043;1054-1059;1063-1068;1072-1077,6,0,6,0,0,0.855,,36975d7,,,,,
,K2,VARDEN_DYNSMAG,turb.f90,VARDEN_DYNSMAG,501-534;570-581;633-645;666-678;690-710,5,0,5,0,0,0.179,,36975d7,,,,,
,K2,FILL_BOUNDARY_VALUES,vege.f90,FILL_BOUNDARY_VALUES,678-699,1,0,0,0,1,0.000,,36975d7,,,,,
,K2,GET_BOUNDARY_VALUES,vege.f90,GET_BOUNDARY_VALUES,618-623;624-629;630-639,3,0,0,0,3,0.000,,36975d7,,,,,
,K2,LEVEL_SET_ADVECT_FLUX,vege.f90,LEVEL_SET_ADVECT_FLUX,885-894;896-905;907-914,3,0,3,0,0,0.000,,36975d7,,,,,
,K2,LEVEL_SET_SPREAD_RATE,vege.f90,LEVEL_SET_SPREAD_RATE,763-857,1,0,1,0,0,0.000,,36975d7,,,,,
,K2,BAROCLINIC_CORRECTION,velo.f90,BAROCLINIC_CORRECTION,3254-3261;3267-3275;3282-3290;3297-3305,4,0,4,0,0,0.044,,36975d7,,,,,
,K2,CHECK_STABILITY,velo.f90,CHECK_STABILITY,3059-3080;3093-3108;3121-3134,3,0,1,1,1,0.125,,36975d7,,,,,
,K2,COMPUTE_STRAIN_RATE,velo.f90,COMPUTE_STRAIN_RATE,413-435;440-483,2,0,1,0,1,0.124,,36975d7,,wall_strain_rate,,,
,K2,COMPUTE_VISCOSITY,velo.f90,COMPUTE_VISCOSITY,80-88;115-121;137-145;151-164;187-196;204-252;256-279;285-294;306-351;355-363,10,0,7,1,2,1.818,,36975d7,,mu_dns;up_deardorff;kres;wall_up_ghost,,,
,K2,CORIOLIS_FORCE,velo.f90,CORIOLIS_FORCE,970-978;981-987;992-1000;1006-1014;1020-1028,5,0,4,0,1,0.069,,36975d7,,wall_coriolis_ghost,,,
,K2,DIRECT_FORCE,velo.f90,DIRECT_FORCE,896-903;917-924;938-945,3,0,3,0,0,0.033,,36975d7,,,,,
,K2,MATCH_VELOCITY_FLUX,velo.f90,MATCH_VELOCITY_FLUX,2891-3015,1,0,0,0,1,0.994,,36975d7,,,,,
,K2,MMS_VELOCITY_FLUX,velo.f90,MMS_VELOCITY_FLUX,1040-1046;1048-1054,2,0,2,0,0,0.640,,36975d7,,,,,
,K2,NO_FLUX,velo.f90,NO_FLUX,1376-1400;1404-1459;1463-1559,3,0,0,1,2,0.829,,36975d7,,,,,
,K2,PATCH_VELOCITY_FLUX,velo.f90,PATCH_VELOCITY_FLUX,1081-1198,1,0,0,0,1,1.270,,36975d7,,,,,
,K2,VELOCITY_BC,velo.f90,VELOCITY_BC,1858-1897,1,0,0,0,1,0.795,,36975d7,,,,,
,K2,VELOCITY_CORRECTOR,velo.f90,VELOCITY_CORRECTOR,1724-1730;1734-1740;1744-1750;1770-1778;1779-1787,5,0,5,0,0,0.113,,36975d7,,,,,
,K2,VELOCITY_FLUX,velo.f90,VELOCITY_FLUX,619-639;649-653;662-714;720-772;778-830,5,0,1,0,4,0.758,,36975d7,,,,,
,K2,VELOCITY_FLUX_CYLINDRICAL,velo.f90,VELOCITY_FLUX_CYLINDRICAL,1243-1253;1270-1302;1306-1337,3,0,1,0,2,0.054,,36975d7,,,,,
,K2,VELOCITY_PREDICTOR,velo.f90,VELOCITY_PREDICTOR,1603-1609;1613-1619;1623-1629;1648-1656;1657-1665,5,0,5,0,0,0.113,,36975d7,,,,,
,K2,VISCOSITY_BC,velo.f90,VISCOSITY_BC,514-550,1,0,0,0,1,0.710,,36975d7,,,,,
,K2,WALL_VELOCITY_NO_GRADH,velo.f90,WALL_VELOCITY_NO_GRADH,3347-3368;3378-3408;3414-3450,3,0,0,0,3,0.057,,36975d7,,wall_un_store;wall_us_pred,,,
,K2,ASSIGN_GHOST_VALUE,wall.f90,ASSIGN_GHOST_VALUE,319-339,1,0,0,0,1,0.199,,36975d7,,,,,
,K2,HT3D_TEMPERATURE_EXCHANGE,wall.f90,HT3D_TEMPERATURE_EXCHANGE,3635-3677;3681-3717,2,0,0,0,2,0.965,,36975d7,,,,,
,K2,SURFACE_HEAT_TRANSFER,wall.f90,SURFACE_HEAT_TRANSFER,888-947,1,0,0,0,1,1.832,,36975d7,,,,,
,K2,WALL_BC,wall.f90,WALL_BC,109-119;124-137;144-185;192-194;247-271,5,1,0,0,5,5.488,,36975d7,,,,,
