field,parent_type,file,routine,access,via,n_refs,first_line,lines,callee,arg_evidence
BXF,MESH_TYPE,ccib.f90,CC_SCALARS::GET_FH_FROM_PRHS_AND_BCS,read,ptr,2,2158,2158;2199,,
BXF,MESH_TYPE,ccib.f90,CC_SCALARS::GET_PRES_CFACE_BCS,write,ptr,2,2389,2389;2559,,
BXF,MESH_TYPE,init.f90,INIT::INITIALIZE_POISSON_SOLVER,alloc,M,1,2449,2449,,
BXF,MESH_TYPE,init.f90,INIT::INITIALIZE_POISSON_SOLVER,write,M,1,2460,2460,,
BXF,MESH_TYPE,mesh.f90,MESH_POINTERS::POINT_TO_MESH,ptr_target,M,1,593,593,,
BXF,MESH_TYPE,pres.f90,PRES::PRESSURE_SOLVER_COMPUTE_RHS,write,ptr,5,83,83;106;128;194;196,,
BXF,MESH_TYPE,pres.f90,PRES::PRESSURE_SOLVER_FFT,arg_read,ptr,2,346,346;354,H3CZSS,H3CZSS(BDXF): no INTENT; body-read-only pois.f90:200
BXF,MESH_TYPE,pres.f90,PRES::PRESSURE_SOLVER_FFT,arg_read,ptr,4,348,348;365;375;386,H2CZSS,H2CZSS(BDXF): no INTENT; body-read-only pois.f90:6787
BXF,MESH_TYPE,pres.f90,PRES::PRESSURE_SOLVER_FFT,arg_read,ptr,1,349,349,H2CYSS,H2CYSS(BDRF): no INTENT; body-read-only pois.f90:7289
BXF,MESH_TYPE,pres.f90,PRES::PRESSURE_SOLVER_FFT,read,ptr,6,358,358;372;379;442;453;455,,
BXF,MESH_TYPE,pres.f90,PRES::PRESSURE_SOLVER_FFT,arg_read,ptr,1,368,368,H3CSSS,H3CSSS(BDRF): no INTENT; body-read-only pois.f90:4915
BXF,MESH_TYPE,pres.f90,PRES::PRESSURE_SOLVER_FFT,write,ptr,1,442,442,,
BXF,MESH_TYPE,pres.f90,PRES::TUNNEL_POISSON_SOLVER,read,M,3,586,586;594;605,,
BXF,MESH_TYPE,pres.f90,PRES::TUNNEL_POISSON_SOLVER,write,M,1,605,605,,
BXF,MESH_TYPE,pres.f90,LOCMAT_SOLVER::ULMAT_SOLVER_SETUP,inquiry,M,1,1281,1281,,
BXF,MESH_TYPE,pres.f90,LOCMAT_SOLVER::ULMAT_SOLVER_SETUP,dealloc,M,1,1281,1281,,
BXF,MESH_TYPE,pres.f90,LOCMAT_SOLVER::ULMAT_SOLVER_SETUP,alloc,M,1,1291,1291,,
BXF,MESH_TYPE,pres.f90,LOCMAT_SOLVER::ULMAT_SOLVER_SETUP,write,M,1,1299,1299,,
BXF,MESH_TYPE,pres.f90,LOCMAT_SOLVER::ULMAT_SOLVE_ZONE,read,ptr,5,1617,1617;1654;1927;1944;1980,,
BXF,MESH_TYPE,pres.f90,LOCMAT_SOLVER::ULMAT_SOLVE_ZONE,write,ptr,1,1927,1927,,
BXF,MESH_TYPE,pres.f90,GLOBMAT_SOLVER::GLMAT_SOLVER,read,ptr,2,3598,3598;3636,,
BXS,MESH_TYPE,ccib.f90,CC_SCALARS::GET_FH_FROM_PRHS_AND_BCS,read,ptr,2,2161,2161;2202,,
BXS,MESH_TYPE,ccib.f90,CC_SCALARS::GET_PRES_CFACE_BCS,write,ptr,2,2359,2359;2552,,
BXS,MESH_TYPE,init.f90,INIT::INITIALIZE_POISSON_SOLVER,alloc,M,1,2448,2448,,
BXS,MESH_TYPE,init.f90,INIT::INITIALIZE_POISSON_SOLVER,write,M,1,2459,2459,,
BXS,MESH_TYPE,mesh.f90,MESH_POINTERS::POINT_TO_MESH,ptr_target,M,1,592,592,,
BXS,MESH_TYPE,pres.f90,PRES::PRESSURE_SOLVER_COMPUTE_RHS,write,ptr,5,81,81;105;125;188;190,,
BXS,MESH_TYPE,pres.f90,PRES::PRESSURE_SOLVER_FFT,arg_read,ptr,2,346,346;354,H3CZSS,H3CZSS(BDXS): no INTENT; body-read-only pois.f90:200
BXS,MESH_TYPE,pres.f90,PRES::PRESSURE_SOLVER_FFT,arg_read,ptr,4,348,348;365;375;386,H2CZSS,H2CZSS(BDXS): no INTENT; body-read-only pois.f90:6786
BXS,MESH_TYPE,pres.f90,PRES::PRESSURE_SOLVER_FFT,arg_read,ptr,1,349,349,H2CYSS,H2CYSS(BDRS): no INTENT; body-read-only pois.f90:7276
BXS,MESH_TYPE,pres.f90,PRES::PRESSURE_SOLVER_FFT,read,ptr,6,357,357;371;378;441;452;454,,
BXS,MESH_TYPE,pres.f90,PRES::PRESSURE_SOLVER_FFT,arg_read,ptr,1,368,368,H3CSSS,H3CSSS(BDRS): no INTENT; body-read-only pois.f90:4915
BXS,MESH_TYPE,pres.f90,PRES::PRESSURE_SOLVER_FFT,write,ptr,1,441,441,,
BXS,MESH_TYPE,pres.f90,PRES::TUNNEL_POISSON_SOLVER,read,M,3,579,579;593;604,,
BXS,MESH_TYPE,pres.f90,PRES::TUNNEL_POISSON_SOLVER,write,M,1,604,604,,
BXS,MESH_TYPE,pres.f90,LOCMAT_SOLVER::ULMAT_SOLVER_SETUP,inquiry,M,1,1280,1280,,
BXS,MESH_TYPE,pres.f90,LOCMAT_SOLVER::ULMAT_SOLVER_SETUP,dealloc,M,1,1280,1280,,
BXS,MESH_TYPE,pres.f90,LOCMAT_SOLVER::ULMAT_SOLVER_SETUP,alloc,M,1,1290,1290,,
BXS,MESH_TYPE,pres.f90,LOCMAT_SOLVER::ULMAT_SOLVER_SETUP,write,M,1,1298,1298,,
BXS,MESH_TYPE,pres.f90,LOCMAT_SOLVER::ULMAT_SOLVE_ZONE,read,ptr,5,1620,1620;1657;1926;1946;1982,,
BXS,MESH_TYPE,pres.f90,LOCMAT_SOLVER::ULMAT_SOLVE_ZONE,write,ptr,1,1926,1926,,
BXS,MESH_TYPE,pres.f90,GLOBMAT_SOLVER::GLMAT_SOLVER,read,ptr,2,3600,3600;3638,,
BYF,MESH_TYPE,ccib.f90,CC_SCALARS::GET_FH_FROM_PRHS_AND_BCS,read,ptr,2,2164,2164;2205,,
BYF,MESH_TYPE,ccib.f90,CC_SCALARS::GET_PRES_CFACE_BCS,write,ptr,2,2449,2449;2573,,
BYF,MESH_TYPE,init.f90,INIT::INITIALIZE_POISSON_SOLVER,alloc,M,1,2451,2451,,
BYF,MESH_TYPE,init.f90,INIT::INITIALIZE_POISSON_SOLVER,write,M,1,2462,2462,,
BYF,MESH_TYPE,mesh.f90,MESH_POINTERS::POINT_TO_MESH,ptr_target,M,1,595,595,,
BYF,MESH_TYPE,pres.f90,PRES::PRESSURE_SOLVER_COMPUTE_RHS,write,ptr,5,87,87;108;134;206;208,,
BYF,MESH_TYPE,pres.f90,PRES::PRESSURE_SOLVER_FFT,arg_read,ptr,2,346,346;354,H3CZSS,H3CZSS(BDYF): no INTENT; body-read-only pois.f90:200
BYF,MESH_TYPE,pres.f90,PRES::PRESSURE_SOLVER_FFT,read,ptr,4,360,360;381;469;471,,
BYF,MESH_TYPE,pres.f90,PRES::PRESSURE_SOLVER_FFT,arg_read,ptr,2,368,368;373,H3CSSS,H3CSSS(BDTF): no INTENT; body-read-only pois.f90:4915
BYF,MESH_TYPE,pres.f90,PRES::PRESSURE_SOLVER_FFT,arg_read,ptr,1,386,386,H2CZSS,H2CZSS(BDYF): no INTENT; body-read-only pois.f90:6789
BYF,MESH_TYPE,pres.f90,LOCMAT_SOLVER::ULMAT_SOLVER_SETUP,inquiry,M,1,1283,1283,,
BYF,MESH_TYPE,pres.f90,LOCMAT_SOLVER::ULMAT_SOLVER_SETUP,dealloc,M,1,1283,1283,,
BYF,MESH_TYPE,pres.f90,LOCMAT_SOLVER::ULMAT_SOLVER_SETUP,alloc,M,1,1293,1293,,
BYF,MESH_TYPE,pres.f90,LOCMAT_SOLVER::ULMAT_SOLVER_SETUP,write,M,1,1301,1301,,
BYF,MESH_TYPE,pres.f90,LOCMAT_SOLVER::ULMAT_SOLVE_ZONE,read,ptr,4,1623,1623;1660;1948;1984,,
BYF,MESH_TYPE,pres.f90,GLOBMAT_SOLVER::GLMAT_SOLVER,read,ptr,2,3602,3602;3640,,
BYS,MESH_TYPE,ccib.f90,CC_SCALARS::GET_FH_FROM_PRHS_AND_BCS,read,ptr,2,2167,2167;2208,,
BYS,MESH_TYPE,ccib.f90,CC_SCALARS::GET_PRES_CFACE_BCS,write,ptr,2,2419,2419;2566,,
BYS,MESH_TYPE,init.f90,INIT::INITIALIZE_POISSON_SOLVER,alloc,M,1,2450,2450,,
BYS,MESH_TYPE,init.f90,INIT::INITIALIZE_POISSON_SOLVER,write,M,1,2461,2461,,
BYS,MESH_TYPE,mesh.f90,MESH_POINTERS::POINT_TO_MESH,ptr_target,M,1,594,594,,
BYS,MESH_TYPE,pres.f90,PRES::PRESSURE_SOLVER_COMPUTE_RHS,write,ptr,5,85,85;107;131;200;202,,
BYS,MESH_TYPE,pres.f90,PRES::PRESSURE_SOLVER_FFT,arg_read,ptr,2,346,346;354,H3CZSS,H3CZSS(BDYS): no INTENT; body-read-only pois.f90:200
BYS,MESH_TYPE,pres.f90,PRES::PRESSURE_SOLVER_FFT,read,ptr,4,359,359;380;468;470,,
BYS,MESH_TYPE,pres.f90,PRES::PRESSURE_SOLVER_FFT,arg_read,ptr,2,368,368;373,H3CSSS,H3CSSS(BDTS): no INTENT; body-read-only pois.f90:4915
BYS,MESH_TYPE,pres.f90,PRES::PRESSURE_SOLVER_FFT,arg_read,ptr,1,386,386,H2CZSS,H2CZSS(BDYS): no INTENT; body-read-only pois.f90:6788
BYS,MESH_TYPE,pres.f90,LOCMAT_SOLVER::ULMAT_SOLVER_SETUP,inquiry,M,1,1282,1282,,
BYS,MESH_TYPE,pres.f90,LOCMAT_SOLVER::ULMAT_SOLVER_SETUP,dealloc,M,1,1282,1282,,
BYS,MESH_TYPE,pres.f90,LOCMAT_SOLVER::ULMAT_SOLVER_SETUP,alloc,M,1,1292,1292,,
BYS,MESH_TYPE,pres.f90,LOCMAT_SOLVER::ULMAT_SOLVER_SETUP,write,M,1,1300,1300,,
BYS,MESH_TYPE,pres.f90,LOCMAT_SOLVER::ULMAT_SOLVE_ZONE,read,ptr,4,1626,1626;1663;1950;1986,,
BYS,MESH_TYPE,pres.f90,GLOBMAT_SOLVER::GLMAT_SOLVER,read,ptr,2,3604,3604;3642,,
BZF,MESH_TYPE,ccib.f90,CC_SCALARS::GET_FH_FROM_PRHS_AND_BCS,read,ptr,2,2170,2170;2211,,
BZF,MESH_TYPE,ccib.f90,CC_SCALARS::GET_PRES_CFACE_BCS,write,ptr,2,2509,2509;2587,,
BZF,MESH_TYPE,init.f90,INIT::INITIALIZE_POISSON_SOLVER,alloc,M,1,2453,2453,,
BZF,MESH_TYPE,init.f90,INIT::INITIALIZE_POISSON_SOLVER,write,M,1,2464,2464,,
BZF,MESH_TYPE,mesh.f90,MESH_POINTERS::POINT_TO_MESH,ptr_target,M,1,597,597,,
BZF,MESH_TYPE,pres.f90,PRES::PRESSURE_SOLVER_COMPUTE_RHS,write,ptr,5,91,91;110;140;218;220,,
BZF,MESH_TYPE,pres.f90,PRES::PRESSURE_SOLVER_FFT,arg_read,ptr,1,346,346,H3CZSS,H3CZSS(BDZF): no INTENT; body-read-only pois.f90:200
BZF,MESH_TYPE,pres.f90,PRES::PRESSURE_SOLVER_FFT,arg_read,ptr,3,348,348;365;375,H2CZSS,H2CZSS(BDYF): no INTENT; body-read-only pois.f90:6789
BZF,MESH_TYPE,pres.f90,PRES::PRESSURE_SOLVER_FFT,arg_read,ptr,1,349,349,H2CYSS,H2CYSS(BDZF): no INTENT; body-read-only pois.f90:7276
BZF,MESH_TYPE,pres.f90,PRES::PRESSURE_SOLVER_FFT,read,ptr,5,353,353;362;383;484;486,,
BZF,MESH_TYPE,pres.f90,PRES::PRESSURE_SOLVER_FFT,arg_read,ptr,2,368,368;373,H3CSSS,H3CSSS(BDPF): no INTENT; body-read-only pois.f90:4915
BZF,MESH_TYPE,pres.f90,LOCMAT_SOLVER::ULMAT_SOLVER_SETUP,inquiry,M,1,1285,1285,,
BZF,MESH_TYPE,pres.f90,LOCMAT_SOLVER::ULMAT_SOLVER_SETUP,dealloc,M,1,1285,1285,,
BZF,MESH_TYPE,pres.f90,LOCMAT_SOLVER::ULMAT_SOLVER_SETUP,alloc,M,1,1295,1295,,
BZF,MESH_TYPE,pres.f90,LOCMAT_SOLVER::ULMAT_SOLVER_SETUP,write,M,1,1303,1303,,
BZF,MESH_TYPE,pres.f90,LOCMAT_SOLVER::ULMAT_SOLVE_ZONE,read,ptr,4,1629,1629;1666;1952;1988,,
BZF,MESH_TYPE,pres.f90,GLOBMAT_SOLVER::GLMAT_SOLVER,read,ptr,2,3606,3606;3644,,
BZS,MESH_TYPE,ccib.f90,CC_SCALARS::GET_FH_FROM_PRHS_AND_BCS,read,ptr,2,2173,2173;2214,,
BZS,MESH_TYPE,ccib.f90,CC_SCALARS::GET_PRES_CFACE_BCS,write,ptr,2,2479,2479;2580,,
BZS,MESH_TYPE,init.f90,INIT::INITIALIZE_POISSON_SOLVER,alloc,M,1,2452,2452,,
BZS,MESH_TYPE,init.f90,INIT::INITIALIZE_POISSON_SOLVER,write,M,1,2463,2463,,
BZS,MESH_TYPE,mesh.f90,MESH_POINTERS::POINT_TO_MESH,ptr_target,M,1,596,596,,
BZS,MESH_TYPE,pres.f90,PRES::PRESSURE_SOLVER_COMPUTE_RHS,write,ptr,5,89,89;109;137;212;214,,
BZS,MESH_TYPE,pres.f90,PRES::PRESSURE_SOLVER_FFT,arg_read,ptr,1,346,346,H3CZSS,H3CZSS(BDZS): no INTENT; body-read-only pois.f90:200
BZS,MESH_TYPE,pres.f90,PRES::PRESSURE_SOLVER_FFT,arg_read,ptr,3,348,348;365;375,H2CZSS,H2CZSS(BDYS): no INTENT; body-read-only pois.f90:6788
BZS,MESH_TYPE,pres.f90,PRES::PRESSURE_SOLVER_FFT,arg_read,ptr,1,349,349,H2CYSS,H2CYSS(BDZS): no INTENT; body-read-only pois.f90:7290
BZS,MESH_TYPE,pres.f90,PRES::PRESSURE_SOLVER_FFT,read,ptr,5,352,352;361;382;483;485,,
BZS,MESH_TYPE,pres.f90,PRES::PRESSURE_SOLVER_FFT,arg_read,ptr,2,368,368;373,H3CSSS,H3CSSS(BDPS): no INTENT; body-read-only pois.f90:4915
BZS,MESH_TYPE,pres.f90,LOCMAT_SOLVER::ULMAT_SOLVER_SETUP,inquiry,M,1,1284,1284,,
BZS,MESH_TYPE,pres.f90,LOCMAT_SOLVER::ULMAT_SOLVER_SETUP,dealloc,M,1,1284,1284,,
BZS,MESH_TYPE,pres.f90,LOCMAT_SOLVER::ULMAT_SOLVER_SETUP,alloc,M,1,1294,1294,,
BZS,MESH_TYPE,pres.f90,LOCMAT_SOLVER::ULMAT_SOLVER_SETUP,write,M,1,1302,1302,,
BZS,MESH_TYPE,pres.f90,LOCMAT_SOLVER::ULMAT_SOLVE_ZONE,read,ptr,4,1632,1632;1669;1954;1990,,
BZS,MESH_TYPE,pres.f90,GLOBMAT_SOLVER::GLMAT_SOLVER,read,ptr,2,3608,3608;3646,,
D,MESH_TYPE,ccib.f90,CC_SCALARS::MESH_CC_EXCHANGE::FILL_GCCUTCELL_SPECIES,read,ptr,1,5069,5069,,
D,MESH_TYPE,ccib.f90,CC_SCALARS::INIT_CUTCELL_DATA,read,ptr,2,7827,7827;7869,,
D,MESH_TYPE,ccib.f90,CC_SCALARS::CC_DIVERGENCE_PART_1,ptr_target,ptr,1,8371,8371,,
D,MESH_TYPE,ccib.f90,CC_SCALARS::CC_DIVERGENCE_PART_1,ptr_target,alias:DP,1,8379,8379,,
D,MESH_TYPE,ccib.f90,CC_SCALARS::CC_DIVERGENCE_PART_1,write,alias:DPVOL,7,8387,8387;8474;8521;8559;8604;8627;8662,,
D,MESH_TYPE,ccib.f90,CC_SCALARS::CC_DIVERGENCE_PART_1,write,alias:DP,4,8418,8418;8777;8804;8827,,
D,MESH_TYPE,ccib.f90,CC_SCALARS::CC_DIVERGENCE_PART_1,read,alias:DPVOL,7,8474,8474;8521;8559;8604;8627;8662;8726,,
D,MESH_TYPE,ccib.f90,CC_SCALARS::CC_DIVERGENCE_PART_1::CCENTHALPY_ADVECTION,write,alias:DPVOL,15,9542,9542;9543;9570;9571;9598;9599;9661;9719;9778;9935;9975;10015;10116;10118;10120,,
D,MESH_TYPE,ccib.f90,CC_SCALARS::CC_DIVERGENCE_PART_1::CCENTHALPY_ADVECTION,read,alias:DPVOL,15,9542,9542;9543;9570;9571;9598;9599;9661;9719;9778;9935;9975;10015;10116;10118;10120,,
D,MESH_TYPE,ccib.f90,CC_SCALARS::CC_DIVERGENCE_PART_1::CC_DIFFUSIVE_HEAT_FLUXES,write,alias:DPVOL,16,10249,10249;10253;10279;10283;10308;10312;10343;10370;10397;10498;10502;10529;10533;10560;10564;10594,,
D,MESH_TYPE,ccib.f90,CC_SCALARS::CC_DIVERGENCE_PART_1::CC_DIFFUSIVE_HEAT_FLUXES,read,alias:DPVOL,16,10249,10249;10253;10279;10283;10308;10312;10343;10370;10397;10498;10502;10529;10533;10560;10564;10594,,
D,MESH_TYPE,ccib.f90,CC_SCALARS::CC_DIVERGENCE_PART_1::CC_CONDUCTION_HEAT_FLUX,write,alias:DPVOL,13,10670,10670;10671;10698;10699;10726;10727;10780;10825;10870;10959;10977;10995;11026,,
D,MESH_TYPE,ccib.f90,CC_SCALARS::CC_DIVERGENCE_PART_1::CC_CONDUCTION_HEAT_FLUX,read,alias:DPVOL,13,10670,10670;10671;10698;10699;10726;10727;10780;10825;10870;10959;10977;10995;11026,,
D,MESH_TYPE,ccib.f90,CC_SCALARS::CC_CHECK_DIVERGENCE,ptr_target,ptr,1,16309,16309,,
D,MESH_TYPE,ccib.f90,CC_SCALARS::CC_CHECK_DIVERGENCE,read,alias:DP,1,16324,16324,,
D,MESH_TYPE,divg.f90,DIVG::DIVERGENCE_PART_1,ptr_target,ptr,1,69,69,,
D,MESH_TYPE,divg.f90,DIVG::DIVERGENCE_PART_1,write,alias:DP,12,84,84;398;544;567;579;594;613;626;651;671;684;709,,
D,MESH_TYPE,divg.f90,DIVG::DIVERGENCE_PART_1,read,alias:DP,12,398,398;544;567;579;594;613;626;651;671;684;709;739,,
D,MESH_TYPE,divg.f90,DIVG::DIVERGENCE_PART_2,ptr_target,ptr,1,1464,1464,,
D,MESH_TYPE,divg.f90,DIVG::DIVERGENCE_PART_2,arg_readwrite,alias:DP,1,1537,1537,ADD_LINKEDCELL_D_PBAR_DT,ADD_LINKEDCELL_D_PBAR_DT(DIVG): INTENT(INOUT) ccib.f90:670
D,MESH_TYPE,divg.f90,DIVG::DIVERGENCE_PART_2,write,alias:DP,10,1540,1540;1554;1564;1589;1591;1593;1595;1597;1599;1602,,
D,MESH_TYPE,divg.f90,DIVG::DIVERGENCE_PART_2,read,alias:DP,10,1540,1540;1589;1591;1593;1595;1597;1599;1602;1619;1631,,
D,MESH_TYPE,divg.f90,DIVG::CHECK_DIVERGENCE,ptr_target,ptr,1,1663,1663,,
D,MESH_TYPE,divg.f90,DIVG::CHECK_DIVERGENCE,read,alias:DP,2,1666,1666;1689,,
D,MESH_TYPE,dump.f90,DUMP::DUMP_RESTART,read,ptr,1,3906,3906,,
D,MESH_TYPE,dump.f90,DUMP::READ_RESTART,write,ptr,1,4095,4095,,
D,MESH_TYPE,dump.f90,DUMP::GAS_PHASE_OUTPUT,read,ptr,1,8755,8755,,
D,MESH_TYPE,dump.f90,DUMP::SOLID_PHASE_OUTPUT,arg_read,ptr,1,10752,10752,TAU_WALL_IJ,TAU_WALL_IJ(DIVU): INTENT(IN) turb.f90:1541
D,MESH_TYPE,init.f90,INIT::INITIALIZE_MESH_VARIABLES_1,alloc,M,1,560,560,,
D,MESH_TYPE,init.f90,INIT::INITIALIZE_MESH_VARIABLES_1,write,M,1,793,793,,
D,MESH_TYPE,main.f90,FDS::MESH_EXCHANGE,ptr_target,M,1,3303,3303,,
D,MESH_TYPE,main.f90,FDS::MESH_EXCHANGE,read,alias:DP,2,3326,3326;3345,,
D,MESH_TYPE,mesh.f90,MESH_POINTERS::POINT_TO_MESH,ptr_target,M,1,520,520,,
D,MESH_TYPE,turb.f90,TURBULENCE::COMPRESSION_WAVE,write,ptr,2,214,214;274,,
D,MESH_TYPE,turb.f90,TURBULENCE::COMPRESSION_WAVE,read,ptr,1,215,215,,
D,MESH_TYPE,velo.f90,VELO::VISCOSITY_BC,write,ptr,1,548,548,,
D,MESH_TYPE,velo.f90,VELO::VELOCITY_FLUX,ptr_target,ptr,1,594,594,,
D,MESH_TYPE,velo.f90,VELO::VELOCITY_FLUX,read,alias:DP,6,703,703;706;761;764;819;822,,
D,MESH_TYPE,velo.f90,VELO::VELOCITY_FLUX_CYLINDRICAL,ptr_target,ptr,1,1234,1234,,
D,MESH_TYPE,velo.f90,VELO::VELOCITY_FLUX_CYLINDRICAL,read,alias:DP,4,1293,1293;1295;1329;1331,,
D,OMESH_TYPE,main.f90,FDS::INITIALIZE_MESH_EXCHANGE_1,alloc,OM,1,2207,2207,,
D,OMESH_TYPE,main.f90,FDS::INITIALIZE_MESH_EXCHANGE_1,write,OM,1,2209,2209,,
D,OMESH_TYPE,main.f90,FDS::MESH_EXCHANGE,ptr_target,M2,2,3337,3337;3708,,
D,OMESH_TYPE,main.f90,FDS::MESH_EXCHANGE,write,alias:DP2,1,3345,3345,,
D,OMESH_TYPE,main.f90,FDS::MESH_EXCHANGE,write,alias:DP,1,3728,3728,,
D,OMESH_TYPE,velo.f90,VELO::VISCOSITY_BC,read,OMESH,1,534,534,,
DDDT,MESH_TYPE,ccib.f90,CC_SCALARS::GET_RHSLHS_POISSON_RC,read,ptr,1,1306,1306,,
DDDT,MESH_TYPE,divg.f90,DIVG::DIVERGENCE_PART_2,write,ptr,2,1619,1619;1631,,
DDDT,MESH_TYPE,init.f90,INIT::INITIALIZE_MESH_VARIABLES_1,alloc,M,1,559,559,,
DDDT,MESH_TYPE,init.f90,INIT::INITIALIZE_MESH_VARIABLES_1,write,M,1,792,792,,
DDDT,MESH_TYPE,mesh.f90,MESH_POINTERS::POINT_TO_MESH,ptr_target,M,1,519,519,,
DDDT,MESH_TYPE,pres.f90,PRES::PRESSURE_SOLVER_COMPUTE_RHS,read,ptr,5,242,242;256;273;288;303,,
DDDT,MESH_TYPE,pres.f90,PRES::PRESSURE_SOLVER_CHECK_RESIDUALS,read,ptr,2,735,735;774,,
DDDT,MESH_TYPE,pres.f90,GLOBMAT_SOLVER::PRESSURE_SOLVER_CHECK_RESIDUALS_U,read,ptr,2,5954,5954;6010,,
DS,MESH_TYPE,ccib.f90,CC_SCALARS::CHECK_CFLVN_LINKED_CELLS,read,ptr,1,911,911,,
DS,MESH_TYPE,ccib.f90,CC_SCALARS::MESH_CC_EXCHANGE::FILL_GCCUTCELL_SPECIES,read,ptr,1,5075,5075,,
DS,MESH_TYPE,ccib.f90,CC_SCALARS::CC_DIVERGENCE_PART_1,ptr_target,ptr,1,8366,8366,,
DS,MESH_TYPE,ccib.f90,CC_SCALARS::CC_CHECK_DIVERGENCE,ptr_target,ptr,1,16302,16302,,
DS,MESH_TYPE,divg.f90,DIVG::DIVERGENCE_PART_1,ptr_target,ptr,1,61,61,,
DS,MESH_TYPE,divg.f90,DIVG::DIVERGENCE_PART_1,write,alias:DP,12,84,84;398;544;567;579;594;613;626;651;671;684;709,,
DS,MESH_TYPE,divg.f90,DIVG::DIVERGENCE_PART_1,read,alias:DP,12,398,398;544;567;579;594;613;626;651;671;684;709;739,,
DS,MESH_TYPE,divg.f90,DIVG::DIVERGENCE_PART_2,ptr_target,ptr,1,1461,1461,,
DS,MESH_TYPE,divg.f90,DIVG::DIVERGENCE_PART_2,arg_readwrite,alias:DP,1,1537,1537,ADD_LINKEDCELL_D_PBAR_DT,ADD_LINKEDCELL_D_PBAR_DT(DIVG): INTENT(INOUT) ccib.f90:670
DS,MESH_TYPE,divg.f90,DIVG::DIVERGENCE_PART_2,write,alias:DP,10,1540,1540;1554;1564;1589;1591;1593;1595;1597;1599;1602,,
DS,MESH_TYPE,divg.f90,DIVG::DIVERGENCE_PART_2,read,alias:DP,10,1540,1540;1589;1591;1593;1595;1597;1599;1602;1619;1631,,
DS,MESH_TYPE,divg.f90,DIVG::CHECK_DIVERGENCE,ptr_target,ptr,1,1658,1658,,
DS,MESH_TYPE,divg.f90,DIVG::CHECK_DIVERGENCE,read,alias:DP,2,1666,1666;1689,,
DS,MESH_TYPE,dump.f90,DUMP::DUMP_RESTART,read,ptr,1,3911,3911,,
DS,MESH_TYPE,dump.f90,DUMP::READ_RESTART,write,ptr,1,4100,4100,,
DS,MESH_TYPE,dump.f90,DUMP::GAS_PHASE_OUTPUT,read,ptr,4,8964,8964;8965;8966;9819,,
DS,MESH_TYPE,init.f90,INIT::INITIALIZE_MESH_VARIABLES_1,alloc,M,1,561,561,,
DS,MESH_TYPE,init.f90,INIT::INITIALIZE_MESH_VARIABLES_1,write,M,1,794,794,,
DS,MESH_TYPE,main.f90,FDS::WRITE_CFL_FILE,read,MESHES,1,1861,1861,,
DS,MESH_TYPE,main.f90,FDS::MESH_EXCHANGE,ptr_target,M,1,3305,3305,,
DS,MESH_TYPE,main.f90,FDS::MESH_EXCHANGE,read,alias:DP,2,3326,3326;3345,,
DS,MESH_TYPE,mesh.f90,MESH_POINTERS::POINT_TO_MESH,ptr_target,M,1,521,521,,
DS,MESH_TYPE,turb.f90,TURBULENCE::COMPRESSION_WAVE,write,ptr,2,215,215;245,,
DS,MESH_TYPE,velo.f90,VELO::VISCOSITY_BC,write,ptr,1,546,546,,
DS,MESH_TYPE,velo.f90,VELO::VELOCITY_FLUX,ptr_target,ptr,1,588,588,,
DS,MESH_TYPE,velo.f90,VELO::VELOCITY_FLUX,read,alias:DP,6,703,703;706;761;764;819;822,,
DS,MESH_TYPE,velo.f90,VELO::VELOCITY_FLUX_CYLINDRICAL,ptr_target,ptr,1,1229,1229,,
DS,MESH_TYPE,velo.f90,VELO::VELOCITY_FLUX_CYLINDRICAL,read,alias:DP,4,1293,1293;1295;1329;1331,,
DS,MESH_TYPE,velo.f90,VELO::CHECK_STABILITY,read,ptr,3,3067,3067;3068;3069,,
DS,OMESH_TYPE,main.f90,FDS::INITIALIZE_MESH_EXCHANGE_1,alloc,OM,1,2208,2208,,
DS,OMESH_TYPE,main.f90,FDS::INITIALIZE_MESH_EXCHANGE_1,write,OM,1,2210,2210,,
DS,OMESH_TYPE,main.f90,FDS::MESH_EXCHANGE,ptr_target,M2,2,3339,3339;3710,,
DS,OMESH_TYPE,main.f90,FDS::MESH_EXCHANGE,write,alias:DP2,1,3345,3345,,
DS,OMESH_TYPE,main.f90,FDS::MESH_EXCHANGE,write,alias:DP,1,3728,3728,,
DS,OMESH_TYPE,velo.f90,VELO::VISCOSITY_BC,read,OMESH,1,532,532,,
FVX,MESH_TYPE,ccib.f90,CC_SCALARS::GET_RHSLHS_POISSON_RC,read,ptr,2,1117,1117;1195,,
FVX,MESH_TYPE,ccib.f90,CC_SCALARS::CC_BAROCLINIC_CORRECTION,write,ptr,2,1677,1677;1750,,
FVX,MESH_TYPE,ccib.f90,CC_SCALARS::CC_BAROCLINIC_CORRECTION,read,ptr,2,1677,1677;1750,,
FVX,MESH_TYPE,ccib.f90,CC_SCALARS::CC_PROJECT_VELOCITY,read,ptr,4,2821,2821;2845;2960;2985,,
FVX,MESH_TYPE,ccib.f90,CC_SCALARS::CC_MATCH_VELOCITY_FLUX,write,ptr,2,5216,5216;5242,,
FVX,MESH_TYPE,ccib.f90,CC_SCALARS::CC_MATCH_VELOCITY_FLUX,read,ptr,2,5216,5216;5242,,
FVX,MESH_TYPE,ccib.f90,CC_SCALARS::ROTATED_CUBE_VELOCITY_FLUX,write,ptr,1,6162,6162,,
FVX,MESH_TYPE,ccib.f90,CC_SCALARS::ROTATED_CUBE_VELOCITY_FLUX,read,ptr,1,6162,6162,,
FVX,MESH_TYPE,ccib.f90,CC_SCALARS::CC_VELOCITY_FLUX,write,ptr,4,15060,15060;15090;15121;15171,,
FVX,MESH_TYPE,ccib.f90,CC_SCALARS::CC_VELOCITY_FLUX,read,ptr,3,15090,15090;15121;15171,,
FVX,MESH_TYPE,ccib.f90,CC_SCALARS::GET_LINKED_FV,ptr_target,ptr,1,15242,15242,,
FVX,MESH_TYPE,ccib.f90,CC_SCALARS::GET_LINKED_FV,read,alias:FVXP,2,15251,15251;15274,,
FVX,MESH_TYPE,ccib.f90,CC_SCALARS::GET_LINKED_FV,write,alias:FVXP,4,15315,15315;15326;15339;15352,,
FVX,MESH_TYPE,ccib.f90,CC_SCALARS::CC_STORE_FACE_FV,read,ptr,2,15598,15598;15618,,
FVX,MESH_TYPE,ccib.f90,CC_SCALARS::CC_COMPUTE_VELOCITY_ERROR,read,ptr,2,15746,15746;15748,,
FVX,MESH_TYPE,ccib.f90,CC_SCALARS::GET_FN_DIVERGENCE_CUTCELL,read,ptr,1,16623,16623,,
FVX,MESH_TYPE,dump.f90,DUMP::GAS_PHASE_OUTPUT,read,ptr,1,8697,8697,,
FVX,MESH_TYPE,init.f90,INIT::INITIALIZE_MESH_VARIABLES_1,alloc,M,1,543,543,,
FVX,MESH_TYPE,init.f90,INIT::INITIALIZE_MESH_VARIABLES_1,write,M,1,786,786,,
FVX,MESH_TYPE,main.f90,FDS::MESH_EXCHANGE,read,M,3,3362,3362;3365;3390,,
FVX,MESH_TYPE,mesh.f90,MESH_POINTERS::POINT_TO_MESH,ptr_target,M,1,525,525,,
FVX,MESH_TYPE,part.f90,PART::PARTICLE_MOMENTUM_TRANSFER,write,ptr,1,4767,4767,,
FVX,MESH_TYPE,part.f90,PART::PARTICLE_MOMENTUM_TRANSFER,read,ptr,1,4767,4767,,
FVX,MESH_TYPE,pres.f90,PRES::PRESSURE_SOLVER_COMPUTE_RHS,read,ptr,7,81,81;83;240;253;270;285;300,,
FVX,MESH_TYPE,pres.f90,PRES::PRESSURE_SOLVER_CHECK_RESIDUALS,read,ptr,2,732,732;771,,
FVX,MESH_TYPE,pres.f90,PRES::COMPUTE_VELOCITY_ERROR,read,ptr,4,878,878;880;893;895,,
FVX,MESH_TYPE,pres.f90,GLOBMAT_SOLVER::PRESSURE_SOLVER_CHECK_RESIDUALS_U,read,ptr,2,5951,5951;6007,,
FVX,MESH_TYPE,velo.f90,VELO::VELOCITY_FLUX,write,ptr,1,711,711,,
FVX,MESH_TYPE,velo.f90,VELO::VELOCITY_FLUX::DIRECT_FORCE,write,ptr,1,900,900,,
FVX,MESH_TYPE,velo.f90,VELO::VELOCITY_FLUX::DIRECT_FORCE,read,ptr,1,900,900,,
FVX,MESH_TYPE,velo.f90,VELO::VELOCITY_FLUX::CORIOLIS_FORCE,write,ptr,1,997,997,,
FVX,MESH_TYPE,velo.f90,VELO::VELOCITY_FLUX::CORIOLIS_FORCE,read,ptr,1,997,997,,
FVX,MESH_TYPE,velo.f90,VELO::VELOCITY_FLUX::MMS_VELOCITY_FLUX,write,ptr,1,1043,1043,,
FVX,MESH_TYPE,velo.f90,VELO::VELOCITY_FLUX::MMS_VELOCITY_FLUX,read,ptr,1,1043,1043,,
FVX,MESH_TYPE,velo.f90,VELO::VELOCITY_FLUX::PATCH_VELOCITY_FLUX,write,ptr,1,1124,1124,,
FVX,MESH_TYPE,velo.f90,VELO::VELOCITY_FLUX_CYLINDRICAL,write,ptr,1,1300,1300,,
FVX,MESH_TYPE,velo.f90,VELO::NO_FLUX,write,ptr,5,1419,1419;1503;1510;1545;1547,,
FVX,MESH_TYPE,velo.f90,VELO::VELOCITY_PREDICTOR,read,ptr,1,1606,1606,,
FVX,MESH_TYPE,velo.f90,VELO::VELOCITY_CORRECTOR,read,ptr,1,1727,1727,,
FVX,MESH_TYPE,velo.f90,VELO::MATCH_VELOCITY_FLUX,write,ptr,2,2951,2951;2963,,
FVX,MESH_TYPE,velo.f90,VELO::MATCH_VELOCITY_FLUX,read,ptr,2,2951,2951;2963,,
FVX,MESH_TYPE,velo.f90,VELO::BAROCLINIC_CORRECTION,write,ptr,2,3234,3234;3272,,
FVX,MESH_TYPE,velo.f90,VELO::BAROCLINIC_CORRECTION,read,ptr,2,3234,3234;3272,,
FVX,MESH_TYPE,velo.f90,VELO::WALL_VELOCITY_NO_GRADH,read,ptr,4,3395,3395;3397;3437;3439,,
FVX,OMESH_TYPE,ccib.f90,CC_SCALARS::CC_MATCH_VELOCITY_FLUX,read,OM,2,5211,5211;5237,,
FVX,OMESH_TYPE,ccib.f90,CC_SCALARS::CC_COMPUTE_VELOCITY_ERROR,read,OM,4,15813,15813;15842;15991;16022,,
FVX,OMESH_TYPE,main.f90,FDS::INITIALIZE_MESH_EXCHANGE_1,alloc,OM,1,2229,2229,,
FVX,OMESH_TYPE,main.f90,FDS::INITIALIZE_MESH_EXCHANGE_1,write,OM,1,2232,2232,,
FVX,OMESH_TYPE,main.f90,FDS::MESH_EXCHANGE,write,M2,3,3390,3390;3749;3752,,
FVX,OMESH_TYPE,pres.f90,PRES::COMPUTE_VELOCITY_ERROR,read,OM,4,927,927;936;984;993,,
FVX,OMESH_TYPE,velo.f90,VELO::MATCH_VELOCITY_FLUX,read,OM,2,2947,2947;2959,,
FVY,MESH_TYPE,ccib.f90,CC_SCALARS::GET_RHSLHS_POISSON_RC,read,ptr,2,1129,1129;1246,,
FVY,MESH_TYPE,ccib.f90,CC_SCALARS::CC_BAROCLINIC_CORRECTION,write,ptr,2,1678,1678;1751,,
FVY,MESH_TYPE,ccib.f90,CC_SCALARS::CC_BAROCLINIC_CORRECTION,read,ptr,2,1678,1678;1751,,
FVY,MESH_TYPE,ccib.f90,CC_SCALARS::CC_PROJECT_VELOCITY,read,ptr,4,2823,2823;2846;2963;2986,,
FVY,MESH_TYPE,ccib.f90,CC_SCALARS::CC_MATCH_VELOCITY_FLUX,write,ptr,2,5268,5268;5294,,
FVY,MESH_TYPE,ccib.f90,CC_SCALARS::CC_MATCH_VELOCITY_FLUX,read,ptr,2,5268,5268;5294,,
FVY,MESH_TYPE,ccib.f90,CC_SCALARS::CC_VELOCITY_FLUX,write,ptr,4,15061,15061;15093;15138;15186,,
FVY,MESH_TYPE,ccib.f90,CC_SCALARS::CC_VELOCITY_FLUX,read,ptr,3,15093,15093;15138;15186,,
FVY,MESH_TYPE,ccib.f90,CC_SCALARS::GET_LINKED_FV,ptr_target,ptr,1,15242,15242,,
FVY,MESH_TYPE,ccib.f90,CC_SCALARS::GET_LINKED_FV,read,alias:FVYP,2,15256,15256;15277,,
FVY,MESH_TYPE,ccib.f90,CC_SCALARS::GET_LINKED_FV,write,alias:FVYP,4,15316,15316;15327;15340;15353,,
FVY,MESH_TYPE,ccib.f90,CC_SCALARS::CC_STORE_FACE_FV,read,ptr,2,15600,15600;15620,,
FVY,MESH_TYPE,ccib.f90,CC_SCALARS::CC_COMPUTE_VELOCITY_ERROR,read,ptr,2,15756,15756;15758,,
FVY,MESH_TYPE,ccib.f90,CC_SCALARS::GET_FN_DIVERGENCE_CUTCELL,read,ptr,1,16626,16626,,
FVY,MESH_TYPE,dump.f90,DUMP::GAS_PHASE_OUTPUT,read,ptr,1,8699,8699,,
FVY,MESH_TYPE,init.f90,INIT::INITIALIZE_MESH_VARIABLES_1,alloc,M,1,544,544,,
FVY,MESH_TYPE,init.f90,INIT::INITIALIZE_MESH_VARIABLES_1,write,M,1,787,787,,
FVY,MESH_TYPE,main.f90,FDS::MESH_EXCHANGE,read,M,3,3368,3368;3371;3391,,
FVY,MESH_TYPE,mesh.f90,MESH_POINTERS::POINT_TO_MESH,ptr_target,M,1,526,526,,
FVY,MESH_TYPE,part.f90,PART::PARTICLE_MOMENTUM_TRANSFER,write,ptr,1,4768,4768,,
FVY,MESH_TYPE,part.f90,PART::PARTICLE_MOMENTUM_TRANSFER,read,ptr,1,4768,4768,,
FVY,MESH_TYPE,pres.f90,PRES::PRESSURE_SOLVER_COMPUTE_RHS,read,ptr,6,85,85;87;254;271;286;301,,
FVY,MESH_TYPE,pres.f90,PRES::PRESSURE_SOLVER_CHECK_RESIDUALS,read,ptr,2,733,733;772,,
FVY,MESH_TYPE,pres.f90,PRES::COMPUTE_VELOCITY_ERROR,read,ptr,4,882,882;884;897;899,,
FVY,MESH_TYPE,pres.f90,GLOBMAT_SOLVER::PRESSURE_SOLVER_CHECK_RESIDUALS_U,read,ptr,2,5952,5952;6008,,
FVY,MESH_TYPE,velo.f90,VELO::VELOCITY_FLUX,write,ptr,1,769,769,,
FVY,MESH_TYPE,velo.f90,VELO::VELOCITY_FLUX::DIRECT_FORCE,write,ptr,1,921,921,,
FVY,MESH_TYPE,velo.f90,VELO::VELOCITY_FLUX::DIRECT_FORCE,read,ptr,1,921,921,,
FVY,MESH_TYPE,velo.f90,VELO::VELOCITY_FLUX::CORIOLIS_FORCE,write,ptr,1,1011,1011,,
FVY,MESH_TYPE,velo.f90,VELO::VELOCITY_FLUX::CORIOLIS_FORCE,read,ptr,1,1011,1011,,
FVY,MESH_TYPE,velo.f90,VELO::VELOCITY_FLUX::PATCH_VELOCITY_FLUX,write,ptr,1,1158,1158,,
FVY,MESH_TYPE,velo.f90,VELO::NO_FLUX,write,ptr,5,1436,1436;1517;1524;1549;1551,,
FVY,MESH_TYPE,velo.f90,VELO::VELOCITY_PREDICTOR,read,ptr,1,1616,1616,,
FVY,MESH_TYPE,velo.f90,VELO::VELOCITY_CORRECTOR,read,ptr,1,1737,1737,,
FVY,MESH_TYPE,velo.f90,VELO::MATCH_VELOCITY_FLUX,write,ptr,2,2975,2975;2987,,
FVY,MESH_TYPE,velo.f90,VELO::MATCH_VELOCITY_FLUX,read,ptr,2,2975,2975;2987,,
FVY,MESH_TYPE,velo.f90,VELO::BAROCLINIC_CORRECTION,write,ptr,2,3235,3235;3287,,
FVY,MESH_TYPE,velo.f90,VELO::BAROCLINIC_CORRECTION,read,ptr,2,3235,3235;3287,,
FVY,MESH_TYPE,velo.f90,VELO::WALL_VELOCITY_NO_GRADH,read,ptr,4,3399,3399;3401;3441;3443,,
FVY,OMESH_TYPE,ccib.f90,CC_SCALARS::CC_MATCH_VELOCITY_FLUX,read,OM,2,5263,5263;5289,,
FVY,OMESH_TYPE,ccib.f90,CC_SCALARS::CC_COMPUTE_VELOCITY_ERROR,read,OM,4,15871,15871;15900;16053;16084,,
FVY,OMESH_TYPE,main.f90,FDS::INITIALIZE_MESH_EXCHANGE_1,alloc,OM,1,2230,2230,,
FVY,OMESH_TYPE,main.f90,FDS::INITIALIZE_MESH_EXCHANGE_1,write,OM,1,2233,2233,,
FVY,OMESH_TYPE,main.f90,FDS::MESH_EXCHANGE,write,M2,3,3391,3391;3755;3758,,
FVY,OMESH_TYPE,pres.f90,PRES::COMPUTE_VELOCITY_ERROR,read,OM,4,945,945;954;1002;1011,,
FVY,OMESH_TYPE,velo.f90,VELO::MATCH_VELOCITY_FLUX,read,OM,2,2971,2971;2983,,
FVZ,MESH_TYPE,ccib.f90,CC_SCALARS::GET_RHSLHS_POISSON_RC,read,ptr,2,1141,1141;1297,,
FVZ,MESH_TYPE,ccib.f90,CC_SCALARS::CC_BAROCLINIC_CORRECTION,write,ptr,2,1679,1679;1752,,
FVZ,MESH_TYPE,ccib.f90,CC_SCALARS::CC_BAROCLINIC_CORRECTION,read,ptr,2,1679,1679;1752,,
FVZ,MESH_TYPE,ccib.f90,CC_SCALARS::CC_PROJECT_VELOCITY,read,ptr,4,2825,2825;2847;2966;2987,,
FVZ,MESH_TYPE,ccib.f90,CC_SCALARS::CC_MATCH_VELOCITY_FLUX,write,ptr,2,5321,5321;5347,,
FVZ,MESH_TYPE,ccib.f90,CC_SCALARS::CC_MATCH_VELOCITY_FLUX,read,ptr,2,5321,5321;5347,,
FVZ,MESH_TYPE,ccib.f90,CC_SCALARS::ROTATED_CUBE_VELOCITY_FLUX,write,ptr,1,6208,6208,,
FVZ,MESH_TYPE,ccib.f90,CC_SCALARS::ROTATED_CUBE_VELOCITY_FLUX,read,ptr,1,6208,6208,,
FVZ,MESH_TYPE,ccib.f90,CC_SCALARS::CC_VELOCITY_FLUX,write,ptr,4,15062,15062;15096;15155;15201,,
FVZ,MESH_TYPE,ccib.f90,CC_SCALARS::CC_VELOCITY_FLUX,read,ptr,3,15096,15096;15155;15201,,
FVZ,MESH_TYPE,ccib.f90,CC_SCALARS::GET_LINKED_FV,ptr_target,ptr,1,15242,15242,,
FVZ,MESH_TYPE,ccib.f90,CC_SCALARS::GET_LINKED_FV,read,alias:FVZP,2,15261,15261;15280,,
FVZ,MESH_TYPE,ccib.f90,CC_SCALARS::GET_LINKED_FV,write,alias:FVZP,4,15317,15317;15328;15341;15354,,
FVZ,MESH_TYPE,ccib.f90,CC_SCALARS::CC_STORE_FACE_FV,read,ptr,2,15602,15602;15622,,
FVZ,MESH_TYPE,ccib.f90,CC_SCALARS::CC_COMPUTE_VELOCITY_ERROR,read,ptr,2,15766,15766;15768,,
FVZ,MESH_TYPE,ccib.f90,CC_SCALARS::GET_FN_DIVERGENCE_CUTCELL,read,ptr,1,16629,16629,,
FVZ,MESH_TYPE,dump.f90,DUMP::GAS_PHASE_OUTPUT,read,ptr,1,8701,8701,,
FVZ,MESH_TYPE,init.f90,INIT::INITIALIZE_MESH_VARIABLES_1,alloc,M,1,545,545,,
FVZ,MESH_TYPE,init.f90,INIT::INITIALIZE_MESH_VARIABLES_1,write,M,1,788,788,,
FVZ,MESH_TYPE,main.f90,FDS::MESH_EXCHANGE,read,M,3,3374,3374;3377;3392,,
FVZ,MESH_TYPE,mesh.f90,MESH_POINTERS::POINT_TO_MESH,ptr_target,M,1,527,527,,
FVZ,MESH_TYPE,part.f90,PART::PARTICLE_MOMENTUM_TRANSFER,write,ptr,1,4769,4769,,
FVZ,MESH_TYPE,part.f90,PART::PARTICLE_MOMENTUM_TRANSFER,read,ptr,1,4769,4769,,
FVZ,MESH_TYPE,pres.f90,PRES::PRESSURE_SOLVER_COMPUTE_RHS,read,ptr,7,89,89;91;241;255;272;287;302,,
FVZ,MESH_TYPE,pres.f90,PRES::PRESSURE_SOLVER_CHECK_RESIDUALS,read,ptr,2,734,734;773,,
FVZ,MESH_TYPE,pres.f90,PRES::COMPUTE_VELOCITY_ERROR,read,ptr,4,886,886;888;901;903,,
FVZ,MESH_TYPE,pres.f90,GLOBMAT_SOLVER::PRESSURE_SOLVER_CHECK_RESIDUALS_U,read,ptr,2,5953,5953;6009,,
FVZ,MESH_TYPE,velo.f90,VELO::VELOCITY_FLUX,write,ptr,1,827,827,,
FVZ,MESH_TYPE,velo.f90,VELO::VELOCITY_FLUX::DIRECT_FORCE,write,ptr,1,942,942,,
FVZ,MESH_TYPE,velo.f90,VELO::VELOCITY_FLUX::DIRECT_FORCE,read,ptr,1,942,942,,
FVZ,MESH_TYPE,velo.f90,VELO::VELOCITY_FLUX::CORIOLIS_FORCE,write,ptr,1,1025,1025,,
FVZ,MESH_TYPE,velo.f90,VELO::VELOCITY_FLUX::CORIOLIS_FORCE,read,ptr,1,1025,1025,,
FVZ,MESH_TYPE,velo.f90,VELO::VELOCITY_FLUX::MMS_VELOCITY_FLUX,write,ptr,1,1051,1051,,
FVZ,MESH_TYPE,velo.f90,VELO::VELOCITY_FLUX::MMS_VELOCITY_FLUX,read,ptr,1,1051,1051,,
FVZ,MESH_TYPE,velo.f90,VELO::VELOCITY_FLUX::PATCH_VELOCITY_FLUX,write,ptr,1,1191,1191,,
FVZ,MESH_TYPE,velo.f90,VELO::VELOCITY_FLUX_CYLINDRICAL,write,ptr,1,1335,1335,,
FVZ,MESH_TYPE,velo.f90,VELO::NO_FLUX,write,ptr,5,1453,1453;1531;1538;1553;1555,,
FVZ,MESH_TYPE,velo.f90,VELO::VELOCITY_PREDICTOR,read,ptr,1,1626,1626,,
FVZ,MESH_TYPE,velo.f90,VELO::VELOCITY_CORRECTOR,read,ptr,1,1747,1747,,
FVZ,MESH_TYPE,velo.f90,VELO::MATCH_VELOCITY_FLUX,write,ptr,2,2999,2999;3011,,
FVZ,MESH_TYPE,velo.f90,VELO::MATCH_VELOCITY_FLUX,read,ptr,2,2999,2999;3011,,
FVZ,MESH_TYPE,velo.f90,VELO::BAROCLINIC_CORRECTION,write,ptr,2,3236,3236;3302,,
FVZ,MESH_TYPE,velo.f90,VELO::BAROCLINIC_CORRECTION,read,ptr,2,3236,3236;3302,,
FVZ,MESH_TYPE,velo.f90,VELO::WALL_VELOCITY_NO_GRADH,read,ptr,4,3403,3403;3405;3445;3447,,
FVZ,OMESH_TYPE,ccib.f90,CC_SCALARS::CC_MATCH_VELOCITY_FLUX,read,OM,2,5316,5316;5342,,
FVZ,OMESH_TYPE,ccib.f90,CC_SCALARS::CC_COMPUTE_VELOCITY_ERROR,read,OM,4,15929,15929;15958;16115;16146,,
FVZ,OMESH_TYPE,main.f90,FDS::INITIALIZE_MESH_EXCHANGE_1,alloc,OM,1,2231,2231,,
FVZ,OMESH_TYPE,main.f90,FDS::INITIALIZE_MESH_EXCHANGE_1,write,OM,1,2234,2234,,
FVZ,OMESH_TYPE,main.f90,FDS::MESH_EXCHANGE,write,M2,3,3392,3392;3761;3764,,
FVZ,OMESH_TYPE,pres.f90,PRES::COMPUTE_VELOCITY_ERROR,read,OM,4,963,963;972;1020;1029,,
FVZ,OMESH_TYPE,velo.f90,VELO::MATCH_VELOCITY_FLUX,read,OM,2,2995,2995;3007,,
H,MESH_TYPE,ccib.f90,CC_SCALARS::CC_BAROCLINIC_CORRECTION,ptr_target,ptr,1,1669,1669,,
H,MESH_TYPE,ccib.f90,CC_SCALARS::GET_PRES_CFACE_BCS,ptr_target,ptr,1,2269,2269,,
H,MESH_TYPE,ccib.f90,CC_SCALARS::GET_PRES_CFACE_BCS,read,alias:HP,6,2358,2358;2388;2418;2448;2478;2508,,
H,MESH_TYPE,ccib.f90,CC_SCALARS::CC_PROJECT_VELOCITY,read,ptr,9,2748,2748;2776;2803;2821;2823;2825;2845;2846;2847,,
H,MESH_TYPE,ccib.f90,CC_SCALARS::MESH_CC_EXCHANGE,read,M,6,4417,4417;4425;4439;4445;4671;4683,,
H,MESH_TYPE,ccib.f90,CC_SCALARS::GET_PRES_CFACE,read,ptr,1,6799,6799,,
H,MESH_TYPE,ccib.f90,CC_SCALARS::GET_PRES_CFACE_TEST,read,ptr,1,6834,6834,,
H,MESH_TYPE,ccib.f90,CC_SCALARS::CC_H_INTERP,ptr_target,ptr,1,7058,7058,,
H,MESH_TYPE,ccib.f90,CC_SCALARS::CC_H_INTERP,read,alias:HP,5,7083,7083;7085;7093;7095;7109,,
H,MESH_TYPE,ccib.f90,CC_SCALARS::CC_H_INTERP,write,alias:HP,1,7102,7102,,
H,MESH_TYPE,ccib.f90,CC_SCALARS::CC_NO_FLUX,ptr_target,ptr,1,15456,15456,,
H,MESH_TYPE,ccib.f90,CC_SCALARS::CC_NO_FLUX,read,alias:HP,3,15478,15478;15489;15500,,
H,MESH_TYPE,ccib.f90,CC_SCALARS::CC_COMPUTE_VELOCITY_ERROR,read,ptr,6,15703,15703;15708;15713;15746;15756;15766,,
H,MESH_TYPE,dump.f90,DUMP::DUMP_RESTART,read,ptr,1,3907,3907,,
H,MESH_TYPE,dump.f90,DUMP::READ_RESTART,write,ptr,1,4096,4096,,
H,MESH_TYPE,dump.f90,DUMP::GAS_PHASE_OUTPUT,read,ptr,3,8712,8712;8730;9846,,
H,MESH_TYPE,dump.f90,DUMP::SOLID_PHASE_OUTPUT,read,ptr,9,10265,10265;10645;10653;10659;10665;10671;10677;10683;10778,,
H,MESH_TYPE,dump.f90,DUMP::DUMP_ROTCUBE_MMS,read,ptr,4,13009,13009;13010;13082;13083,,
H,MESH_TYPE,dump.f90,DUMP::DUMP_MMS,read,ptr,1,13132,13132,,
H,MESH_TYPE,fire.f90,FIRE::COMBUSTION_GENERAL_LOAD_BALANCED,read,ptr,4,127,127;161;258;281,,
H,MESH_TYPE,fire.f90,FIRE::DISTRIBUTE_CELLS_ACCROSS_MPI_PROCESSES,read,ptr,2,613,613;635,,
H,MESH_TYPE,hvac.f90,HVAC_ROUTINES::HVAC_BC_IN,ptr_target,ptr,1,2327,2327,,
H,MESH_TYPE,hvac.f90,HVAC_ROUTINES::HVAC_BC_IN::INITIALIZE_HVAC,read,alias:HP,1,2458,2458,,
H,MESH_TYPE,init.f90,INIT::INITIALIZE_MESH_VARIABLES_1,alloc,M,1,556,556,,
H,MESH_TYPE,init.f90,INIT::INITIALIZE_MESH_VARIABLES_1,write,M,1,790,790,,
H,MESH_TYPE,main.f90,FDS::MESH_EXCHANGE,ptr_target,M,2,3354,3354;3427,,
H,MESH_TYPE,main.f90,FDS::MESH_EXCHANGE,read,alias:HP,15,3363,3363;3364;3366;3367;3369;3370;3372;3373;3375;3376;3378;3379;3393;3435;3451,,
H,MESH_TYPE,mesh.f90,MESH_POINTERS::POINT_TO_MESH,ptr_target,M,1,522,522,,
H,MESH_TYPE,pres.f90,PRES::PRESSURE_SOLVER_COMPUTE_RHS,ptr_target,ptr,1,44,44,,
H,MESH_TYPE,pres.f90,PRES::PRESSURE_SOLVER_COMPUTE_RHS,read,alias:HP,18,105,105;106;107;108;109;110;125;128;131;134;137;140;176;177;178;179;180;181,,
H,MESH_TYPE,pres.f90,PRES::PRESSURE_SOLVER_FFT,ptr_target,ptr,1,336,336,,
H,MESH_TYPE,pres.f90,PRES::PRESSURE_SOLVER_FFT,write,alias:HP,24,397,397;407;417;427;439;452;453;454;455;456;458;459;468;469;470;471;473;474;483;484;485;486;488;489,,
H,MESH_TYPE,pres.f90,PRES::PRESSURE_SOLVER_FFT,read,alias:HP,20,439,439;452;453;454;455;456;458;459;468;469;470;471;473;474;483;484;485;486;488;489,,
H,MESH_TYPE,pres.f90,PRES::PRESSURE_SOLVER_CHECK_RESIDUALS,ptr_target,ptr,1,717,717,,
H,MESH_TYPE,pres.f90,PRES::PRESSURE_SOLVER_CHECK_RESIDUALS,read,alias:HP,4,736,736;737;738;761,,
H,MESH_TYPE,pres.f90,PRES::COMPUTE_VELOCITY_ERROR,read,ptr,6,878,878;880;882;884;886;888,,
H,MESH_TYPE,pres.f90,LOCMAT_SOLVER::ULMAT_SOLVE_ZONE,ptr_target,ptr,1,1884,1884,,
H,MESH_TYPE,pres.f90,LOCMAT_SOLVER::ULMAT_SOLVE_ZONE,write,alias:HP,22,1892,1892;1905;1918;1924;1944;1946;1948;1950;1952;1954;1965;1967;1969;1971;1973;1975;1980;1982;1984;1986;1988;1990,,
H,MESH_TYPE,pres.f90,LOCMAT_SOLVER::ULMAT_SOLVE_ZONE,read,alias:HP,19,1924,1924;1944;1946;1948;1950;1952;1954;1965;1967;1969;1971;1973;1975;1980;1982;1984;1986;1988;1990,,
H,MESH_TYPE,pres.f90,LOCMAT_SOLVER::ULMAT_SOLVE_ZONE,arg_readwrite,alias:HP,1,1996,1996,GET_H_GUARD_CUTCELL,GET_H_GUARD_CUTCELL(HP): INTENT(INOUT) ccib.f90:512
H,MESH_TYPE,pres.f90,GLOBMAT_SOLVER::GLMAT_SOLVER,ptr_target,ptr,1,3566,3566,,
H,MESH_TYPE,pres.f90,GLOBMAT_SOLVER::GLMAT_SOLVER,write,alias:HP,19,3577,3577;3598;3600;3602;3604;3606;3608;3621;3623;3625;3627;3629;3631;3636;3638;3640;3642;3644;3646,,
H,MESH_TYPE,pres.f90,GLOBMAT_SOLVER::GLMAT_SOLVER,arg_readwrite,alias:HP,1,3581,3581,GET_CUTCELL_HP,GET_CUTCELL_HP(HP): INTENT(INOUT) ccib.f90:20482
H,MESH_TYPE,pres.f90,GLOBMAT_SOLVER::GLMAT_SOLVER,read,alias:HP,18,3598,3598;3600;3602;3604;3606;3608;3621;3623;3625;3627;3629;3631;3636;3638;3640;3642;3644;3646,,
H,MESH_TYPE,pres.f90,GLOBMAT_SOLVER::COPY_H_OMESH_TO_MESH,read,ptr,3,4119,4119;4129;4130,,
H,MESH_TYPE,pres.f90,GLOBMAT_SOLVER::COPY_H_OMESH_TO_MESH,write,ptr,1,4130,4130,,
H,MESH_TYPE,pres.f90,GLOBMAT_SOLVER::COPY_H_OMESH_TO_MESH,arg_readwrite,ptr,1,4134,4134,GET_H_GUARD_CUTCELL,GET_H_GUARD_CUTCELL(HP): INTENT(INOUT) ccib.f90:512
H,MESH_TYPE,pres.f90,GLOBMAT_SOLVER::PRESSURE_SOLVER_CHECK_RESIDUALS_U,ptr_target,ptr,1,5908,5908,,
H,MESH_TYPE,pres.f90,GLOBMAT_SOLVER::PRESSURE_SOLVER_CHECK_RESIDUALS_U,arg_read,alias:HP,2,5929,5929;5986,UNSTRUCTURED_POISSON_RESIDUAL,UNSTRUCTURED_POISSON_RESIDUAL(HP): INTENT(IN) ccib.f90:1321
H,MESH_TYPE,pres.f90,GLOBMAT_SOLVER::PRESSURE_SOLVER_CHECK_RESIDUALS_U,arg_read,alias:HP,2,5933,5933;5990,UNSTRUCTURED_POISSON_RESIDUAL_RC,UNSTRUCTURED_POISSON_RESIDUAL_RC(HP): INTENT(IN) ccib.f90:1076
H,MESH_TYPE,pres.f90,GLOBMAT_SOLVER::PRESSURE_SOLVER_CHECK_RESIDUALS_U,read,alias:HP,5,5955,5955;5956;5957;5958;5972,,
H,MESH_TYPE,pres.f90,GLOBMAT_SOLVER::PRESSURE_SOLVER_CHECK_RESIDUALS_U,arg_read,alias:HP,1,5974,5974,COMPUTE_LINKED_CUTFACE_BAROCLINIC,COMPUTE_LINKED_CUTFACE_BAROCLINIC(HP): INTENT(IN) ccib.f90:1860
H,MESH_TYPE,radi.f90,RAD::COMPUTE_RADIATION::RADIATION_FVM,read,ptr,1,4065,4065,,
H,MESH_TYPE,turb.f90,TURBULENCE::NS_ANALYTICAL_SOLUTION,write,ptr,1,135,135,,
H,MESH_TYPE,turb.f90,MANUFACTURED_SOLUTIONS::SHUNN_MMS_3,write,ptr,1,3402,3402,,
H,MESH_TYPE,velo.f90,VELO::VELOCITY_FLUX::PATCH_VELOCITY_FLUX,ptr_target,ptr,1,1078,1078,,
H,MESH_TYPE,velo.f90,VELO::VELOCITY_FLUX::PATCH_VELOCITY_FLUX,read,alias:HP,3,1124,1124;1158;1191,,
H,MESH_TYPE,velo.f90,VELO::NO_FLUX,ptr_target,ptr,1,1369,1369,,
H,MESH_TYPE,velo.f90,VELO::NO_FLUX,write,alias:HP,1,1399,1399,,
H,MESH_TYPE,velo.f90,VELO::NO_FLUX,read,alias:HP,9,1419,1419;1436;1453;1503;1510;1517;1524;1531;1538,,
H,MESH_TYPE,velo.f90,VELO::VELOCITY_PREDICTOR,read,ptr,3,1606,1606;1616;1626,,
H,MESH_TYPE,velo.f90,VELO::BAROCLINIC_CORRECTION,ptr_target,ptr,1,3244,3244,,
H,MESH_TYPE,velo.f90,VELO::BAROCLINIC_CORRECTION,read,alias:HP,1,3257,3257,,
H,OMESH_TYPE,ccib.f90,CC_SCALARS::GET_H_GUARD_CUTCELL,read,OM,1,611,611,,
H,OMESH_TYPE,ccib.f90,CC_SCALARS::GET_PRES_CFACE_BCS,read,OMESH,6,2351,2351;2381;2411;2441;2471;2501,,
H,OMESH_TYPE,ccib.f90,CC_SCALARS::CC_COMPUTE_VELOCITY_ERROR,read,OM,12,15803,15803;15813;15832;15842;15861;15871;15890;15900;15919;15929;15948;15958,,
H,OMESH_TYPE,dump.f90,DUMP::DUMP_RESTART,read,M2,1,4020,4020,,
H,OMESH_TYPE,dump.f90,DUMP::READ_RESTART,write,M2,1,4253,4253,,
H,OMESH_TYPE,main.f90,FDS::INITIALIZE_MESH_EXCHANGE_1,alloc,OM,1,2213,2213,,
H,OMESH_TYPE,main.f90,FDS::INITIALIZE_MESH_EXCHANGE_1,write,OM,1,2215,2215,,
H,OMESH_TYPE,main.f90,FDS::MESH_EXCHANGE,ptr_target,M2,4,3386,3386;3449;3743;3796,,
H,OMESH_TYPE,main.f90,FDS::MESH_EXCHANGE,write,alias:HP2,3,3393,3393;3451;3802,,
H,OMESH_TYPE,main.f90,FDS::MESH_EXCHANGE,write,alias:HP,12,3750,3750;3751;3753;3754;3756;3757;3759;3760;3762;3763;3765;3766,,
H,OMESH_TYPE,pres.f90,PRES::COMPUTE_VELOCITY_ERROR,read,OM,6,927,927;936;945;954;963;972,,
H,OMESH_TYPE,pres.f90,GLOBMAT_SOLVER::COPY_H_OMESH_TO_MESH,read,OM,1,4117,4117,,
H,OMESH_TYPE,velo.f90,VELO::NO_FLUX,ptr_target,OMESH,1,1382,1382,,
H,OMESH_TYPE,velo.f90,VELO::NO_FLUX,read,alias:OM_HP,1,1394,1394,,
HS,MESH_TYPE,ccib.f90,CC_SCALARS::CC_BAROCLINIC_CORRECTION,ptr_target,ptr,1,1673,1673,,
HS,MESH_TYPE,ccib.f90,CC_SCALARS::CC_BAROCLINIC_CORRECTION,arg_read,alias:HP,1,1712,1712,GET_CUTFACE_BAROCLINIC_TORQUE,GET_CUTFACE_BAROCLINIC_TORQUE(HP): INTENT(IN) ccib.f90:1779
HS,MESH_TYPE,ccib.f90,CC_SCALARS::CC_BAROCLINIC_CORRECTION,arg_read,alias:HP,1,1735,1735,GET_RCFACE_BAROCLINIC_TORQUE,GET_RCFACE_BAROCLINIC_TORQUE(HP): INTENT(IN) ccib.f90:1817
HS,MESH_TYPE,ccib.f90,CC_SCALARS::GET_PRES_CFACE_BCS,ptr_target,ptr,1,2274,2274,,
HS,MESH_TYPE,ccib.f90,CC_SCALARS::GET_PRES_CFACE_BCS,read,alias:HP,6,2358,2358;2388;2418;2448;2478;2508,,
HS,MESH_TYPE,ccib.f90,CC_SCALARS::CC_PROJECT_VELOCITY,read,ptr,9,2883,2883;2912;2941;2960;2963;2966;2985;2986;2987,,
HS,MESH_TYPE,ccib.f90,CC_SCALARS::MESH_CC_EXCHANGE,read,M,6,4213,4213;4221;4235;4241;4702;4714,,
HS,MESH_TYPE,ccib.f90,CC_SCALARS::CC_H_INTERP,ptr_target,ptr,1,7063,7063,,
HS,MESH_TYPE,ccib.f90,CC_SCALARS::CC_H_INTERP,read,alias:HP,5,7083,7083;7085;7093;7095;7109,,
HS,MESH_TYPE,ccib.f90,CC_SCALARS::CC_H_INTERP,write,alias:HP,1,7102,7102,,
HS,MESH_TYPE,ccib.f90,CC_SCALARS::CC_NO_FLUX,ptr_target,ptr,1,15457,15457,,
HS,MESH_TYPE,ccib.f90,CC_SCALARS::CC_NO_FLUX,read,alias:HP,3,15478,15478;15489;15500,,
HS,MESH_TYPE,ccib.f90,CC_SCALARS::CC_COMPUTE_VELOCITY_ERROR,read,ptr,6,15721,15721;15726;15731;15748;15758;15768,,
HS,MESH_TYPE,ccib.f90,CC_SCALARS::COPY_CC_UNKH_TO_HS,write,ptr,1,22944,22944,,
HS,MESH_TYPE,dump.f90,DUMP::DUMP_RESTART,read,ptr,1,3912,3912,,
HS,MESH_TYPE,dump.f90,DUMP::READ_RESTART,write,ptr,1,4101,4101,,
HS,MESH_TYPE,dump.f90,DUMP::GAS_PHASE_OUTPUT,read,ptr,6,8712,8712;8730;8789;9839;9841;9843,,
HS,MESH_TYPE,hvac.f90,HVAC_ROUTINES::HVAC_BC_IN,ptr_target,ptr,1,2334,2334,,
HS,MESH_TYPE,hvac.f90,HVAC_ROUTINES::HVAC_BC_IN::INITIALIZE_HVAC,read,alias:HP,1,2458,2458,,
HS,MESH_TYPE,init.f90,INIT::INITIALIZE_MESH_VARIABLES_1,alloc,M,1,557,557,,
HS,MESH_TYPE,init.f90,INIT::INITIALIZE_MESH_VARIABLES_1,write,M,1,791,791,,
HS,MESH_TYPE,main.f90,FDS::MESH_EXCHANGE,ptr_target,M,2,3356,3356;3425,,
HS,MESH_TYPE,main.f90,FDS::MESH_EXCHANGE,read,alias:HP,15,3363,3363;3364;3366;3367;3369;3370;3372;3373;3375;3376;3378;3379;3393;3435;3451,,
HS,MESH_TYPE,mesh.f90,MESH_POINTERS::POINT_TO_MESH,ptr_target,M,1,523,523,,
HS,MESH_TYPE,pres.f90,PRES::PRESSURE_SOLVER_COMPUTE_RHS,ptr_target,ptr,1,50,50,,
HS,MESH_TYPE,pres.f90,PRES::PRESSURE_SOLVER_COMPUTE_RHS,read,alias:HP,18,105,105;106;107;108;109;110;125;128;131;134;137;140;176;177;178;179;180;181,,
HS,MESH_TYPE,pres.f90,PRES::PRESSURE_SOLVER_FFT,ptr_target,ptr,1,338,338,,
HS,MESH_TYPE,pres.f90,PRES::PRESSURE_SOLVER_FFT,write,alias:HP,24,397,397;407;417;427;439;452;453;454;455;456;458;459;468;469;470;471;473;474;483;484;485;486;488;489,,
HS,MESH_TYPE,pres.f90,PRES::PRESSURE_SOLVER_FFT,read,alias:HP,20,439,439;452;453;454;455;456;458;459;468;469;470;471;473;474;483;484;485;486;488;489,,
HS,MESH_TYPE,pres.f90,PRES::PRESSURE_SOLVER_CHECK_RESIDUALS,ptr_target,ptr,1,720,720,,
HS,MESH_TYPE,pres.f90,PRES::PRESSURE_SOLVER_CHECK_RESIDUALS,read,alias:HP,4,736,736;737;738;761,,
HS,MESH_TYPE,pres.f90,PRES::COMPUTE_VELOCITY_ERROR,read,ptr,6,893,893;895;897;899;901;903,,
HS,MESH_TYPE,pres.f90,LOCMAT_SOLVER::ULMAT_SOLVE_ZONE,ptr_target,ptr,1,1886,1886,,
HS,MESH_TYPE,pres.f90,LOCMAT_SOLVER::ULMAT_SOLVE_ZONE,write,alias:HP,22,1892,1892;1905;1918;1924;1944;1946;1948;1950;1952;1954;1965;1967;1969;1971;1973;1975;1980;1982;1984;1986;1988;1990,,
HS,MESH_TYPE,pres.f90,LOCMAT_SOLVER::ULMAT_SOLVE_ZONE,read,alias:HP,19,1924,1924;1944;1946;1948;1950;1952;1954;1965;1967;1969;1971;1973;1975;1980;1982;1984;1986;1988;1990,,
HS,MESH_TYPE,pres.f90,LOCMAT_SOLVER::ULMAT_SOLVE_ZONE,arg_readwrite,alias:HP,1,1996,1996,GET_H_GUARD_CUTCELL,GET_H_GUARD_CUTCELL(HP): INTENT(INOUT) ccib.f90:512
HS,MESH_TYPE,pres.f90,GLOBMAT_SOLVER::SAVE_HS_FOR_SETUP,inquiry,MESHES,3,3269,3269;3270;3271,,
HS,MESH_TYPE,pres.f90,GLOBMAT_SOLVER::SAVE_HS_FOR_SETUP,read,MESHES,1,3272,3272,,
HS,MESH_TYPE,pres.f90,GLOBMAT_SOLVER::RESTORE_HS_AFTER_SETUP,write,MESHES,1,3281,3281,,
HS,MESH_TYPE,pres.f90,GLOBMAT_SOLVER::GLMAT_SOLVER,ptr_target,ptr,1,3568,3568,,
HS,MESH_TYPE,pres.f90,GLOBMAT_SOLVER::GLMAT_SOLVER,write,alias:HP,19,3577,3577;3598;3600;3602;3604;3606;3608;3621;3623;3625;3627;3629;3631;3636;3638;3640;3642;3644;3646,,
HS,MESH_TYPE,pres.f90,GLOBMAT_SOLVER::GLMAT_SOLVER,arg_readwrite,alias:HP,1,3581,3581,GET_CUTCELL_HP,GET_CUTCELL_HP(HP): INTENT(INOUT) ccib.f90:20482
HS,MESH_TYPE,pres.f90,GLOBMAT_SOLVER::GLMAT_SOLVER,read,alias:HP,18,3598,3598;3600;3602;3604;3606;3608;3621;3623;3625;3627;3629;3631;3636;3638;3640;3642;3644;3646,,
HS,MESH_TYPE,pres.f90,GLOBMAT_SOLVER::COPY_H_OMESH_TO_MESH,read,ptr,3,4185,4185;4195;4196,,
HS,MESH_TYPE,pres.f90,GLOBMAT_SOLVER::COPY_H_OMESH_TO_MESH,write,ptr,1,4196,4196,,
HS,MESH_TYPE,pres.f90,GLOBMAT_SOLVER::COPY_H_OMESH_TO_MESH,arg_readwrite,ptr,1,4200,4200,GET_H_GUARD_CUTCELL,GET_H_GUARD_CUTCELL(HP): INTENT(INOUT) ccib.f90:512
HS,MESH_TYPE,pres.f90,GLOBMAT_SOLVER::COPY_HS_IN_CCVAR,write,ptr,1,4268,4268,,
HS,MESH_TYPE,pres.f90,GLOBMAT_SOLVER::COPY_CCVAR_IN_HS,write,ptr,3,4350,4350;4355;4359,,
HS,MESH_TYPE,pres.f90,GLOBMAT_SOLVER::PRESSURE_SOLVER_CHECK_RESIDUALS_U,ptr_target,ptr,1,5911,5911,,
HS,MESH_TYPE,pres.f90,GLOBMAT_SOLVER::PRESSURE_SOLVER_CHECK_RESIDUALS_U,arg_read,alias:HP,2,5929,5929;5986,UNSTRUCTURED_POISSON_RESIDUAL,UNSTRUCTURED_POISSON_RESIDUAL(HP): INTENT(IN) ccib.f90:1321
HS,MESH_TYPE,pres.f90,GLOBMAT_SOLVER::PRESSURE_SOLVER_CHECK_RESIDUALS_U,arg_read,alias:HP,2,5933,5933;5990,UNSTRUCTURED_POISSON_RESIDUAL_RC,UNSTRUCTURED_POISSON_RESIDUAL_RC(HP): INTENT(IN) ccib.f90:1076
HS,MESH_TYPE,pres.f90,GLOBMAT_SOLVER::PRESSURE_SOLVER_CHECK_RESIDUALS_U,read,alias:HP,5,5955,5955;5956;5957;5958;5972,,
HS,MESH_TYPE,pres.f90,GLOBMAT_SOLVER::PRESSURE_SOLVER_CHECK_RESIDUALS_U,arg_read,alias:HP,1,5974,5974,COMPUTE_LINKED_CUTFACE_BAROCLINIC,COMPUTE_LINKED_CUTFACE_BAROCLINIC(HP): INTENT(IN) ccib.f90:1860
HS,MESH_TYPE,turb.f90,TURBULENCE::NS_ANALYTICAL_SOLUTION,write,ptr,1,136,136,,
HS,MESH_TYPE,turb.f90,MANUFACTURED_SOLUTIONS::SHUNN_MMS_3,write,ptr,1,3403,3403,,
HS,MESH_TYPE,velo.f90,VELO::VELOCITY_FLUX::PATCH_VELOCITY_FLUX,ptr_target,ptr,1,1076,1076,,
HS,MESH_TYPE,velo.f90,VELO::VELOCITY_FLUX::PATCH_VELOCITY_FLUX,read,alias:HP,3,1124,1124;1158;1191,,
HS,MESH_TYPE,velo.f90,VELO::NO_FLUX,ptr_target,ptr,1,1371,1371,,
HS,MESH_TYPE,velo.f90,VELO::NO_FLUX,write,alias:HP,1,1399,1399,,
HS,MESH_TYPE,velo.f90,VELO::NO_FLUX,read,alias:HP,9,1419,1419;1436;1453;1503;1510;1517;1524;1531;1538,,
HS,MESH_TYPE,velo.f90,VELO::VELOCITY_CORRECTOR,read,ptr,3,1727,1727;1737;1747,,
HS,MESH_TYPE,velo.f90,VELO::BAROCLINIC_CORRECTION,ptr_target,ptr,1,3247,3247,,
HS,MESH_TYPE,velo.f90,VELO::BAROCLINIC_CORRECTION,read,alias:HP,1,3257,3257,,
HS,OMESH_TYPE,ccib.f90,CC_SCALARS::GET_H_GUARD_CUTCELL,read,OM,1,612,612,,
HS,OMESH_TYPE,ccib.f90,CC_SCALARS::GET_PRES_CFACE_BCS,read,OMESH,6,2352,2352;2382;2412;2442;2472;2502,,
HS,OMESH_TYPE,ccib.f90,CC_SCALARS::CC_COMPUTE_VELOCITY_ERROR,read,OM,12,15980,15980;15991;16011;16022;16042;16053;16073;16084;16104;16115;16135;16146,,
HS,OMESH_TYPE,ccib.f90,CC_SCALARS::COPY_CC_MUNKH_TO_UNKH,write,OM,1,22922,22922,,
HS,OMESH_TYPE,main.f90,FDS::INITIALIZE_MESH_EXCHANGE_1,alloc,OM,1,2214,2214,,
HS,OMESH_TYPE,main.f90,FDS::INITIALIZE_MESH_EXCHANGE_1,write,OM,1,2216,2216,,
HS,OMESH_TYPE,main.f90,FDS::MESH_EXCHANGE,ptr_target,M2,4,3388,3388;3447;3745;3794,,
HS,OMESH_TYPE,main.f90,FDS::MESH_EXCHANGE,write,alias:HP2,3,3393,3393;3451;3802,,
HS,OMESH_TYPE,main.f90,FDS::MESH_EXCHANGE,write,alias:HP,12,3750,3750;3751;3753;3754;3756;3757;3759;3760;3762;3763;3765;3766,,
HS,OMESH_TYPE,pres.f90,PRES::COMPUTE_VELOCITY_ERROR,read,OM,6,984,984;993;1002;1011;1020;1029,,
HS,OMESH_TYPE,pres.f90,GLOBMAT_SOLVER::COPY_H_OMESH_TO_MESH,read,OM,1,4183,4183,,
HS,OMESH_TYPE,pres.f90,GLOBMAT_SOLVER::COPY_HS_IN_CCVAR,inquiry,OMESH,10,4222,4222;4226;4227;4228;4233;4234;4235;4240;4241;4242,,
HS,OMESH_TYPE,pres.f90,GLOBMAT_SOLVER::COPY_HS_IN_CCVAR,read,OMESH,3,4247,4247;4249;4251,,
HS,OMESH_TYPE,velo.f90,VELO::NO_FLUX,ptr_target,OMESH,1,1384,1384,,
HS,OMESH_TYPE,velo.f90,VELO::NO_FLUX,read,alias:OM_HP,1,1394,1394,,
KRES,MESH_TYPE,ccib.f90,CC_SCALARS::GET_RHSLHS_POISSON_RC,read,ptr,3,1156,1156;1207;1258,,
KRES,MESH_TYPE,ccib.f90,CC_SCALARS::GET_LHS_CUTCELL,read,ptr,9,1538,1538;1546;1551;1561;1566;1576;1581;1612;1617,,
KRES,MESH_TYPE,ccib.f90,CC_SCALARS::GET_CUTFACE_BAROCLINIC_TORQUE,read,ptr,2,1793,1793;1797,,
KRES,MESH_TYPE,ccib.f90,CC_SCALARS::GET_RCFACE_BAROCLINIC_TORQUE,read,ptr,2,1844,1844;1845,,
KRES,MESH_TYPE,ccib.f90,CC_SCALARS::GET_PRES_CFACE_BCS,read,ptr,6,2548,2548;2555;2562;2569;2576;2583,,
KRES,MESH_TYPE,ccib.f90,CC_SCALARS::CC_COMPUTE_KRES,write,ptr,1,3728,3728,,
KRES,MESH_TYPE,ccib.f90,CC_SCALARS::MESH_CC_EXCHANGE,read,M,4,4221,4221;4241;4425;4445,,
KRES,MESH_TYPE,ccib.f90,CC_SCALARS::GET_PRES_CFACE,read,ptr,1,6799,6799,,
KRES,MESH_TYPE,dump.f90,DUMP::GAS_PHASE_OUTPUT,read,ptr,8,8712,8712;8898;9294;9779;9846;9989;9993;10026,,
KRES,MESH_TYPE,dump.f90,DUMP::SOLID_PHASE_OUTPUT,read,ptr,8,10265,10265;10645;10653;10659;10665;10671;10677;10683,,
KRES,MESH_TYPE,dump.f90,DUMP::DUMP_ROTCUBE_MMS,read,ptr,3,13010,13010;13019;13083,,
KRES,MESH_TYPE,fire.f90,FIRE::COMBUSTION_GENERAL_LOAD_BALANCED,read,ptr,4,127,127;161;258;281,,
KRES,MESH_TYPE,fire.f90,FIRE::DISTRIBUTE_CELLS_ACCROSS_MPI_PROCESSES,read,ptr,2,613,613;635,,
KRES,MESH_TYPE,hvac.f90,HVAC_ROUTINES::HVAC_BC_IN::INITIALIZE_HVAC,read,ptr,1,2458,2458,,
KRES,MESH_TYPE,init.f90,INIT::INITIALIZE_MESH_VARIABLES_1,alloc,M,1,558,558,,
KRES,MESH_TYPE,init.f90,INIT::INITIALIZE_MESH_VARIABLES_1,write,M,1,789,789,,
KRES,MESH_TYPE,main.f90,FDS::MESH_EXCHANGE,read,M,2,3325,3325;3343,,
KRES,MESH_TYPE,mesh.f90,MESH_POINTERS::POINT_TO_MESH,ptr_target,M,1,524,524,,
KRES,MESH_TYPE,pres.f90,PRES::PRESSURE_SOLVER_COMPUTE_RHS,read,ptr,6,188,188;194;200;206;212;218,,
KRES,MESH_TYPE,pres.f90,PRES::PRESSURE_SOLVER_CHECK_RESIDUALS,read,ptr,4,761,761;781;782;783,,
KRES,MESH_TYPE,pres.f90,LOCMAT_SOLVER::ULMAT_SOLVE_ZONE,read,ptr,1,1842,1842,,
KRES,MESH_TYPE,pres.f90,GLOBMAT_SOLVER::GLMAT_SOLVER,read,ptr,1,3509,3509,,
KRES,MESH_TYPE,pres.f90,GLOBMAT_SOLVER::PRESSURE_SOLVER_CHECK_RESIDUALS_U,read,ptr,5,5972,5972;6017;6018;6019;6020,,
KRES,MESH_TYPE,radi.f90,RAD::COMPUTE_RADIATION::RADIATION_FVM,read,ptr,1,4065,4065,,
KRES,MESH_TYPE,turb.f90,TURBULENCE::NS_ANALYTICAL_SOLUTION,write,ptr,1,148,148,,
KRES,MESH_TYPE,velo.f90,VELO::COMPUTE_VISCOSITY,write,ptr,14,291,291;360;389;390;391;392;393;394;395;396;397;398;399;400,,
KRES,MESH_TYPE,velo.f90,VELO::COMPUTE_VISCOSITY,read,ptr,13,360,360;389;390;391;392;393;394;395;396;397;398;399;400,,
KRES,MESH_TYPE,velo.f90,VELO::VISCOSITY_BC,write,ptr,1,544,544,,
KRES,MESH_TYPE,velo.f90,VELO::BAROCLINIC_CORRECTION,read,ptr,1,3257,3257,,
KRES,MESH_TYPE,wall.f90,WALL_ROUTINES::PYROLYSIS,read,ptr,1,3373,3373,,
KRES,OMESH_TYPE,main.f90,FDS::INITIALIZE_MESH_EXCHANGE_1,alloc,OM,1,2243,2243,,
KRES,OMESH_TYPE,main.f90,FDS::INITIALIZE_MESH_EXCHANGE_1,write,OM,1,2244,2244,,
KRES,OMESH_TYPE,main.f90,FDS::MESH_EXCHANGE,write,M2,2,3343,3343;3727,,
KRES,OMESH_TYPE,velo.f90,VELO::VISCOSITY_BC,read,OMESH,1,530,530,,
PRESSURE_ZONE,MESH_TYPE,ccib.f90,CC_SCALARS::GET_H_GUARD_CUTCELL,read,ptr,1,532,532,,
PRESSURE_ZONE,MESH_TYPE,ccib.f90,CC_SCALARS::GET_FH_FROM_PRHS_AND_BCS,read,ptr,3,2091,2091;2122;2149,,
PRESSURE_ZONE,MESH_TYPE,ccib.f90,CC_SCALARS::GET_CUTCELL_DDDT,read,ptr,2,2630,2630;2665,,
PRESSURE_ZONE,MESH_TYPE,ccib.f90,CC_SCALARS::ADD_Q_DOT_CUTCELLS,read,ptr,1,5962,5962,,
PRESSURE_ZONE,MESH_TYPE,ccib.f90,CC_SCALARS::CC_DENSITY,read,ptr,4,11779,11779;11803;11846;11864,,
PRESSURE_ZONE,MESH_TYPE,ccib.f90,CC_SCALARS::CC_CHECK_DIVERGENCE,read,ptr,1,16362,16362,,
PRESSURE_ZONE,MESH_TYPE,ccib.f90,CC_SCALARS::GET_CUTCELL_HP,read,ptr,2,20492,20492;20505,,
PRESSURE_ZONE,MESH_TYPE,ccib.f90,CC_SCALARS::GET_CUTCELL_FH,read,ptr,1,20533,20533,,
PRESSURE_ZONE,MESH_TYPE,ccib.f90,CC_SCALARS::GET_H_MATRIX_CC,read,ptr,3,20586,20586;20637;20780,,
PRESSURE_ZONE,MESH_TYPE,ccib.f90,CC_SCALARS::GET_CC_MATRIXGRAPH_H,read,ptr,5,20908,20908;20940;21011;21052;21096,,
PRESSURE_ZONE,MESH_TYPE,ccib.f90,CC_SCALARS::NUMBER_UNKH_CUTCELLS,read,ptr,2,22847,22847;22854,,
PRESSURE_ZONE,MESH_TYPE,divg.f90,DIVG::DIVERGENCE_PART_1,read,ptr,2,611,611;735,,
PRESSURE_ZONE,MESH_TYPE,divg.f90,DIVG::MERGE_PRESSURE_ZONES,read,ptr,2,1306,1306;1307,,
PRESSURE_ZONE,MESH_TYPE,divg.f90,DIVG::DIVERGENCE_PART_2,read,ptr,1,1528,1528,,
PRESSURE_ZONE,MESH_TYPE,dump.f90,DUMP::GAS_PHASE_OUTPUT,read,ptr,11,8711,8711;8786;8844;8950;8951;9137;9785;9796;9846;9989;10026,,
PRESSURE_ZONE,MESH_TYPE,dump.f90,DUMP::UPDATE_HRR,read,ptr,1,11672,11672,,
PRESSURE_ZONE,MESH_TYPE,fire.f90,FIRE::COMBUSTION_GENERAL_LOAD_BALANCED,read,ptr,4,127,127;161;258;281,,
PRESSURE_ZONE,MESH_TYPE,fire.f90,FIRE::DISTRIBUTE_CELLS_ACCROSS_MPI_PROCESSES,read,ptr,2,613,613;635,,
PRESSURE_ZONE,MESH_TYPE,fire.f90,FIRE::CONDENSATION_EVAPORATION,read,ptr,2,1986,1986;2096,,
PRESSURE_ZONE,MESH_TYPE,func.f90,GEOMETRY_FUNCTIONS::ASSIGN_PRESSURE_ZONE,read,M,8,5580,5580;5581;5583;5698;5699;5703;5705;5713,,
PRESSURE_ZONE,MESH_TYPE,func.f90,GEOMETRY_FUNCTIONS::ASSIGN_PRESSURE_ZONE,write,M,2,5586,5586;5714,,
PRESSURE_ZONE,MESH_TYPE,init.f90,INIT::INITIALIZE_MESH_VARIABLES_1,alloc,M,1,586,586,,
PRESSURE_ZONE,MESH_TYPE,init.f90,INIT::INITIALIZE_MESH_VARIABLES_1,write,M,1,586,586,,
PRESSURE_ZONE,MESH_TYPE,init.f90,INIT::INITIALIZE_MESH_VARIABLES_2,read,M,3,1064,1064;1087;1127,,
PRESSURE_ZONE,MESH_TYPE,main.f90,FDS::MPI_INITIALIZATION_CHORES,inquiry,M4,1,1354,1354,,
PRESSURE_ZONE,MESH_TYPE,main.f90,FDS::MPI_INITIALIZATION_CHORES,alloc,M4,1,1355,1355,,
PRESSURE_ZONE,MESH_TYPE,main.f90,FDS::MPI_INITIALIZATION_CHORES,write,M4,1,1356,1356,,
PRESSURE_ZONE,MESH_TYPE,main.f90,FDS::INITIALIZE_PRESSURE_ZONES,write,M,4,2623,2623;2691;2768;2815,,
PRESSURE_ZONE,MESH_TYPE,main.f90,FDS::INITIALIZE_PRESSURE_ZONES,read,M,5,2668,2668;2691;2695;2756;2815,,
PRESSURE_ZONE,MESH_TYPE,main.f90,FDS::ZONE_BOUNDARY_EXCHANGE,arg_readwrite,M,1,2853,2853,MPI_BCAST,MPI rule
PRESSURE_ZONE,MESH_TYPE,main.f90,FDS::ZONE_BOUNDARY_EXCHANGE,inquiry,M,1,2853,2853,,
PRESSURE_ZONE,MESH_TYPE,main.f90,FDS::ZONE_BOUNDARY_EXCHANGE,write,M,14,2879,2879;2913;2917;2918;2919;2920;2921;2922;2923;2924;2925;2926;2927;2928,,
PRESSURE_ZONE,MESH_TYPE,main.f90,FDS::ZONE_BOUNDARY_EXCHANGE,read,M,5,2880,2880;2894;2895;2897;2902,,
PRESSURE_ZONE,MESH_TYPE,main.f90,FDS::ZONE_BOUNDARY_EXCHANGE,read,OM,5,2895,2895;2896;2903;2907;2913,,
PRESSURE_ZONE,MESH_TYPE,main.f90,FDS::ZONE_BOUNDARY_EXCHANGE,arg_read,OM,1,2904,2904,ASSIGN_PRESSURE_ZONE,ASSIGN_PRESSURE_ZONE(I_ZONE): INTENT(IN) func.f90:5561
PRESSURE_ZONE,MESH_TYPE,mass.f90,MASS::DENSITY,read,ptr,2,574,574;756,,
PRESSURE_ZONE,MESH_TYPE,mesh.f90,MESH_POINTERS::POINT_TO_MESH,ptr_target,M,1,628,628,,
PRESSURE_ZONE,MESH_TYPE,part.f90,PART::MOVE_PARTICLES::MOVE_IN_GAS,read,ptr,1,2801,2801,,
PRESSURE_ZONE,MESH_TYPE,part.f90,PART::PARTICLE_MASS_ENERGY_TRANSFER,read,ptr,4,3856,3856;3985;4057;4205,,
PRESSURE_ZONE,MESH_TYPE,pres.f90,LOCMAT_SOLVER::ULMAT_SOLVER_SETUP,read,ptr,4,1329,1329;1341;1355;1367,,
PRESSURE_ZONE,MESH_TYPE,pres.f90,LOCMAT_SOLVER::ULMAT_SOLVE_ZONE,read,ptr,16,1544,1544;1568;1601;1689;1698;1716;1724;1785;1794;1811;1819;1840;1849;1897;1910;1937,,
PRESSURE_ZONE,MESH_TYPE,pres.f90,LOCMAT_SOLVER::ULMAT_GET_H_REGFACES,ptr_target,ptr,6,2060,2060;2061;2089;2090;2119;2120,,
PRESSURE_ZONE,MESH_TYPE,pres.f90,LOCMAT_SOLVER::ULMAT_GET_H_REGFACES,read,alias:ZM1,3,2062,2062;2091;2121,,
PRESSURE_ZONE,MESH_TYPE,pres.f90,LOCMAT_SOLVER::ULMAT_GET_H_REGFACES,read,alias:ZM2,3,2062,2062;2091;2121,,
PRESSURE_ZONE,MESH_TYPE,pres.f90,LOCMAT_SOLVER::ULMAT_MATRIXGRAPH_H,read,ptr,5,2186,2186;2194;2202;2247;2370,,
PRESSURE_ZONE,MESH_TYPE,pres.f90,LOCMAT_SOLVER::ULMAT_BCS_H_MATRIX,read,ptr,1,2730,2730,,
PRESSURE_ZONE,MESH_TYPE,pres.f90,GLOBMAT_SOLVER::GLMAT_SOLVER,read,ptr,6,3378,3378;3390;3506;3516;3574;3590,,
PRESSURE_ZONE,MESH_TYPE,pres.f90,GLOBMAT_SOLVER::GET_BCS_H_MATRIX,read,ptr,1,4951,4951,,
PRESSURE_ZONE,MESH_TYPE,pres.f90,GLOBMAT_SOLVER::GET_H_MATRIX,read,ptr,2,5094,5094;5148,,
PRESSURE_ZONE,MESH_TYPE,pres.f90,GLOBMAT_SOLVER::GET_MATRIXGRAPH_H_WHLDOM,read,ptr,6,5307,5307;5314;5321;5379;5409;5501,,
PRESSURE_ZONE,MESH_TYPE,pres.f90,GLOBMAT_SOLVER::GET_MATRIX_INDEXES_H,read,ptr,2,5755,5755;5796,,
PRESSURE_ZONE,MESH_TYPE,radi.f90,RAD::COMPUTE_RADIATION::RADIATION_FVM,read,ptr,1,4065,4065,,
PRESSURE_ZONE,MESH_TYPE,soot.f90,SOOT_ROUTINES::SETTLING_VELOCITY,read,ptr,3,67,67;90;112,,
PRESSURE_ZONE,MESH_TYPE,soot.f90,SOOT_ROUTINES::CALC_AGGLOMERATION,read,ptr,1,293,293,,
PRESSURE_ZONE,MESH_TYPE,wall.f90,WALL_ROUTINES::CALC_DEPOSITION,read,ptr,1,1692,1692,,
PRESSURE_ZONE,MESH_TYPE,wall.f90,WALL_ROUTINES::PYROLYSIS,read,ptr,2,3305,3305;3343,,
PRHS,MESH_TYPE,ccib.f90,CC_SCALARS::GET_FH_FROM_PRHS_AND_BCS,read,ptr,1,2096,2096,,
PRHS,MESH_TYPE,init.f90,INIT::INITIALIZE_POISSON_SOLVER,alloc,M,1,2445,2445,,
PRHS,MESH_TYPE,init.f90,INIT::INITIALIZE_POISSON_SOLVER,write,M,1,2458,2458,,
PRHS,MESH_TYPE,mesh.f90,MESH_POINTERS::POINT_TO_MESH,ptr_target,M,1,591,591,,
PRHS,MESH_TYPE,pres.f90,PRES::PRESSURE_SOLVER_COMPUTE_RHS,write,ptr,5,243,243;257;274;289;304,,
PRHS,MESH_TYPE,pres.f90,PRES::PRESSURE_SOLVER_FFT,arg_readwrite,ptr,3,346,346;354;363,H3CZSS,H3CZSS(F): no INTENT; body-write pois.f90:243
PRHS,MESH_TYPE,pres.f90,PRES::PRESSURE_SOLVER_FFT,arg_readwrite,ptr,4,348,348;365;375;386,H2CZSS,H2CZSS(F): no INTENT; body-write pois.f90:6831
PRHS,MESH_TYPE,pres.f90,PRES::PRESSURE_SOLVER_FFT,arg_readwrite,ptr,1,349,349,H2CYSS,H2CYSS(F): no INTENT; body-write pois.f90:7334
PRHS,MESH_TYPE,pres.f90,PRES::PRESSURE_SOLVER_FFT,arg_readwrite,ptr,3,368,368;373;384,H3CSSS,H3CSSS(F): no INTENT; body-write pois.f90:4976
PRHS,MESH_TYPE,pres.f90,PRES::PRESSURE_SOLVER_FFT,read,ptr,4,397,397;407;417;427,,
PRHS,MESH_TYPE,pres.f90,PRES::TUNNEL_POISSON_SOLVER,write,M,5,534,534;562;563;564;565,,
PRHS,MESH_TYPE,pres.f90,PRES::TUNNEL_POISSON_SOLVER,read,M,8,550,550;551;552;553;562;563;564;565,,
PRHS,MESH_TYPE,pres.f90,LOCMAT_SOLVER::ULMAT_SOLVER_SETUP,inquiry,M,1,1279,1279,,
PRHS,MESH_TYPE,pres.f90,LOCMAT_SOLVER::ULMAT_SOLVER_SETUP,dealloc,M,1,1279,1279,,
PRHS,MESH_TYPE,pres.f90,LOCMAT_SOLVER::ULMAT_SOLVER_SETUP,alloc,M,1,1287,1287,,
PRHS,MESH_TYPE,pres.f90,LOCMAT_SOLVER::ULMAT_SOLVER_SETUP,write,M,1,1297,1297,,
PRHS,MESH_TYPE,pres.f90,LOCMAT_SOLVER::ULMAT_SOLVE_ZONE,read,ptr,1,1502,1502,,
P_0,MESH_TYPE,ccib.f90,CC_SCALARS::ADD_LINKEDCELL_D_PBAR_DT,read,ptr,1,673,673,,
P_0,MESH_TYPE,ccib.f90,CC_SCALARS::ADD_CUTCELL_D_PBAR_DT,read,ptr,2,695,695;700,,
P_0,MESH_TYPE,ccib.f90,CC_SCALARS::ADD_LINKEDCELL_PSUM,read,ptr,1,718,718,,
P_0,MESH_TYPE,ccib.f90,CC_SCALARS::ADD_CUTCELL_PSUM,read,ptr,1,738,738,,
P_0,MESH_TYPE,ccib.f90,CC_SCALARS::CC_DENSITY,read,ptr,4,11779,11779;11803;11846;11864,,
P_0,MESH_TYPE,divg.f90,DIVG::DIVERGENCE_PART_2,read,ptr,1,1496,1496,,
P_0,MESH_TYPE,dump.f90,DUMP::INITIALIZE_DIAGNOSTIC_FILE,read,MESHES,1,3195,3195,,
P_0,MESH_TYPE,dump.f90,DUMP::GAS_PHASE_OUTPUT,read,ptr,2,8712,8712;9989,,
P_0,MESH_TYPE,init.f90,INIT::INITIALIZE_ATMOSPHERE,alloc,M,1,449,449,,
P_0,MESH_TYPE,init.f90,INIT::INITIALIZE_ATMOSPHERE,write,M,2,475,475;482,,
P_0,MESH_TYPE,init.f90,INIT::INITIALIZE_ATMOSPHERE,read,M,2,476,476;483,,
P_0,MESH_TYPE,init.f90,INIT::INITIALIZE_MESH_VARIABLES_1,read,M,1,898,898,,
P_0,MESH_TYPE,init.f90,INIT::INITIALIZE_MESH_VARIABLES_2,read,M,2,1052,1052;1053,,
P_0,MESH_TYPE,init.f90,INIT::TMP_INIT,read,ptr,1,5448,5448,,
P_0,MESH_TYPE,init.f90,INIT::SPEC_INIT,read,ptr,1,5518,5518,,
P_0,MESH_TYPE,mesh.f90,MESH_POINTERS::POINT_TO_MESH,ptr_target,M,1,625,625,,
RHO,MESH_TYPE,ccib.f90,CC_SCALARS::CC_BAROCLINIC_CORRECTION,ptr_target,ptr,1,1668,1668,,
RHO,MESH_TYPE,ccib.f90,CC_SCALARS::MESH_CC_EXCHANGE,read,M,4,4221,4221;4241;4420;4440,,
RHO,MESH_TYPE,ccib.f90,CC_SCALARS::MESH_CC_EXCHANGE::FILL_GCCUTCELL_SPECIES,read,ptr,1,5074,5074,,
RHO,MESH_TYPE,ccib.f90,CC_SCALARS::CC_COMPUTE_VISCOSITY,ptr_target,ptr,1,5884,5884,,
RHO,MESH_TYPE,ccib.f90,CC_SCALARS::CC_COMPUTE_VISCOSITY,read,alias:RHOP,1,5925,5925,,
RHO,MESH_TYPE,ccib.f90,CC_SCALARS::ROTATED_CUBE_VELOCITY_FLUX,ptr_target,ptr,1,6101,6101,,
RHO,MESH_TYPE,ccib.f90,CC_SCALARS::ROTATED_CUBE_VELOCITY_FLUX,read,alias:RHOP,4,6131,6131;6162;6177;6208,,
RHO,MESH_TYPE,ccib.f90,CC_SCALARS::ROTATED_CUBE_RHS_ZZ,ptr_target,ptr,1,6430,6430,,
RHO,MESH_TYPE,ccib.f90,CC_SCALARS::CC_ROTATED_CUBE_RHS_ZZ,ptr_target,ptr,1,6509,6509,,
RHO,MESH_TYPE,ccib.f90,CC_SCALARS::INIT_CUTCELL_DATA,write,ptr,1,7788,7788,,
RHO,MESH_TYPE,ccib.f90,CC_SCALARS::INIT_CUTCELL_DATA,read,ptr,2,7799,7799;7848,,
RHO,MESH_TYPE,ccib.f90,CC_SCALARS::CC_DIVERGENCE_PART_1,ptr_target,ptr,1,8373,8373,,
RHO,MESH_TYPE,ccib.f90,CC_SCALARS::CC_DIVERGENCE_PART_1,read,alias:RHOP,3,8520,8520;8560;8662,,
RHO,MESH_TYPE,ccib.f90,CC_SCALARS::CC_DIVERGENCE_PART_1::CCSPECIES_ADVECTION,read,alias:RHOP,18,8989,8989;9005;9026;9042;9062;9078;9104;9117;9130;9180;9234;9286;9405;9413;9422;9430;9439;9447,,
RHO,MESH_TYPE,ccib.f90,CC_SCALARS::CC_DIVERGENCE_PART_1::CCENTHALPY_ADVECTION,read,alias:RHOP,24,9530,9530;9558;9586;9614;9639;9648;9672;9697;9706;9730;9755;9764;9828;9837;9847;9856;9866;9875;9915;9955;9995;10039;10055;10071,,
RHO,MESH_TYPE,ccib.f90,CC_SCALARS::CC_DIFFUSIVE_MASS_FLUXES,ptr_target,ptr,1,11224,11224,,
RHO,MESH_TYPE,ccib.f90,CC_SCALARS::CC_DIFFUSIVE_MASS_FLUXES,read,alias:RHOP,6,11270,11270;11298;11327;11529;11535;11541,,
RHO,MESH_TYPE,ccib.f90,CC_SCALARS::CC_DENSITY,read,ptr,4,11788,11788;11847;11867;11877,,
RHO,MESH_TYPE,ccib.f90,CC_SCALARS::CC_DENSITY,write,ptr,3,11857,11857;11867;11877,,
RHO,MESH_TYPE,ccib.f90,CC_SCALARS::GET_EXPLICIT_ADVDIFFVECTOR_SCALAR_3D,ptr_target,ptr,1,12081,12081,,
RHO,MESH_TYPE,ccib.f90,CC_SCALARS::CC_CHECK_MASS_DENSITY,ptr_target,ptr,1,12553,12553,,
RHO,MESH_TYPE,ccib.f90,CC_SCALARS::CC_CHECK_MASS_DENSITY,read,alias:RHOP,17,12572,12572;12625;12677;12678;12687;12704;12711;12765;12787;12794;12908;13004;13019;13064;13065;13066;13082,,
RHO,MESH_TYPE,ccib.f90,CC_SCALARS::CC_CHECK_MASS_DENSITY,write,alias:RHOP,2,12574,12574;12765,,
RHO,MESH_TYPE,ccib.f90,CC_SCALARS::GET_RHOZZ_CC_3D,ptr_target,ptr,1,13258,13258,,
RHO,MESH_TYPE,ccib.f90,CC_SCALARS::GET_RHOZZ_CC_3D,write,alias:RHOP,2,13309,13309;13327,,
RHO,MESH_TYPE,ccib.f90,CC_SCALARS::GET_RHOZZ_CC_3D,read,alias:RHOP,3,13331,13331;13333;13338,,
RHO,MESH_TYPE,ccib.f90,CC_SCALARS::GET_RHOZZVECTOR_SCALAR_3D,read,ptr,1,13448,13448,,
RHO,MESH_TYPE,ccib.f90,CC_SCALARS::GET_CCIFACE_RHOZZ_LIM,ptr_target,ptr,1,13514,13514,,
RHO,MESH_TYPE,ccib.f90,CC_SCALARS::GET_CCIFACE_RHOZZ_LIM,read,alias:RHOP,1,13527,13527,,
RHO,MESH_TYPE,ccib.f90,CC_SCALARS::GET_CCIFACE_RHOHS_LIM,ptr_target,ptr,1,13566,13566,,
RHO,MESH_TYPE,ccib.f90,CC_SCALARS::GET_CCIFACE_RHOHS_LIM,read,alias:RHOP,1,13581,13581,,
RHO,MESH_TYPE,ccib.f90,CC_SCALARS::GET_ADVDIFFVECTOR_SCALAR_3D,ptr_target,ptr,1,13634,13634,,
RHO,MESH_TYPE,ccib.f90,CC_SCALARS::CC_VELOCITY_BC,ptr_target,ptr,1,13939,13939,,
RHO,MESH_TYPE,ccib.f90,CC_SCALARS::CC_VELOCITY_BC::CC_EDGE_TAU_OMG,read,alias:RHOP,6,14376,14376;14398;14488;14510;14608;14630,,
RHO,MESH_TYPE,divg.f90,DIVG::DIVERGENCE_PART_1,ptr_target,ptr,1,71,71,,
RHO,MESH_TYPE,divg.f90,DIVG::DIVERGENCE_PART_1,arg_read,alias:RHOP,1,99,99,CC_VELOCITY_FLUX,CC_VELOCITY_FLUX(RHOP): INTENT(IN) ccib.f90:15044
RHO,MESH_TYPE,divg.f90,DIVG::DIVERGENCE_PART_1,read,alias:RHOP,6,137,137;162;502;625;652;709,,
RHO,MESH_TYPE,divg.f90,DIVG::ENTHALPY_ADVECTION_NEW,read,alias:RHOP,1,819,819,,
RHO,MESH_TYPE,divg.f90,DIVG::SPECIES_ADVECTION_PART_1_NEW,read,alias:RHOP,2,1001,1001;1102,,
RHO,MESH_TYPE,divg.f90,DIVG::SPECIES_ADVECTION_PART_2,read,alias:RHOP,7,1263,1263;1280;1281;1282;1283;1284;1285,,
RHO,MESH_TYPE,dump.f90,DUMP::DUMP_RESTART,read,ptr,1,3915,3915,,
RHO,MESH_TYPE,dump.f90,DUMP::READ_RESTART,write,ptr,1,4104,4104,,
RHO,MESH_TYPE,dump.f90,DUMP::UPDATE_DEVICES_1,read,ptr,5,8026,8026;8055;8074;8079;8080,,
RHO,MESH_TYPE,dump.f90,DUMP::GAS_PHASE_OUTPUT,read,ptr,32,8695,8695;8712;8856;8889;8895;8913;8931;8933;8935;8950;8951;8978;9067;9068;9080;9082;9100;9110;9114;9116;9124;9125;9132;9176;9200;9231;9235;9237;9361;9436;9836;9846,,
RHO,MESH_TYPE,dump.f90,DUMP::GAS_PHASE_OUTPUT,arg_read,ptr,1,8915,8915,SUBGRID_KINETIC_ENERGY,SUBGRID_KINETIC_ENERGY(RHO): INTENT(IN) dump.f90:12764
RHO,MESH_TYPE,dump.f90,DUMP::SOLID_PHASE_OUTPUT,read,ptr,9,10265,10265;10645;10653;10659;10665;10671;10677;10683;10778,,
RHO,MESH_TYPE,dump.f90,DUMP::PARTICLE_OUTPUT,read,ptr,3,11121,11121;11124;11127,,
RHO,MESH_TYPE,dump.f90,DUMP::UPDATE_HRR,read,ptr,1,11675,11675,,
RHO,MESH_TYPE,dump.f90,DUMP::UPDATE_MASS,read,ptr,3,11910,11910;11913;11915,,
RHO,MESH_TYPE,dump.f90,DUMP::DUMP_ROTCUBE_MMS,read,ptr,2,13010,13010;13083,,
RHO,MESH_TYPE,dump.f90,DUMP::DUMP_MMS,read,ptr,1,13132,13132,,
RHO,MESH_TYPE,fire.f90,FIRE::COMBUSTION_GENERAL_LOAD_BALANCED,read,ptr,4,127,127;161;258;281,,
RHO,MESH_TYPE,fire.f90,FIRE::COMBUSTION_GENERAL_LOAD_BALANCED,arg_read,ptr,1,264,264,COMBUSTION_MODEL,COMBUSTION_MODEL(RHO_IN): INTENT(IN) fire.f90:780
RHO,MESH_TYPE,fire.f90,FIRE::SET_SPECIES_SOURCE_TERM_CELL,read,ptr,1,504,504,,
RHO,MESH_TYPE,fire.f90,FIRE::DISTRIBUTE_CELLS_ACCROSS_MPI_PROCESSES,read,ptr,3,613,613;616;635,,
RHO,MESH_TYPE,fire.f90,FIRE::CONDENSATION_EVAPORATION,read,ptr,2,1953,1953;1989,,
RHO,MESH_TYPE,geom.f90,COMPLEX_GEOMETRY_GRID::INIT_CFACE_CELL,read,ptr,1,6729,6729,,
RHO,MESH_TYPE,hvac.f90,HVAC_ROUTINES::HVAC_BC_IN,ptr_target,ptr,1,2326,2326,,
RHO,MESH_TYPE,hvac.f90,HVAC_ROUTINES::HVAC_BC_IN::INITIALIZE_HVAC,read,alias:RHOP,2,2416,2416;2514,,
RHO,MESH_TYPE,hvac.f90,HVAC_ROUTINES::HVAC_BC_IN::INITIALIZE_HVAC,read,ptr,7,2458,2458;2463;2468;2473;2478;2483;2488,,
RHO,MESH_TYPE,init.f90,INIT::INITIALIZE_MESH_VARIABLES_1,alloc,M,1,525,525,,
RHO,MESH_TYPE,init.f90,INIT::INITIALIZE_MESH_VARIABLES_1,write,M,3,525,525;725;898,,
RHO,MESH_TYPE,init.f90,INIT::INITIALIZE_MESH_VARIABLES_1,read,M,1,899,899,,
RHO,MESH_TYPE,init.f90,INIT::SET_DENSITY_AND_MASS_FRACTIONS_AT_WALL,read,M,1,3547,3547,,
RHO,MESH_TYPE,init.f90,INIT::CREATE_OR_REMOVE_OBST,write,ptr,1,4882,4882,,
RHO,MESH_TYPE,init.f90,INIT::TMP_INIT,write,ptr,1,5448,5448,,
RHO,MESH_TYPE,init.f90,INIT::TMP_INIT,read,ptr,1,5449,5449,,
RHO,MESH_TYPE,init.f90,INIT::SPEC_INIT,write,ptr,1,5518,5518,,
RHO,MESH_TYPE,init.f90,INIT::SPEC_INIT,read,ptr,1,5519,5519,,
RHO,MESH_TYPE,main.f90,FDS::MESH_EXCHANGE,ptr_target,M,1,3305,3305,,
RHO,MESH_TYPE,main.f90,FDS::MESH_EXCHANGE,read,alias:RHOP,3,3322,3322;3323;3341,,
RHO,MESH_TYPE,mass.f90,MASS::MASS_FINITE_DIFFERENCES,ptr_target,ptr,1,48,48,,
RHO,MESH_TYPE,mass.f90,MASS::MASS_FINITE_DIFFERENCES,read,alias:RHOP,2,73,73;206,,
RHO,MESH_TYPE,mass.f90,MASS::DENSITY,read,ptr,4,451,451;628;713;756,,
RHO,MESH_TYPE,mass.f90,MASS::DENSITY,write,ptr,1,691,691,,
RHO,MESH_TYPE,mass.f90,MASS::DENSITY::CHECK_MASS_DENSITY,ptr_target,ptr,1,794,794,,
RHO,MESH_TYPE,mass.f90,MASS::DENSITY::CHECK_MASS_DENSITY,read,alias:RHOP,16,809,809;812;830;831;832;833;834;835;836;854;859;887;934;953;954;955,,
RHO,MESH_TYPE,mass.f90,MASS::DENSITY::CHECK_MASS_DENSITY,write,alias:RHOP,1,854,854,,
RHO,MESH_TYPE,mesh.f90,MESH_POINTERS::POINT_TO_MESH,ptr_target,M,1,534,534,,
RHO,MESH_TYPE,part.f90,PART::MOVE_PARTICLES::MOVE_IN_GAS,read,ptr,6,2686,2686;2687;2688;2689;2724;2778,,
RHO,MESH_TYPE,part.f90,PART::PARTICLE_MASS_ENERGY_TRANSFER,read,ptr,1,3667,3667,,
RHO,MESH_TYPE,pres.f90,PRES::PRESSURE_SOLVER_COMPUTE_RHS,ptr_target,ptr,1,45,45,,
RHO,MESH_TYPE,pres.f90,PRES::PRESSURE_SOLVER_CHECK_RESIDUALS,ptr_target,ptr,1,718,718,,
RHO,MESH_TYPE,pres.f90,PRES::PRESSURE_SOLVER_CHECK_RESIDUALS,read,alias:RHOP,7,761,761;775;776;777;778;779;780,,
RHO,MESH_TYPE,pres.f90,LOCMAT_SOLVER::ULMAT_SOLVE_ZONE,ptr_target,ptr,1,1833,1833,,
RHO,MESH_TYPE,pres.f90,LOCMAT_SOLVER::ULMAT_SOLVE_ZONE,read,alias:RHOP,2,1842,1842;1843,,
RHO,MESH_TYPE,pres.f90,GLOBMAT_SOLVER::GLMAT_SOLVER,ptr_target,ptr,1,3502,3502,,
RHO,MESH_TYPE,pres.f90,GLOBMAT_SOLVER::GLMAT_SOLVER,read,alias:RHOP,2,3509,3509;3510,,
RHO,MESH_TYPE,pres.f90,GLOBMAT_SOLVER::PRESSURE_SOLVER_CHECK_RESIDUALS_U,ptr_target,ptr,1,5909,5909,,
RHO,MESH_TYPE,pres.f90,GLOBMAT_SOLVER::PRESSURE_SOLVER_CHECK_RESIDUALS_U,arg_read,alias:RHOP,2,5929,5929;5986,UNSTRUCTURED_POISSON_RESIDUAL,UNSTRUCTURED_POISSON_RESIDUAL(RHOP): INTENT(IN) ccib.f90:1321
RHO,MESH_TYPE,pres.f90,GLOBMAT_SOLVER::PRESSURE_SOLVER_CHECK_RESIDUALS_U,arg_read,alias:RHOP,2,5933,5933;5990,UNSTRUCTURED_POISSON_RESIDUAL_RC,UNSTRUCTURED_POISSON_RESIDUAL_RC(RHOP): INTENT(IN) ccib.f90:1076
RHO,MESH_TYPE,pres.f90,GLOBMAT_SOLVER::PRESSURE_SOLVER_CHECK_RESIDUALS_U,read,alias:RHOP,7,5972,5972;6011;6012;6013;6014;6015;6016,,
RHO,MESH_TYPE,pres.f90,GLOBMAT_SOLVER::PRESSURE_SOLVER_CHECK_RESIDUALS_U,arg_read,alias:RHOP,1,5974,5974,COMPUTE_LINKED_CUTFACE_BAROCLINIC,COMPUTE_LINKED_CUTFACE_BAROCLINIC(RHOP): INTENT(IN) ccib.f90:1860
RHO,MESH_TYPE,radi.f90,RAD::COMPUTE_RADIATION::RADIATION_FVM,read,ptr,3,4065,4065;4071;4188,,
RHO,MESH_TYPE,soot.f90,SOOT_ROUTINES::SETTLING_VELOCITY,ptr_target,ptr,1,43,43,,
RHO,MESH_TYPE,soot.f90,SOOT_ROUTINES::SETTLING_VELOCITY,read,alias:RHOP,3,66,66;89;111,,
RHO,MESH_TYPE,soot.f90,SOOT_ROUTINES::CALC_AGGLOMERATION,read,ptr,1,287,287,,
RHO,MESH_TYPE,soot.f90,SOOT_ROUTINES::SOOT_SURFACE_OXIDATION,read,ptr,1,422,422,,
RHO,MESH_TYPE,soot.f90,SOOT_ROUTINES::DROPLET_SCRUBBING,read,ptr,3,567,567;591;592,,
RHO,MESH_TYPE,turb.f90,TURBULENCE::NS_ANALYTICAL_SOLUTION,ptr_target,ptr,1,115,115,,
RHO,MESH_TYPE,turb.f90,TURBULENCE::NS_ANALYTICAL_SOLUTION,arg_read,alias:RHOP,1,121,121,NS_U_EXACT,NS_U_EXACT(RHOP): INTENT(IN) turb.f90:157
RHO,MESH_TYPE,turb.f90,TURBULENCE::NS_ANALYTICAL_SOLUTION,arg_read,alias:RHOP,1,128,128,NS_V_EXACT,NS_V_EXACT(RHOP): INTENT(IN) turb.f90:163
RHO,MESH_TYPE,turb.f90,TURBULENCE::NS_ANALYTICAL_SOLUTION,arg_read,alias:RHOP,2,135,135;136,NS_H_EXACT,NS_H_EXACT(RHOP): INTENT(IN) turb.f90:169
RHO,MESH_TYPE,turb.f90,TURBULENCE::VARDEN_DYNSMAG,ptr_target,ptr,1,481,481,,
RHO,MESH_TYPE,turb.f90,TURBULENCE::VARDEN_DYNSMAG,read,alias:RHOP,2,530,530;621,,
RHO,MESH_TYPE,turb.f90,TURBULENCE::CALC_VARDEN_LEONARD_TERM,ptr_target,ptr,1,733,733,,
RHO,MESH_TYPE,turb.f90,TURBULENCE::CALC_VARDEN_LEONARD_TERM,read,alias:RHOP,9,752,752;753;754;755;756;757;790;791;792,,
RHO,MESH_TYPE,turb.f90,TURBULENCE::TENSOR_DIFFUSIVITY_MODEL,ptr_target,ptr,1,1319,1319,,
RHO,MESH_TYPE,turb.f90,TURBULENCE::TENSOR_DIFFUSIVITY_MODEL,read,alias:RHOP,3,1326,1326;1350;1374,,
RHO,MESH_TYPE,turb.f90,MANUFACTURED_SOLUTIONS::SAAD_MMS_1,write,ptr,1,3362,3362,,
RHO,MESH_TYPE,turb.f90,MANUFACTURED_SOLUTIONS::SHUNN_MMS_3,write,ptr,1,3401,3401,,
RHO,MESH_TYPE,velo.f90,VELO::COMPUTE_VISCOSITY,ptr_target,ptr,1,62,62,,
RHO,MESH_TYPE,velo.f90,VELO::COMPUTE_VISCOSITY,read,alias:RHOP,5,118,118;193;248;276;346,,
RHO,MESH_TYPE,velo.f90,VELO::VELOCITY_FLUX,ptr_target,ptr,1,595,595,,
RHO,MESH_TYPE,velo.f90,VELO::VELOCITY_FLUX,read,alias:RHOP,3,700,700;758;816,,
RHO,MESH_TYPE,velo.f90,VELO::VELOCITY_FLUX,arg_read,alias:RHOP,1,852,852,CC_VELOCITY_FLUX,CC_VELOCITY_FLUX(RHOP): INTENT(IN) ccib.f90:15044
RHO,MESH_TYPE,velo.f90,VELO::VELOCITY_FLUX::DIRECT_FORCE,read,alias:RHOP,3,899,899;920;941,,
RHO,MESH_TYPE,velo.f90,VELO::VELOCITY_FLUX_CYLINDRICAL,ptr_target,ptr,1,1235,1235,,
RHO,MESH_TYPE,velo.f90,VELO::VELOCITY_FLUX_CYLINDRICAL,read,alias:RHOP,2,1290,1290;1326,,
RHO,MESH_TYPE,velo.f90,VELO::VELOCITY_BC,ptr_target,ptr,1,1852,1852,,
RHO,MESH_TYPE,velo.f90,VELO::VELOCITY_BC,read,alias:RHOP,2,2376,2376;2386,,
RHO,MESH_TYPE,velo.f90,VELO::BAROCLINIC_CORRECTION,ptr_target,ptr,1,3243,3243,,
RHO,MESH_TYPE,velo.f90,VELO::BAROCLINIC_CORRECTION,read,alias:RHOP,8,3257,3257;3258;3270;3271;3285;3286;3300;3301,,
RHO,MESH_TYPE,wall.f90,WALL_ROUTINES::WALL_BC,ptr_target,ptr,1,80,80,,
RHO,MESH_TYPE,wall.f90,WALL_ROUTINES::WALL_BC,read,ptr,2,165,165;220,,
RHO,MESH_TYPE,wall.f90,WALL_ROUTINES::ASSIGN_GHOST_VALUE,write,alias:RHOP,3,343,343;376;383,,
RHO,MESH_TYPE,wall.f90,WALL_ROUTINES::ASSIGN_GHOST_VALUE,read,alias:RHOP,3,347,347;381;383,,
RHO,MESH_TYPE,wall.f90,WALL_ROUTINES::NEAR_SURFACE_GAS_VARIABLES,read,alias:RHOP,2,444,444;465,,
RHO,MESH_TYPE,wall.f90,WALL_ROUTINES::NEAR_SURFACE_GAS_VARIABLES,arg_read,alias:RHOP,1,459,459,SCALAR_TO_POINT,SCALAR_TO_POINT(FIELD): INTENT(IN) wall.f90:504
RHO,MESH_TYPE,wall.f90,WALL_ROUTINES::SURFACE_HEAT_TRANSFER,write,alias:RHOP,2,717,717;718,,
RHO,MESH_TYPE,wall.f90,WALL_ROUTINES::SURFACE_HEAT_TRANSFER,read,alias:RHOP,2,718,718;959,,
RHO,MESH_TYPE,wall.f90,WALL_ROUTINES::CALCULATE_RHO_D_F,read,ptr,1,1000,1000,,
RHO,MESH_TYPE,wall.f90,WALL_ROUTINES::CALCULATE_RHO_F,write,alias:RHOP,2,1627,1627;1628,,
RHO,OMESH_TYPE,dump.f90,DUMP::DUMP_RESTART,read,M2,1,4020,4020,,
RHO,OMESH_TYPE,dump.f90,DUMP::READ_RESTART,write,M2,1,4253,4253,,
RHO,OMESH_TYPE,main.f90,FDS::INITIALIZE_MESH_EXCHANGE_1,alloc,OM,1,2203,2203,,
RHO,OMESH_TYPE,main.f90,FDS::INITIALIZE_MESH_EXCHANGE_1,write,OM,1,2205,2205,,
RHO,OMESH_TYPE,main.f90,FDS::MESH_EXCHANGE,ptr_target,M2,2,3339,3339;3710,,
RHO,OMESH_TYPE,main.f90,FDS::MESH_EXCHANGE,write,alias:RHOP2,1,3341,3341,,
RHO,OMESH_TYPE,main.f90,FDS::MESH_EXCHANGE,write,alias:RHOP,2,3724,3724;3725,,
RHO,OMESH_TYPE,wall.f90,WALL_ROUTINES::ASSIGN_GHOST_VALUE,ptr_target,OM,1,308,308,,
RHO,OMESH_TYPE,wall.f90,WALL_ROUTINES::ASSIGN_GHOST_VALUE,read,alias:OM_RHOP,4,331,331;333;334;336,,
RHO,OMESH_TYPE,wall.f90,WALL_ROUTINES::SURFACE_HEAT_TRANSFER,ptr_target,OM,1,830,830,,
RHO,OMESH_TYPE,wall.f90,WALL_ROUTINES::SURFACE_HEAT_TRANSFER,read,alias:OM_RHOP,1,900,900,,
RHOS,MESH_TYPE,ccib.f90,CC_SCALARS::CHECK_CFLVN_LINKED_CELLS,read,ptr,2,869,869;923,,
RHOS,MESH_TYPE,ccib.f90,CC_SCALARS::CC_BAROCLINIC_CORRECTION,ptr_target,ptr,1,1672,1672,,
RHOS,MESH_TYPE,ccib.f90,CC_SCALARS::CC_BAROCLINIC_CORRECTION,arg_read,alias:RHOP,1,1735,1735,GET_RCFACE_BAROCLINIC_TORQUE,GET_RCFACE_BAROCLINIC_TORQUE(RHOP): INTENT(IN) ccib.f90:1817
RHOS,MESH_TYPE,ccib.f90,CC_SCALARS::MESH_CC_EXCHANGE,read,M,4,4216,4216;4236;4425;4445,,
RHOS,MESH_TYPE,ccib.f90,CC_SCALARS::MESH_CC_EXCHANGE::FILL_GCCUTCELL_SPECIES,read,ptr,1,5068,5068,,
RHOS,MESH_TYPE,ccib.f90,CC_SCALARS::CC_COMPUTE_VISCOSITY,ptr_target,ptr,1,5890,5890,,
RHOS,MESH_TYPE,ccib.f90,CC_SCALARS::CC_COMPUTE_VISCOSITY,read,alias:RHOP,1,5925,5925,,
RHOS,MESH_TYPE,ccib.f90,CC_SCALARS::ROTATED_CUBE_VELOCITY_FLUX,ptr_target,ptr,1,6103,6103,,
RHOS,MESH_TYPE,ccib.f90,CC_SCALARS::ROTATED_CUBE_VELOCITY_FLUX,read,alias:RHOP,4,6131,6131;6162;6177;6208,,
RHOS,MESH_TYPE,ccib.f90,CC_SCALARS::ROTATED_CUBE_RHS_ZZ,ptr_target,ptr,1,6434,6434,,
RHOS,MESH_TYPE,ccib.f90,CC_SCALARS::ROTATED_CUBE_RHS_ZZ,read,alias:RHOP,1,6456,6456,,
RHOS,MESH_TYPE,ccib.f90,CC_SCALARS::CC_ROTATED_CUBE_RHS_ZZ,ptr_target,ptr,1,6512,6512,,
RHOS,MESH_TYPE,ccib.f90,CC_SCALARS::CC_ROTATED_CUBE_RHS_ZZ,read,alias:RHOP,1,6536,6536,,
RHOS,MESH_TYPE,ccib.f90,CC_SCALARS::INIT_CUTCELL_DATA,write,ptr,1,7789,7789,,
RHOS,MESH_TYPE,ccib.f90,CC_SCALARS::CC_DIVERGENCE_PART_1,ptr_target,ptr,1,8368,8368,,
RHOS,MESH_TYPE,ccib.f90,CC_SCALARS::CC_DIFFUSIVE_MASS_FLUXES,ptr_target,ptr,1,11220,11220,,
RHOS,MESH_TYPE,ccib.f90,CC_SCALARS::CC_DENSITY,read,ptr,3,11780,11780;11806;11815,,
RHOS,MESH_TYPE,ccib.f90,CC_SCALARS::CC_DENSITY,write,ptr,3,11796,11796;11806;11815,,
RHOS,MESH_TYPE,ccib.f90,CC_SCALARS::GET_EXPLICIT_ADVDIFFVECTOR_SCALAR_3D,ptr_target,ptr,1,12113,12113,,
RHOS,MESH_TYPE,ccib.f90,CC_SCALARS::GET_EXPLICIT_ADVDIFFVECTOR_SCALAR_3D,read,alias:RHOP,9,12250,12250;12289;12327;12423;12431;12440;12448;12457;12465,,
RHOS,MESH_TYPE,ccib.f90,CC_SCALARS::CC_CHECK_MASS_DENSITY,ptr_target,ptr,1,12542,12542,,
RHOS,MESH_TYPE,ccib.f90,CC_SCALARS::GET_RHOZZ_CC_3D,ptr_target,ptr,1,13197,13197,,
RHOS,MESH_TYPE,ccib.f90,CC_SCALARS::GET_RHOZZ_CC_3D,write,alias:RHOP,1,13250,13250,,
RHOS,MESH_TYPE,ccib.f90,CC_SCALARS::GET_RHOZZVECTOR_SCALAR_3D,read,ptr,2,13478,13478;13479,,
RHOS,MESH_TYPE,ccib.f90,CC_SCALARS::GET_CCIFACE_RHOZZ_LIM,ptr_target,ptr,1,13515,13515,,
RHOS,MESH_TYPE,ccib.f90,CC_SCALARS::GET_CCIFACE_RHOZZ_LIM,read,alias:RHOP,1,13527,13527,,
RHOS,MESH_TYPE,ccib.f90,CC_SCALARS::GET_CCIFACE_RHOHS_LIM,ptr_target,ptr,1,13567,13567,,
RHOS,MESH_TYPE,ccib.f90,CC_SCALARS::GET_CCIFACE_RHOHS_LIM,read,alias:RHOP,1,13581,13581,,
RHOS,MESH_TYPE,ccib.f90,CC_SCALARS::GET_ADVDIFFVECTOR_SCALAR_3D,ptr_target,ptr,1,13641,13641,,
RHOS,MESH_TYPE,ccib.f90,CC_SCALARS::CC_VELOCITY_BC,ptr_target,ptr,1,13932,13932,,
RHOS,MESH_TYPE,divg.f90,DIVG::DIVERGENCE_PART_1,ptr_target,ptr,1,63,63,,
RHOS,MESH_TYPE,divg.f90,DIVG::DIVERGENCE_PART_1,arg_read,alias:RHOP,1,99,99,CC_VELOCITY_FLUX,CC_VELOCITY_FLUX(RHOP): INTENT(IN) ccib.f90:15044
RHOS,MESH_TYPE,divg.f90,DIVG::DIVERGENCE_PART_1,read,alias:RHOP,6,137,137;162;502;625;652;709,,
RHOS,MESH_TYPE,divg.f90,DIVG::ENTHALPY_ADVECTION_NEW,read,alias:RHOP,1,819,819,,
RHOS,MESH_TYPE,divg.f90,DIVG::SPECIES_ADVECTION_PART_1_NEW,read,alias:RHOP,2,1001,1001;1102,,
RHOS,MESH_TYPE,divg.f90,DIVG::SPECIES_ADVECTION_PART_2,read,alias:RHOP,7,1263,1263;1280;1281;1282;1283;1284;1285,,
RHOS,MESH_TYPE,hvac.f90,HVAC_ROUTINES::HVAC_BC_IN,ptr_target,ptr,1,2333,2333,,
RHOS,MESH_TYPE,hvac.f90,HVAC_ROUTINES::HVAC_BC_IN::INITIALIZE_HVAC,read,alias:RHOP,2,2416,2416;2514,,
RHOS,MESH_TYPE,init.f90,INIT::INITIALIZE_MESH_VARIABLES_1,alloc,M,1,526,526,,
RHOS,MESH_TYPE,init.f90,INIT::INITIALIZE_MESH_VARIABLES_1,write,M,3,526,526;726;899,,
RHOS,MESH_TYPE,init.f90,INIT::CREATE_OR_REMOVE_OBST,write,ptr,1,4881,4881,,
RHOS,MESH_TYPE,init.f90,INIT::TMP_INIT,write,ptr,1,5449,5449,,
RHOS,MESH_TYPE,init.f90,INIT::SPEC_INIT,write,ptr,1,5519,5519,,
RHOS,MESH_TYPE,main.f90,FDS::MESH_EXCHANGE,ptr_target,M,1,3303,3303,,
RHOS,MESH_TYPE,main.f90,FDS::MESH_EXCHANGE,read,alias:RHOP,3,3322,3322;3323;3341,,
RHOS,MESH_TYPE,mass.f90,MASS::MASS_FINITE_DIFFERENCES,ptr_target,ptr,1,54,54,,
RHOS,MESH_TYPE,mass.f90,MASS::MASS_FINITE_DIFFERENCES,read,alias:RHOP,2,73,73;206,,
RHOS,MESH_TYPE,mass.f90,MASS::DENSITY,write,ptr,1,509,509,,
RHOS,MESH_TYPE,mass.f90,MASS::DENSITY,read,ptr,3,531,531;574;628,,
RHOS,MESH_TYPE,mass.f90,MASS::DENSITY::CHECK_MASS_DENSITY,ptr_target,ptr,1,791,791,,
RHOS,MESH_TYPE,mass.f90,MASS::DENSITY::CHECK_MASS_DENSITY,read,alias:RHOP,16,809,809;812;830;831;832;833;834;835;836;854;859;887;934;953;954;955,,
RHOS,MESH_TYPE,mass.f90,MASS::DENSITY::CHECK_MASS_DENSITY,write,alias:RHOP,1,854,854,,
RHOS,MESH_TYPE,mesh.f90,MESH_POINTERS::POINT_TO_MESH,ptr_target,M,1,535,535,,
RHOS,MESH_TYPE,pres.f90,PRES::PRESSURE_SOLVER_COMPUTE_RHS,ptr_target,ptr,1,51,51,,
RHOS,MESH_TYPE,pres.f90,PRES::PRESSURE_SOLVER_CHECK_RESIDUALS,ptr_target,ptr,1,721,721,,
RHOS,MESH_TYPE,pres.f90,PRES::PRESSURE_SOLVER_CHECK_RESIDUALS,read,alias:RHOP,7,761,761;775;776;777;778;779;780,,
RHOS,MESH_TYPE,pres.f90,LOCMAT_SOLVER::ULMAT_SOLVE_ZONE,ptr_target,ptr,1,1835,1835,,
RHOS,MESH_TYPE,pres.f90,LOCMAT_SOLVER::ULMAT_SOLVE_ZONE,read,alias:RHOP,2,1842,1842;1843,,
RHOS,MESH_TYPE,pres.f90,GLOBMAT_SOLVER::GLMAT_SOLVER,ptr_target,ptr,1,3502,3502,,
RHOS,MESH_TYPE,pres.f90,GLOBMAT_SOLVER::GLMAT_SOLVER,read,alias:RHOP,2,3509,3509;3510,,
RHOS,MESH_TYPE,pres.f90,GLOBMAT_SOLVER::PRESSURE_SOLVER_CHECK_RESIDUALS_U,ptr_target,ptr,1,5912,5912,,
RHOS,MESH_TYPE,pres.f90,GLOBMAT_SOLVER::PRESSURE_SOLVER_CHECK_RESIDUALS_U,arg_read,alias:RHOP,2,5929,5929;5986,UNSTRUCTURED_POISSON_RESIDUAL,UNSTRUCTURED_POISSON_RESIDUAL(RHOP): INTENT(IN) ccib.f90:1321
RHOS,MESH_TYPE,pres.f90,GLOBMAT_SOLVER::PRESSURE_SOLVER_CHECK_RESIDUALS_U,arg_read,alias:RHOP,2,5933,5933;5990,UNSTRUCTURED_POISSON_RESIDUAL_RC,UNSTRUCTURED_POISSON_RESIDUAL_RC(RHOP): INTENT(IN) ccib.f90:1076
RHOS,MESH_TYPE,pres.f90,GLOBMAT_SOLVER::PRESSURE_SOLVER_CHECK_RESIDUALS_U,read,alias:RHOP,7,5972,5972;6011;6012;6013;6014;6015;6016,,
RHOS,MESH_TYPE,pres.f90,GLOBMAT_SOLVER::PRESSURE_SOLVER_CHECK_RESIDUALS_U,arg_read,alias:RHOP,1,5974,5974,COMPUTE_LINKED_CUTFACE_BAROCLINIC,COMPUTE_LINKED_CUTFACE_BAROCLINIC(RHOP): INTENT(IN) ccib.f90:1860
RHOS,MESH_TYPE,soot.f90,SOOT_ROUTINES::SETTLING_VELOCITY,ptr_target,ptr,1,46,46,,
RHOS,MESH_TYPE,soot.f90,SOOT_ROUTINES::SETTLING_VELOCITY,read,alias:RHOP,3,66,66;89;111,,
RHOS,MESH_TYPE,turb.f90,TURBULENCE::NS_ANALYTICAL_SOLUTION,ptr_target,ptr,1,111,111,,
RHOS,MESH_TYPE,turb.f90,TURBULENCE::NS_ANALYTICAL_SOLUTION,arg_read,alias:RHOP,1,121,121,NS_U_EXACT,NS_U_EXACT(RHOP): INTENT(IN) turb.f90:157
RHOS,MESH_TYPE,turb.f90,TURBULENCE::NS_ANALYTICAL_SOLUTION,arg_read,alias:RHOP,1,128,128,NS_V_EXACT,NS_V_EXACT(RHOP): INTENT(IN) turb.f90:163
RHOS,MESH_TYPE,turb.f90,TURBULENCE::NS_ANALYTICAL_SOLUTION,arg_read,alias:RHOP,2,135,135;136,NS_H_EXACT,NS_H_EXACT(RHOP): INTENT(IN) turb.f90:169
RHOS,MESH_TYPE,turb.f90,TURBULENCE::VARDEN_DYNSMAG,ptr_target,ptr,1,486,486,,
RHOS,MESH_TYPE,turb.f90,TURBULENCE::VARDEN_DYNSMAG,read,alias:RHOP,2,530,530;621,,
RHOS,MESH_TYPE,turb.f90,TURBULENCE::CALC_VARDEN_LEONARD_TERM,ptr_target,ptr,1,735,735,,
RHOS,MESH_TYPE,turb.f90,TURBULENCE::CALC_VARDEN_LEONARD_TERM,read,alias:RHOP,9,752,752;753;754;755;756;757;790;791;792,,
RHOS,MESH_TYPE,turb.f90,TURBULENCE::TENSOR_DIFFUSIVITY_MODEL,ptr_target,ptr,1,1313,1313,,
RHOS,MESH_TYPE,turb.f90,TURBULENCE::TENSOR_DIFFUSIVITY_MODEL,read,alias:RHOP,3,1326,1326;1350;1374,,
RHOS,MESH_TYPE,velo.f90,VELO::COMPUTE_VISCOSITY,ptr_target,ptr,1,56,56,,
RHOS,MESH_TYPE,velo.f90,VELO::COMPUTE_VISCOSITY,read,alias:RHOP,5,118,118;193;248;276;346,,
RHOS,MESH_TYPE,velo.f90,VELO::VELOCITY_FLUX,ptr_target,ptr,1,589,589,,
RHOS,MESH_TYPE,velo.f90,VELO::VELOCITY_FLUX,read,alias:RHOP,3,700,700;758;816,,
RHOS,MESH_TYPE,velo.f90,VELO::VELOCITY_FLUX,arg_read,alias:RHOP,1,852,852,CC_VELOCITY_FLUX,CC_VELOCITY_FLUX(RHOP): INTENT(IN) ccib.f90:15044
RHOS,MESH_TYPE,velo.f90,VELO::VELOCITY_FLUX::DIRECT_FORCE,read,alias:RHOP,3,899,899;920;941,,
RHOS,MESH_TYPE,velo.f90,VELO::VELOCITY_FLUX_CYLINDRICAL,ptr_target,ptr,1,1230,1230,,
RHOS,MESH_TYPE,velo.f90,VELO::VELOCITY_FLUX_CYLINDRICAL,read,alias:RHOP,2,1290,1290;1326,,
RHOS,MESH_TYPE,velo.f90,VELO::VELOCITY_BC,ptr_target,ptr,1,1846,1846,,
RHOS,MESH_TYPE,velo.f90,VELO::VELOCITY_BC,read,alias:RHOP,2,2376,2376;2386,,
RHOS,MESH_TYPE,velo.f90,VELO::CHECK_STABILITY,read,ptr,1,3125,3125,,
RHOS,MESH_TYPE,velo.f90,VELO::BAROCLINIC_CORRECTION,ptr_target,ptr,1,3246,3246,,
RHOS,MESH_TYPE,velo.f90,VELO::BAROCLINIC_CORRECTION,read,alias:RHOP,8,3257,3257;3258;3270;3271;3285;3286;3300;3301,,
RHOS,MESH_TYPE,wall.f90,WALL_ROUTINES::WALL_BC,ptr_target,ptr,1,73,73,,
RHOS,MESH_TYPE,wall.f90,WALL_ROUTINES::ASSIGN_GHOST_VALUE,write,alias:RHOP,3,343,343;376;383,,
RHOS,MESH_TYPE,wall.f90,WALL_ROUTINES::ASSIGN_GHOST_VALUE,read,alias:RHOP,3,347,347;381;383,,
RHOS,MESH_TYPE,wall.f90,WALL_ROUTINES::NEAR_SURFACE_GAS_VARIABLES,read,alias:RHOP,2,444,444;465,,
RHOS,MESH_TYPE,wall.f90,WALL_ROUTINES::NEAR_SURFACE_GAS_VARIABLES,arg_read,alias:RHOP,1,459,459,SCALAR_TO_POINT,SCALAR_TO_POINT(FIELD): INTENT(IN) wall.f90:504
RHOS,MESH_TYPE,wall.f90,WALL_ROUTINES::SURFACE_HEAT_TRANSFER,write,alias:RHOP,2,717,717;718,,
RHOS,MESH_TYPE,wall.f90,WALL_ROUTINES::SURFACE_HEAT_TRANSFER,read,alias:RHOP,2,718,718;959,,
RHOS,MESH_TYPE,wall.f90,WALL_ROUTINES::CALCULATE_RHO_F,write,alias:RHOP,2,1627,1627;1628,,
RHOS,OMESH_TYPE,dump.f90,DUMP::DUMP_RESTART,read,M2,1,4020,4020,,
RHOS,OMESH_TYPE,dump.f90,DUMP::READ_RESTART,write,M2,1,4253,4253,,
RHOS,OMESH_TYPE,main.f90,FDS::INITIALIZE_MESH_EXCHANGE_1,alloc,OM,1,2204,2204,,
RHOS,OMESH_TYPE,main.f90,FDS::INITIALIZE_MESH_EXCHANGE_1,write,OM,1,2206,2206,,
RHOS,OMESH_TYPE,main.f90,FDS::MESH_EXCHANGE,ptr_target,M2,2,3337,3337;3708,,
RHOS,OMESH_TYPE,main.f90,FDS::MESH_EXCHANGE,write,alias:RHOP2,1,3341,3341,,
RHOS,OMESH_TYPE,main.f90,FDS::MESH_EXCHANGE,write,alias:RHOP,2,3724,3724;3725,,
RHOS,OMESH_TYPE,wall.f90,WALL_ROUTINES::ASSIGN_GHOST_VALUE,ptr_target,OM,1,305,305,,
RHOS,OMESH_TYPE,wall.f90,WALL_ROUTINES::ASSIGN_GHOST_VALUE,read,alias:OM_RHOP,4,331,331;333;334;336,,
RHOS,OMESH_TYPE,wall.f90,WALL_ROUTINES::SURFACE_HEAT_TRANSFER,ptr_target,OM,1,827,827,,
RHOS,OMESH_TYPE,wall.f90,WALL_ROUTINES::SURFACE_HEAT_TRANSFER,read,alias:OM_RHOP,1,900,900,,
