field,role,stage,routine,file,access,index_space,geometry,velocity_state,citation_36975d7,citation_bee11f0329,source,note
US|VS|WS (U|V|W),producer+consumer,predictor/corrector,MATCH_VELOCITY,velo.f90,,interface face of own mesh,no,selects the array,velo.f90:2651,velo.f90:2667,curated,"predictor call (main.f90 end of predictor) works on US,VS,WS; corrector call and the initial call work on U,V,W (next row)"
U|V|W,producer+consumer,predictor/corrector,MATCH_VELOCITY,velo.f90,,interface face of own mesh,no,selects the array,velo.f90:2655,velo.f90:2671,curated,"same routine, CORRECTOR branch"
UVW_SAVE,producer,predictor/corrector,MATCH_VELOCITY,velo.f90,,external wall IW,no,unmatched (copy),velo.f90:2732,velo.f90:2748,curated,"saves the own-mesh normal face velocity BEFORE it is averaged; one scalar per external wall, valid until the next MATCH_VELOCITY call; six CASEs (IOR +-1,+-2,+-3)"
US|VS|WS|U|V|W (own face),producer,predictor/corrector,MATCH_VELOCITY,velo.f90,,interface face of own mesh,no,matched (written),velo.f90:2733,velo.f90:2749,curated,own interface face := 0.5*(own + area-weighted neighbour); only walls with BOUNDARY_TYPE==INTERPOLATED_BOUNDARY
US|VS|WS|U|V|W (neighbour OMESH copy),producer,predictor/corrector,MATCH_VELOCITY,velo.f90,,interface face of own mesh,no,matched (written on the other mesh's copy),velo.f90:2728,velo.f90:2744,curated,"when EWC%AREA_RATIO>0.9 the neighbour's received copy is averaged in place (cross-mesh write into OMESH%US/U, not into the neighbour's own array)"
EXTERNAL_WALL%BOUNDARY_TYPE_PREVIOUS,producer,predictor/corrector,MATCH_VELOCITY,velo.f90,,interface face of own mesh,no,flag,velo.f90:2667,velo.f90:2683,curated,"written for every external wall before the INTERPOLATED test, so it records the boundary type at the moment of the last match"
U_GHOST|V_GHOST|W_GHOST,producer,predictor/corrector,MATCH_VELOCITY,velo.f90,,external wall IW,no,matched neighbour values,velo.f90:2809,velo.f90:2825,curated,"cell-centred ghost velocity: mean of the neighbour copy OM%US/U (after the in-place averaging above) over the IIO..KKO range, divided by the cell count"
U_GHOST|V_GHOST|W_GHOST,producer,predictor/corrector,MATCH_VELOCITY,velo.f90,,external wall IW,no,matched neighbour values,velo.f90:2849,velo.f90:2865,curated,normalisation
FVX|FVY|FVZ (own face),producer,pressure,MATCH_VELOCITY_FLUX,velo.f90,,interface face of own mesh,no,matched (written),velo.f90:2951,velo.f90:2971,curated,"same average for the flux FVX/FVY/FVZ; reads the neighbour's FVX/FVY/FVZ (OM%FVX, received by MESH_EXCHANGE(5)); no unmatched copy is kept"
FVX|FVY|FVZ (neighbour OMESH),consumer,pressure,MATCH_VELOCITY_FLUX,velo.f90,,interface face of own mesh,no,neighbour value,velo.f90:2947,velo.f90:2967,curated,cross-mesh read
UVW_SAVE,consumer,predictor/corrector,DENSITY,mass.f90,,external wall IW,no,restores unmatched,mass.f90:429,mass.f90:429,curated,"predictor branch: UU is a work copy of U (UU=U); the loop writes the saved unmatched face value back into the copy at INTERPOLATED walls, so the mass flux there uses the unmatched velocity"
UVW_SAVE,consumer,predictor/corrector,DENSITY,mass.f90,,external wall IW,no,restores unmatched,mass.f90:601,mass.f90:601,curated,"corrector branch: UU=US copy; same restore, but gated by EWC%BOUNDARY_TYPE_PREVIOUS (the type at the last match), not the current WC%BOUNDARY_TYPE"
EXTERNAL_WALL%BOUNDARY_TYPE_PREVIOUS,consumer,predictor/corrector,DENSITY,mass.f90,,interface face of own mesh,no,flag,mass.f90:598,mass.f90:598,curated,gate of the corrector restore
UVW_SAVE,consumer,predictor/corrector,ENTHALPY_ADVECTION_NEW,divg.f90,,external wall IW,no,unmatched,divg.f90:933,divg.f90:933,curated,"boundary flux term at INTERPOLATED walls (called from DIVERGENCE_PART_1); the interior face values come from GET_SCALAR_FACE_VALUE(UU,...) on the matched array"
UVW_SAVE,consumer,predictor/corrector,SPECIES_ADVECTION_PART_2,divg.f90,,external wall IW,no,unmatched,divg.f90:1260,divg.f90:1260,curated,"same, species (called from DIVERGENCE_PART_1)"
US|VS|WS|U|V|W,consumer,predictor/corrector,DIVERGENCE_PART_1,divg.f90,,interface face of own mesh,no,matched,divg.f90:72,divg.f90:72,curated,"UU=>U (predictor) / UU=>US (corrector) selected here; all advection nests read the matched array, except the boundary terms above"
US|VS|WS|U|V|W,consumer,predictor/corrector,SPECIES_ADVECTION_PART_1_NEW,divg.f90,,interface face of own mesh,no,matched,divg.f90:1012,divg.f90:1012,curated,face values at faces 0 and IBAR (interface faces) are built from the matched UU (no restore)
U_GHOST|V_GHOST|W_GHOST,consumer,predictor/corrector,COMPUTE_VISCOSITY,velo.f90,,external wall IW,no,matched neighbour values,velo.f90:156,velo.f90:159,curated,"cell-centred ghost UP,VP,WP at INTERPOLATED walls (Deardorff branch); interior UP,VP,WP are built from the matched UU"
U_GHOST|V_GHOST|W_GHOST,consumer,predictor/corrector,CORIOLIS_FORCE,velo.f90,,external wall IW,no,matched neighbour values (INTERPOLATED walls); initial wind value elsewhere,velo.f90:984,velo.f90:990,curated,"no boundary-type test: for walls that are not INTERPOLATED, U_GHOST is never rewritten by MATCH_VELOCITY (it CYCLEs) and keeps the initial wind value set in INITIALIZE_MESH_VARIABLES_1"
UVW_SAVE|U_GHOST|V_GHOST|W_GHOST,producer,setup,INITIALIZE_MESH_VARIABLES_1,init.f90,,external wall IW,no,zero,init.f90:972,init.f90:972,curated,allocated (1:N_EXTERNAL_WALL_CELLS) and zeroed
U_GHOST|V_GHOST|W_GHOST,producer,setup,INITIALIZE_MESH_VARIABLES_1,init.f90,,external wall IW,no,wind value,init.f90:983,init.f90:983,curated,"initial cell-centred ghost velocity = wind profile at the ghost cell height, every external wall"
(call site),driver,main loop,MATCH_VELOCITY,main.f90,,,no,,main.f90:411,main.f90:476,curated,"initialisation, CORRECTOR=.TRUE.: operates on U,V,W, followed by COMPUTE_VISCOSITY"
(call site),driver,main loop,MATCH_VELOCITY,main.f90,,,no,,main.f90:914,main.f90:987,curated,"end of predictor (after MESH_EXCHANGE(3)): operates on US,VS,WS"
(call site),driver,main loop,MATCH_VELOCITY,main.f90,,,no,,main.f90:1120,main.f90:1193,curated,"end of corrector: operates on U,V,W"
(call site),driver,main loop,MATCH_VELOCITY_FLUX,main.f90,,,no,,main.f90:1638,main.f90:1711,curated,"pressure stage, after MESH_EXCHANGE(5) of FVX,FVY,FVZ"
UVW_SAVE,consumer,predictor/corrector,CC_SCALARS::CC_DIVERGENCE_PART_1::CCENTHALPY_ADVECTION,ccib.f90,R,external wall IW,yes (ccib.f90: deferred),unmatched copy,ccib.f90:9541,ccib.f90:9541,matrix,"first access of UVW_SAVE in CCENTHALPY_ADVECTION (matrix, access R); cut-cell version: same role as the regular-grid routine, deferred with the geometry refactor"
UVW_SAVE,consumer,predictor/corrector,CC_SCALARS::CC_DIVERGENCE_PART_1::CCSPECIES_ADVECTION,ccib.f90,R,external wall IW,yes (ccib.f90: deferred),unmatched copy,ccib.f90:9003,ccib.f90:9003,matrix,"first access of UVW_SAVE in CCSPECIES_ADVECTION (matrix, access R); cut-cell version: same role as the regular-grid routine, deferred with the geometry refactor"
EWC_UN_LNK,producer+consumer,predictor/corrector,CC_SCALARS::CC_MATCH_VELOCITY,ccib.f90,RW,external wall IW,yes (ccib.f90: deferred),matched link velocity,ccib.f90:5463,ccib.f90:5463,matrix,"first access of EWC_UN_LNK in CC_MATCH_VELOCITY (matrix, access RW); cut-cell version: same role as the regular-grid routine, deferred with the geometry refactor"
UVW_SAVE,producer,predictor/corrector,CC_SCALARS::CC_MATCH_VELOCITY,ccib.f90,W,external wall IW,yes (ccib.f90: deferred),unmatched copy,ccib.f90:5487,ccib.f90:5487,matrix,"first access of UVW_SAVE in CC_MATCH_VELOCITY (matrix, access W); cut-cell version: same role as the regular-grid routine, deferred with the geometry refactor"
U_GHOST,producer+consumer,predictor/corrector,CC_SCALARS::CC_MATCH_VELOCITY,ccib.f90,RW,external wall IW,yes (ccib.f90: deferred),matched neighbour values,ccib.f90:5823,ccib.f90:5823,matrix,"first access of U_GHOST in CC_MATCH_VELOCITY (matrix, access RW); cut-cell version: same role as the regular-grid routine, deferred with the geometry refactor"
V_GHOST,producer+consumer,predictor/corrector,CC_SCALARS::CC_MATCH_VELOCITY,ccib.f90,RW,external wall IW,yes (ccib.f90: deferred),matched neighbour values,ccib.f90:5824,ccib.f90:5824,matrix,"first access of V_GHOST in CC_MATCH_VELOCITY (matrix, access RW); cut-cell version: same role as the regular-grid routine, deferred with the geometry refactor"
W_GHOST,producer+consumer,predictor/corrector,CC_SCALARS::CC_MATCH_VELOCITY,ccib.f90,RW,external wall IW,yes (ccib.f90: deferred),matched neighbour values,ccib.f90:5825,ccib.f90:5825,matrix,"first access of W_GHOST in CC_MATCH_VELOCITY (matrix, access RW); cut-cell version: same role as the regular-grid routine, deferred with the geometry refactor"
UVW_SAVE,consumer,predictor/corrector,CC_SCALARS::GET_ADVDIFFVECTOR_SCALAR_3D,ccib.f90,R,external wall IW,yes (ccib.f90: deferred),unmatched copy,ccib.f90:13775,ccib.f90:13775,matrix,"first access of UVW_SAVE in GET_ADVDIFFVECTOR_SCALAR_3D (matrix, access R); cut-cell version: same role as the regular-grid routine, deferred with the geometry refactor"
UVW_SAVE,consumer,predictor/corrector,CC_SCALARS::GET_EXPLICIT_ADVDIFFVECTOR_SCALAR_3D,ccib.f90,R,external wall IW,yes (ccib.f90: deferred),unmatched copy,ccib.f90:12099,ccib.f90:12099,matrix,"first access of UVW_SAVE in GET_EXPLICIT_ADVDIFFVECTOR_SCALAR_3D (matrix, access R); cut-cell version: same role as the regular-grid routine, deferred with the geometry refactor"
EWC_UN_LNK,producer+consumer,predictor/corrector,CC_SCALARS::GET_LINKED_VELOCITIES,ccib.f90,RW,external wall IW,yes (ccib.f90: deferred),matched link velocity,ccib.f90:3147,ccib.f90:3147,matrix,"first access of EWC_UN_LNK in GET_LINKED_VELOCITIES (matrix, access RW); cut-cell version: same role as the regular-grid routine, deferred with the geometry refactor"
UVW_SAVE,consumer,predictor/corrector,DIVG::ENTHALPY_ADVECTION_NEW,divg.f90,R,external wall IW,no,see curated row,divg.f90:933,divg.f90:933,matrix,"first access of UVW_SAVE in ENTHALPY_ADVECTION_NEW (matrix, access R)"
UVW_SAVE,consumer,predictor/corrector,DIVG::SPECIES_ADVECTION_PART_2,divg.f90,R,external wall IW,no,see curated row,divg.f90:1260,divg.f90:1260,matrix,"first access of UVW_SAVE in SPECIES_ADVECTION_PART_2 (matrix, access R)"
UVW_SAVE,consumer,output,DUMP::DUMP_RESTART,dump.f90,R,external wall IW,no,n/a,dump.f90:3924,,matrix,restart file: UVW_SAVE is written/read as a whole array
U_GHOST,consumer,output,DUMP::DUMP_RESTART,dump.f90,R,external wall IW,no,n/a,dump.f90:3925,,matrix,restart file: U_GHOST is written/read as a whole array
V_GHOST,consumer,output,DUMP::DUMP_RESTART,dump.f90,R,external wall IW,no,n/a,dump.f90:3926,,matrix,restart file: V_GHOST is written/read as a whole array
W_GHOST,consumer,output,DUMP::DUMP_RESTART,dump.f90,R,external wall IW,no,n/a,dump.f90:3927,,matrix,restart file: W_GHOST is written/read as a whole array
UVW_SAVE,consumer,predictor/corrector,MASS::DENSITY,mass.f90,R,external wall IW,no,see curated row,mass.f90:429,mass.f90:429,matrix,"first access of UVW_SAVE in DENSITY (matrix, access R)"
EWC_UN_LNK,pointer bind,other/shared,MESH_POINTERS::POINT_TO_MESH,mesh.f90,R,external wall IW,no,n/a,mesh.f90:809,,matrix,"module pointer EWC_UN_LNK => M%EWC_UN_LNK (mesh.f90, one line per array); not an access"
UVW_SAVE,pointer bind,other/shared,MESH_POINTERS::POINT_TO_MESH,mesh.f90,R,external wall IW,no,n/a,mesh.f90:826,,matrix,"module pointer UVW_SAVE => M%UVW_SAVE (mesh.f90, one line per array); not an access"
U_GHOST,pointer bind,other/shared,MESH_POINTERS::POINT_TO_MESH,mesh.f90,R,external wall IW,no,n/a,mesh.f90:827,,matrix,"module pointer U_GHOST => M%U_GHOST (mesh.f90, one line per array); not an access"
V_GHOST,pointer bind,other/shared,MESH_POINTERS::POINT_TO_MESH,mesh.f90,R,external wall IW,no,n/a,mesh.f90:828,,matrix,"module pointer V_GHOST => M%V_GHOST (mesh.f90, one line per array); not an access"
W_GHOST,pointer bind,other/shared,MESH_POINTERS::POINT_TO_MESH,mesh.f90,R,external wall IW,no,n/a,mesh.f90:829,,matrix,"module pointer W_GHOST => M%W_GHOST (mesh.f90, one line per array); not an access"
U_GHOST,consumer,predictor/corrector,VELO::COMPUTE_VISCOSITY,velo.f90,R,external wall IW,no,see curated row,velo.f90:156,velo.f90:159,matrix,"first access of U_GHOST in COMPUTE_VISCOSITY (matrix, access R)"
V_GHOST,consumer,predictor/corrector,VELO::COMPUTE_VISCOSITY,velo.f90,R,external wall IW,no,see curated row,velo.f90:157,velo.f90:160,matrix,"first access of V_GHOST in COMPUTE_VISCOSITY (matrix, access R)"
W_GHOST,consumer,predictor/corrector,VELO::COMPUTE_VISCOSITY,velo.f90,R,external wall IW,no,see curated row,velo.f90:158,velo.f90:161,matrix,"first access of W_GHOST in COMPUTE_VISCOSITY (matrix, access R)"
UVW_SAVE,producer,predictor/corrector,VELO::MATCH_VELOCITY,velo.f90,W,external wall IW,no,see curated row,velo.f90:2732,velo.f90:2748,matrix,"first access of UVW_SAVE in MATCH_VELOCITY (matrix, access W)"
U_GHOST,producer+consumer,predictor/corrector,VELO::MATCH_VELOCITY,velo.f90,RW,external wall IW,no,see curated row,velo.f90:2809,velo.f90:2825,matrix,"first access of U_GHOST in MATCH_VELOCITY (matrix, access RW)"
V_GHOST,producer+consumer,predictor/corrector,VELO::MATCH_VELOCITY,velo.f90,RW,external wall IW,no,see curated row,velo.f90:2810,velo.f90:2826,matrix,"first access of V_GHOST in MATCH_VELOCITY (matrix, access RW)"
W_GHOST,producer+consumer,predictor/corrector,VELO::MATCH_VELOCITY,velo.f90,RW,external wall IW,no,see curated row,velo.f90:2811,velo.f90:2827,matrix,"first access of W_GHOST in MATCH_VELOCITY (matrix, access RW)"
U_GHOST,consumer,predictor/corrector,VELO::VELOCITY_FLUX::CORIOLIS_FORCE,velo.f90,R,external wall IW,no,see curated row,velo.f90:984,velo.f90:990,matrix,"first access of U_GHOST in CORIOLIS_FORCE (matrix, access R)"
V_GHOST,consumer,predictor/corrector,VELO::VELOCITY_FLUX::CORIOLIS_FORCE,velo.f90,R,external wall IW,no,see curated row,velo.f90:985,velo.f90:991,matrix,"first access of V_GHOST in CORIOLIS_FORCE (matrix, access R)"
W_GHOST,consumer,predictor/corrector,VELO::VELOCITY_FLUX::CORIOLIS_FORCE,velo.f90,R,external wall IW,no,see curated row,velo.f90:986,velo.f90:992,matrix,"first access of W_GHOST in CORIOLIS_FORCE (matrix, access R)"
