order,tier,field,category,declared,n_runtime_routines,writer_stages,reader_stages,carried_between_steps,n_users_hidden_state,n_users_cross_mesh,tier_reason,writers_sample,prev_step_evidence
1,0,INTERPOLATED_MESH,ghost_boundary,mesh.f90:341,5,,predictor/corrector|particles|output|other/shared,no,3,1,no runtime writer in routine_field_access.csv; read-only while stepping,,
2,0,LES_FILTER_WIDTH,grid_geometry,mesh.f90:62,7,,predictor/corrector|species_combustion|particles|output|other/shared,no,3,1,no runtime writer in routine_field_access.csv; read-only while stepping,,
3,0,K_AGL_SLICE,other,mesh.f90:346,4,,output|other/shared,no,2,3,no runtime writer in routine_field_access.csv; read-only while stepping,,
4,0,PRESSURE_ZONE,pressure_solver,mesh.f90:107,38,,predictor/corrector|pressure|radiation|species_combustion|solid_phase|particles|output|other/shared,no,26,7,no runtime writer in routine_field_access.csv; read-only while stepping,,
5,1,IWORK1,scratch_work,mesh.f90:118,2,predictor/corrector,other/shared,no,0,1,written only by stage predictor/corrector,COMPUTE_VISCOSITY@velo.f90:304,
6,1,SWORK4,scratch_work,mesh.f90:116,2,predictor/corrector,other/shared,no,0,1,written only by stage predictor/corrector,DENSITY@mass.f90:412,
7,1,TURB_WORK10,scratch_work,mesh.f90:125,2,predictor/corrector,other/shared,no,0,1,written only by stage predictor/corrector,VARDEN_DYNSMAG@turb.f90:573,
8,1,CCVELDIV,other,mesh.f90:126,3,predictor/corrector,output|other/shared,no,0,1,written only by stage predictor/corrector,CC_CHECK_DIVERGENCE@ccib.f90:16271,
9,1,TURB_WORK1,scratch_work,mesh.f90:123,3,predictor/corrector,other/shared,no,0,1,written only by stage predictor/corrector,VARDEN_DYNSMAG@turb.f90:505; CALC_VARDEN_LEONARD_TERM@turb.f90:790,
10,1,TURB_WORK2,scratch_work,mesh.f90:123,3,predictor/corrector,other/shared,no,0,1,written only by stage predictor/corrector,VARDEN_DYNSMAG@turb.f90:506; CALC_VARDEN_LEONARD_TERM@turb.f90:791,
11,1,TURB_WORK3,scratch_work,mesh.f90:123,3,predictor/corrector,other/shared,no,0,1,written only by stage predictor/corrector,VARDEN_DYNSMAG@turb.f90:507; CALC_VARDEN_LEONARD_TERM@turb.f90:792,
12,1,TURB_WORK4,scratch_work,mesh.f90:123,3,predictor/corrector,other/shared,no,0,1,written only by stage predictor/corrector,VARDEN_DYNSMAG@turb.f90:560; CALC_VARDEN_LEONARD_TERM@turb.f90:752,
13,1,TURB_WORK5,scratch_work,mesh.f90:124,3,predictor/corrector,other/shared,no,0,1,written only by stage predictor/corrector,VARDEN_DYNSMAG@turb.f90:561; CALC_VARDEN_LEONARD_TERM@turb.f90:753,
14,1,TURB_WORK6,scratch_work,mesh.f90:124,3,predictor/corrector,other/shared,no,0,1,written only by stage predictor/corrector,VARDEN_DYNSMAG@turb.f90:562; CALC_VARDEN_LEONARD_TERM@turb.f90:754,
15,1,TURB_WORK7,scratch_work,mesh.f90:124,3,predictor/corrector,other/shared,no,0,1,written only by stage predictor/corrector,VARDEN_DYNSMAG@turb.f90:563; CALC_VARDEN_LEONARD_TERM@turb.f90:755,
16,1,TURB_WORK8,scratch_work,mesh.f90:124,3,predictor/corrector,other/shared,no,0,1,written only by stage predictor/corrector,VARDEN_DYNSMAG@turb.f90:564; CALC_VARDEN_LEONARD_TERM@turb.f90:756,
17,1,TURB_WORK9,scratch_work,mesh.f90:125,3,predictor/corrector,other/shared,no,0,1,written only by stage predictor/corrector,VARDEN_DYNSMAG@turb.f90:565; CALC_VARDEN_LEONARD_TERM@turb.f90:757,
18,1,CSD2,cell_centred_solution,mesh.f90:54,4,predictor/corrector,output|other/shared,no,0,1,written only by stage predictor/corrector,VARDEN_DYNSMAG@turb.f90:703,
19,1,WORK_PAD,scratch_work,mesh.f90:119,4,predictor/corrector,other/shared,no,0,1,written only by stage predictor/corrector,ENTHALPY_ADVECTION_NEW@divg.f90:803; SPECIES_ADVECTION_PART_1_NEW@divg.f90:1001; MASS_FINITE_DIFFERENCES@mass.f90:73,
20,1,DIF_FXS,face_centred_flux,mesh.f90:83,2,predictor/corrector,other/shared,no,1,1,written only by stage predictor/corrector,DIVERGENCE_PART_1@divg.f90:278,
21,1,DIF_FYS,face_centred_flux,mesh.f90:84,2,predictor/corrector,other/shared,no,1,1,written only by stage predictor/corrector,DIVERGENCE_PART_1@divg.f90:279,
22,1,DIF_FZS,face_centred_flux,mesh.f90:85,2,predictor/corrector,other/shared,no,1,1,written only by stage predictor/corrector,DIVERGENCE_PART_1@divg.f90:280,
23,1,IBLK,other,mesh.f90:132,2,output,other/shared,no,1,1,written only by stage output,DUMP_ISOF@dump.f90:4884,
24,1,QQ2,other,mesh.f90:129,2,output,other/shared,no,1,1,written only by stage output,DUMP_ISOF@dump.f90:4986,
25,1,RHO_ZZN,wall_obst_cutcell,mesh.f90:257,2,predictor/corrector,,no,2,0,written only by stage predictor/corrector,CC_DENSITY@ccib.f90:11786,
26,1,WORK_U,scratch_work,mesh.f90:120,3,predictor/corrector,other/shared,no,1,1,written only by stage predictor/corrector,DENSITY@mass.f90:417; GET_EXPLICIT_ADVDIFFVECTOR_SCALAR_3D@ccib.f90:12082,
27,1,WORK_V,scratch_work,mesh.f90:120,3,predictor/corrector,other/shared,no,1,1,written only by stage predictor/corrector,DENSITY@mass.f90:418; GET_EXPLICIT_ADVDIFFVECTOR_SCALAR_3D@ccib.f90:12083,
28,1,WORK_W,scratch_work,mesh.f90:120,3,predictor/corrector,other/shared,no,1,1,written only by stage predictor/corrector,DENSITY@mass.f90:419; GET_EXPLICIT_ADVDIFFVECTOR_SCALAR_3D@ccib.f90:12084,
29,1,AVG_DROP_DEN,particle,mesh.f90:72,4,particles,output|other/shared,no,1,1,written only by stage particles,PARTICLE_RUNNING_AVERAGES@part.f90:4500,
30,1,DIF_FX,face_centred_flux,mesh.f90:80,4,predictor/corrector,output|other/shared,no,1,1,written only by stage predictor/corrector,DIVERGENCE_PART_1@divg.f90:272,
31,1,DIF_FY,face_centred_flux,mesh.f90:81,4,predictor/corrector,output|other/shared,no,1,1,written only by stage predictor/corrector,DIVERGENCE_PART_1@divg.f90:273,
32,1,DIF_FZ,face_centred_flux,mesh.f90:82,4,predictor/corrector,output|other/shared,no,1,1,written only by stage predictor/corrector,DIVERGENCE_PART_1@divg.f90:274,
33,1,STRAIN_RATE,cell_centred_solution,mesh.f90:59,6,predictor/corrector,species_combustion|output|other/shared,no,1,1,written only by stage predictor/corrector,COMPUTE_STRAIN_RATE@velo.f90:432,
34,1,KAPPA_GAS,radiation,mesh.f90:45,3,radiation,output|other/shared,no,1,2,written only by stage radiation,RADIATION_FVM@radi.f90:3997,
35,1,RADIATION_ABSORPTION,radiation,mesh.f90:50,3,radiation,output|other/shared,no,1,2,written only by stage radiation,RADIATION_FVM@radi.f90:3878,
36,1,RADIATION_EMISSION,radiation,mesh.f90:49,3,radiation,output|other/shared,no,1,2,written only by stage radiation,RADIATION_FVM@radi.f90:3877,
37,1,AVG_DROP_TMP,particle,mesh.f90:73,4,particles,radiation|output|other/shared,no,1,2,written only by stage particles,PARTICLE_RUNNING_AVERAGES@part.f90:4493,
38,1,CHEM_SUBIT,cell_centred_solution,mesh.f90:55,4,species_combustion,output|other/shared,no,2,1,written only by stage species_combustion,COMBUSTION_GENERAL_LOAD_BALANCED@fire.f90:268; GATHER_CELLS_FROM_MPI_PROCESSES@fire.f90:743,
39,1,PP_RESIDUAL,other,mesh.f90:61,4,pressure,output|other/shared,no,2,1,written only by stage pressure,PRESSURE_SOLVER_CHECK_RESIDUALS_U@pres.f90:6029; PRESSURE_SOLVER_CHECK_RESIDUALS@pres.f90:794,
40,1,Q_REAC,cell_centred_solution,mesh.f90:71,4,species_combustion,output|other/shared,no,2,1,written only by stage species_combustion,COMBUSTION_GENERAL_LOAD_BALANCED@fire.f90:141; SET_SPECIES_SOURCE_TERM_CELL@fire.f90:480,
41,1,REAC_SOURCE_TERM,cell_centred_solution,mesh.f90:66,4,species_combustion,output|other/shared,no,2,1,written only by stage species_combustion,COMBUSTION_GENERAL_LOAD_BALANCED@fire.f90:140; SET_SPECIES_SOURCE_TERM_CELL@fire.f90:479,
42,1,SWORK2,scratch_work,mesh.f90:114,6,predictor/corrector,other/shared,no,2,1,written only by stage predictor/corrector,DIVERGENCE_PART_1@divg.f90:177; SPECIES_ADVECTION_PART_1_NEW@divg.f90:1057; TENSOR_DIFFUSIVITY_MODEL@turb.f90:1364,
43,1,SWORK3,scratch_work,mesh.f90:115,6,predictor/corrector,other/shared,no,2,1,written only by stage predictor/corrector,DIVERGENCE_PART_1@divg.f90:179; SPECIES_ADVECTION_PART_1_NEW@divg.f90:1071; TENSOR_DIFFUSIVITY_MODEL@turb.f90:1388,
44,1,UIID,radiation,mesh.f90:338,3,radiation,output|other/shared,no,1,3,written only by stage radiation,RADIATION_FVM@radi.f90:4292,
45,1,UII,radiation,mesh.f90:51,4,radiation,output|other/shared,no,1,3,written only by stage radiation,RADIATION_FVM@radi.f90:4216,
46,1,AVG_DROP_RAD,particle,mesh.f90:74,5,particles,radiation|output|other/shared,no,2,2,written only by stage particles,PARTICLE_RUNNING_AVERAGES@part.f90:4492,
47,1,D_Z_MAX,cell_centred_solution,mesh.f90:60,6,predictor/corrector,output|other/shared,no,3,1,written only by stage predictor/corrector,DIVERGENCE_PART_1@divg.f90:111; TENSOR_DIFFUSIVITY_MODEL@turb.f90:1342,
48,1,FX,face_centred_flux,mesh.f90:68,6,predictor/corrector,solid_phase|other/shared,no,2,2,written only by stage predictor/corrector,MASS_FINITE_DIFFERENCES@mass.f90:111,
49,1,FY,face_centred_flux,mesh.f90:69,6,predictor/corrector,solid_phase|other/shared,no,2,2,written only by stage predictor/corrector,MASS_FINITE_DIFFERENCES@mass.f90:113,
50,1,FZ,face_centred_flux,mesh.f90:70,6,predictor/corrector,solid_phase|other/shared,no,2,2,written only by stage predictor/corrector,MASS_FINITE_DIFFERENCES@mass.f90:115,
51,1,AVG_DROP_AREA,particle,mesh.f90:75,6,particles,radiation|output|other/shared,no,3,2,written only by stage particles,PARTICLE_RUNNING_AVERAGES@part.f90:4502,
52,1,DDDT,cell_centred_solution,mesh.f90:24,6,predictor/corrector,pressure|other/shared,no,3,2,written only by stage predictor/corrector,DIVERGENCE_PART_2@divg.f90:1619,
53,1,QQ,other,mesh.f90:129,7,output,other/shared,no,5,3,written only by stage output,DUMP_SLCF_VTK@dump.f90:7565; DUMP_ISOF@dump.f90:4934; DUMP_SLCF@dump.f90:6973,
54,1,CHI_R,radiation,mesh.f90:46,9,species_combustion,radiation|output|other/shared,no,5,3,written only by stage species_combustion,COMBUSTION_GENERAL_LOAD_BALANCED@fire.f90:262; GATHER_CELLS_FROM_MPI_PROCESSES@fire.f90:741; COMBUSTION_LOAD_BALANCED@fire.f90:60,
55,1,DEL_RHO_D_DEL_Z,cell_centred_solution,mesh.f90:67,9,predictor/corrector|other/shared,output,no,6,2,written only by stage other/shared|predictor/corrector,CC_DIFFUSIVE_HEAT_FLUXES@ccib.f90:10250; DIVERGENCE_PART_1@divg.f90:117; SETTLING_VELOCITY@soot.f90:171,
56,1,QR,radiation,mesh.f90:47,9,radiation,predictor/corrector|output|other/shared,no,5,3,written only by stage radiation,RADIATION_FVM@radi.f90:3875; COMPUTE_RADIATION@radi.f90:3762,
57,1,ADV_FX,face_centred_flux,mesh.f90:77,4,predictor/corrector,output|other/shared,yes,0,1,written only by stage predictor/corrector,DENSITY@mass.f90:466,POINT_TO_MESH read mesh.f90:575 before writer main.f90:780
58,1,ADV_FY,face_centred_flux,mesh.f90:78,4,predictor/corrector,output|other/shared,yes,0,1,written only by stage predictor/corrector,DENSITY@mass.f90:467,POINT_TO_MESH read mesh.f90:576 before writer main.f90:780
59,1,ADV_FZ,face_centred_flux,mesh.f90:79,4,predictor/corrector,output|other/shared,yes,0,1,written only by stage predictor/corrector,DENSITY@mass.f90:468,POINT_TO_MESH read mesh.f90:577 before writer main.f90:780
60,1,QR_W,radiation,mesh.f90:48,4,radiation,particles|output|other/shared,yes,2,2,written only by stage radiation,RADIATION_FVM@radi.f90:3880,PARTICLE_MASS_ENERGY_TRANSFER read part.f90:3909 before writer main.f90:1034
61,1,MIX_TIME,cell_centred_solution,mesh.f90:58,5,species_combustion|output,other/shared,yes,3,1,written only by stage output|species_combustion,GAS_PHASE_OUTPUT@dump.f90:8758; COMBUSTION_GENERAL_LOAD_BALANCED@fire.f90:262; GATHER_CELLS_FROM_MPI_PROCESSES@fire.f90:740,WRITE_CFL_FILE read main.f90:1864 before writer main.f90:973
62,1,FVX_B,face_centred_flux,mesh.f90:33,10,pressure,predictor/corrector|output|other/shared,yes,4,1,written only by stage pressure,CC_BAROCLINIC_CORRECTION@ccib.f90:1721; BAROCLINIC_CORRECTION@velo.f90:3270; GET_LINKED_FV@ccib.f90:15315,CC_STORE_FACE_FV read ccib.f90:15618 before writer main.f90:855
63,1,FVY_B,face_centred_flux,mesh.f90:34,10,pressure,predictor/corrector|output|other/shared,yes,4,1,written only by stage pressure,CC_BAROCLINIC_CORRECTION@ccib.f90:1722; BAROCLINIC_CORRECTION@velo.f90:3285; GET_LINKED_FV@ccib.f90:15316,CC_STORE_FACE_FV read ccib.f90:15620 before writer main.f90:855
64,1,FVZ_B,face_centred_flux,mesh.f90:35,10,pressure,predictor/corrector|output|other/shared,yes,4,1,written only by stage pressure,CC_BAROCLINIC_CORRECTION@ccib.f90:1723; BAROCLINIC_CORRECTION@velo.f90:3300; GET_LINKED_FV@ccib.f90:15317,CC_STORE_FACE_FV read ccib.f90:15622 before writer main.f90:855
65,1,MUNKH,pressure_solver,mesh.f90:109,8,pressure,other/shared,yes,6,1,written only by stage pressure,ULMAT_SOLVER_SETUP@pres.f90:1315,GET_H_GUARD_CUTCELL read ccib.f90:635 before writer main.f90:1069; COPY_H_OMESH_TO_MESH read pres.f90:4112 before writer main.f90:1069
66,2,CARTVELDIV,other,mesh.f90:126,4,corrector|predictor/corrector,output|other/shared,no,0,1,written by 2 stages,CC_CHECK_DIVERGENCE@ccib.f90:16418; CHECK_DIVERGENCE@divg.f90:1666,
67,2,SWORK1,scratch_work,mesh.f90:113,8,predictor/corrector|species_combustion|particles,other/shared,no,3,1,written by 3 stages,PARTICLE_MASS_ENERGY_TRANSFER@part.f90:3669; DIVERGENCE_PART_1@divg.f90:175; SPECIES_ADVECTION_PART_1_NEW@divg.f90:1040,
68,2,WORK6,scratch_work,mesh.f90:117,9,predictor/corrector|radiation|particles|output,other/shared,no,3,2,written by 3 stages,RADIATION_FVM@radi.f90:3917; PARTICLE_RUNNING_AVERAGES@part.f90:4420; DIVERGENCE_PART_1@divg.f90:306,
69,2,WORK8,scratch_work,mesh.f90:117,6,predictor/corrector|pressure|radiation,other/shared,no,4,2,written by 3 stages,RADIATION_FVM@radi.f90:4459; SETTLING_VELOCITY@soot.f90:57; CORIOLIS_FORCE@velo.f90:966,
70,2,WORK9,scratch_work,mesh.f90:117,8,predictor/corrector|radiation,other/shared,no,4,2,written by 2 stages,RADIATION_FVM@radi.f90:3918; DIVERGENCE_PART_1@divg.f90:122; SETTLING_VELOCITY@soot.f90:58,
71,2,WORK5,scratch_work,mesh.f90:117,12,predictor/corrector|radiation|particles|output,other/shared,no,5,2,written by 3 stages,RADIATION_FVM@radi.f90:3914; PARTICLE_RUNNING_AVERAGES@part.f90:4421; DIVERGENCE_PART_1@divg.f90:303,
72,2,WORK3,scratch_work,mesh.f90:117,12,predictor/corrector|radiation|output,other/shared,no,6,2,written by 2 stages,RADIATION_FVM@radi.f90:4212; DIVERGENCE_PART_1@divg.f90:520; ENTHALPY_ADVECTION_NEW@divg.f90:805,
73,2,WORK4,scratch_work,mesh.f90:117,13,predictor/corrector|radiation|particles|output,other/shared,no,6,2,written by 3 stages,RADIATION_FVM@radi.f90:4205; PARTICLE_RUNNING_AVERAGES@part.f90:4419; DIVERGENCE_PART_1@divg.f90:124,
74,2,WORK2,scratch_work,mesh.f90:117,20,predictor/corrector|pressure|radiation|species_combustion|particles|output,other/shared,no,7,4,written by 5 stages,DUMP_SLCF_VTK@dump.f90:7423; RADIATION_FVM@radi.f90:4311; PARTICLE_MASS_ENERGY_TRANSFER@part.f90:3668,
75,2,M_DOT_PPP,cell_centred_solution,mesh.f90:76,14,predictor/corrector|species_combustion|solid_phase|particles|output,other/shared,no,9,3,written by 4 stages,DENSITY@mass.f90:643; PARTICLE_MASS_ENERGY_TRANSFER@part.f90:3939; CONDENSATION_EVAPORATION@fire.f90:2075,
76,2,WORK1,scratch_work,mesh.f90:117,19,predictor/corrector|pressure|radiation|species_combustion|particles|output,other/shared,no,8,4,written by 5 stages,DUMP_SLCF_VTK@dump.f90:7400; RADIATION_FVM@radi.f90:3915; PARTICLE_MASS_ENERGY_TRANSFER@part.f90:3667,
77,2,D_SOURCE,cell_centred_solution,mesh.f90:53,15,predictor/corrector|species_combustion|solid_phase|particles|output,other/shared,no,10,3,written by 4 stages,DENSITY@mass.f90:644; PARTICLE_MASS_ENERGY_TRANSFER@part.f90:3938; CONDENSATION_EVAPORATION@fire.f90:2077,
78,2,WORK7,scratch_work,mesh.f90:117,16,predictor/corrector|pressure|radiation|particles|output,other/shared,no,9,4,written by 4 stages,DUMP_SLCF_VTK@dump.f90:7532; RADIATION_FVM@radi.f90:3916; PARTICLE_MASS_ENERGY_TRANSFER@part.f90:3653,
79,3,FVX_D,face_centred_flux,mesh.f90:36,7,particles,output|exchange/communication|other/shared,no,2,3,halo exchanged: MESH_EXCHANGE CODE 20@main.f90:3399,MOVE_PARTICLES@part.f90:1862; PARTICLE_MOMENTUM_TRANSFER@part.f90:4699; CLIP_PARTICLE_DRAG@part.f90:4612,
80,3,FVY_D,face_centred_flux,mesh.f90:37,7,particles,output|exchange/communication|other/shared,no,2,3,halo exchanged: MESH_EXCHANGE CODE 20@main.f90:3399,MOVE_PARTICLES@part.f90:1863; PARTICLE_MOMENTUM_TRANSFER@part.f90:4723; CLIP_PARTICLE_DRAG@part.f90:4613,
81,3,FVZ_D,face_centred_flux,mesh.f90:38,7,particles,output|exchange/communication|other/shared,no,2,3,halo exchanged: MESH_EXCHANGE CODE 20@main.f90:3399,MOVE_IN_GAS@part.f90:3044; MOVE_PARTICLES@part.f90:1864; PARTICLE_MOMENTUM_TRANSFER@part.f90:4747,
82,3,MU_DNS,cell_centred_solution,mesh.f90:42,13,predictor/corrector,solid_phase|output|exchange/communication|other/shared,no,5,2,halo exchanged: MESH_CC_EXCHANGE CODE 1@ccib.f90:4204; MESH_CC_EXCHANGE CODE 4@ccib.f90:4408,COMPUTE_VISCOSITY@velo.f90:73,
83,3,RSUM,cell_centred_solution,mesh.f90:52,15,predictor/corrector|solid_phase|other/shared,radiation|species_combustion|output|exchange/communication,no,10,6,halo exchanged: MESH_CC_EXCHANGE CODE 1@ccib.f90:4204; MESH_CC_EXCHANGE CODE 4@ccib.f90:4408,DENSITY@mass.f90:561; SET_DENSITY_AND_MASS_FRACTIONS_AT_WALL@init.f90:3552; CC_DENSITY@ccib.f90:11778,
84,3,KRES,cell_centred_solution,mesh.f90:29,26,predictor/corrector,pressure|radiation|species_combustion|solid_phase|output|exchange/communication|other/shared,no,12,7,halo exchanged: MESH_CC_EXCHANGE CODE 1@ccib.f90:4204; MESH_CC_EXCHANGE CODE 4@ccib.f90:4408,COMPUTE_VISCOSITY@velo.f90:291; VISCOSITY_BC@velo.f90:544; CC_COMPUTE_KRES@ccib.f90:3728,
85,3,MU,cell_centred_solution,mesh.f90:41,28,predictor/corrector,species_combustion|solid_phase|particles|output|exchange/communication|other/shared,no,13,6,halo exchanged: MESH_CC_EXCHANGE CODE 1@ccib.f90:4204; MESH_CC_EXCHANGE CODE 3@ccib.f90:4662,COMPUTE_VISCOSITY@velo.f90:109; VISCOSITY_BC@velo.f90:543; CC_COMPUTE_VISCOSITY@ccib.f90:5905,
86,3,FVY,face_centred_flux,mesh.f90:31,27,predictor/corrector|pressure|particles,predictor|corrector|output|exchange/communication|other/shared,no,13,9,halo exchanged: MESH_EXCHANGE CODE 5@main.f90:3352,CC_BAROCLINIC_CORRECTION@ccib.f90:1678; BAROCLINIC_CORRECTION@velo.f90:3235; CC_MATCH_VELOCITY_FLUX@ccib.f90:5268,
87,3,FVX,face_centred_flux,mesh.f90:30,30,predictor/corrector|pressure|particles,predictor|corrector|output|exchange/communication|other/shared,no,14,9,halo exchanged: MESH_EXCHANGE CODE 5@main.f90:3352,CC_BAROCLINIC_CORRECTION@ccib.f90:1677; BAROCLINIC_CORRECTION@velo.f90:3234; CC_MATCH_VELOCITY_FLUX@ccib.f90:5216,
88,3,FVZ,face_centred_flux,mesh.f90:32,30,predictor/corrector|pressure|particles,predictor|corrector|output|exchange/communication|other/shared,no,14,9,halo exchanged: MESH_EXCHANGE CODE 5@main.f90:3352,CC_BAROCLINIC_CORRECTION@ccib.f90:1679; BAROCLINIC_CORRECTION@velo.f90:3236; CC_MATCH_VELOCITY_FLUX@ccib.f90:5321,
89,3,HS,cell_centred_solution,mesh.f90:28,30,pressure|exchange/communication,corrector|predictor/corrector|output|other/shared,no,15,11,halo exchanged: MESH_CC_EXCHANGE CODE 1@ccib.f90:4204; MESH_CC_EXCHANGE CODE 6@ccib.f90:4693,ULMAT_SOLVE_ZONE@pres.f90:1892; GLMAT_SOLVER@pres.f90:3577; COPY_H_OMESH_TO_MESH@pres.f90:4196,
90,3,H,cell_centred_solution,mesh.f90:27,33,pressure|exchange/communication,predictor|predictor/corrector|radiation|species_combustion|output|other/shared,no,18,11,halo exchanged: MESH_CC_EXCHANGE CODE 3@ccib.f90:4662; MESH_CC_EXCHANGE CODE 4@ccib.f90:4408,ULMAT_SOLVE_ZONE@pres.f90:1892; GLMAT_SOLVER@pres.f90:3577; COPY_H_OMESH_TO_MESH@pres.f90:4130,
91,3,ZZS,cell_centred_solution,mesh.f90:65,40,predictor/corrector|solid_phase|other/shared,exchange/communication,no,24,8,"halo exchanged: MESH_CC_EXCHANGE CODE 1@ccib.f90:4204; MESH_EXCHANGE CODE 1,4@main.f90:3301",DENSITY@mass.f90:451; CALCULATE_ZZ_F@wall.f90:1455; CC_DENSITY@ccib.f90:11796,
92,3,TMP,cell_centred_solution,mesh.f90:43,46,predictor/corrector|species_combustion|solid_phase|other/shared,radiation|particles|output|exchange/communication,no,27,9,halo exchanged: MESH_CC_EXCHANGE CODE 1@ccib.f90:4204; MESH_CC_EXCHANGE CODE 4@ccib.f90:4408,DENSITY@mass.f90:574; HT3D_TEMPERATURE_EXCHANGE@wall.f90:3671; CC_DENSITY@ccib.f90:11780,
93,3,VS,face_centred_flux,mesh.f90:22,57,predictor|predictor/corrector|exchange/communication,corrector|pressure|solid_phase|particles|output|other/shared,no,26,15,"halo exchanged: MESH_CC_EXCHANGE CODE 3,6@ccib.f90:4510; MESH_CC_EXCHANGE CODE 3@ccib.f90:4305",CC_PROJECT_VELOCITY@ccib.f90:2779; GET_LINKED_VELOCITIES@ccib.f90:3190; COMPUTE_VISCOSITY@velo.f90:98,
94,3,US,face_centred_flux,mesh.f90:21,59,predictor|predictor/corrector|exchange/communication,corrector|pressure|solid_phase|particles|output|other/shared,no,27,15,"halo exchanged: MESH_CC_EXCHANGE CODE 3,6@ccib.f90:4510; MESH_CC_EXCHANGE CODE 3@ccib.f90:4305",CC_PROJECT_VELOCITY@ccib.f90:2751; GET_LINKED_VELOCITIES@ccib.f90:3189; COMPUTE_VISCOSITY@velo.f90:98,
95,3,WS,face_centred_flux,mesh.f90:23,59,predictor|predictor/corrector|exchange/communication,corrector|pressure|solid_phase|particles|output|other/shared,no,26,16,"halo exchanged: MESH_CC_EXCHANGE CODE 3,6@ccib.f90:4510; MESH_CC_EXCHANGE CODE 3@ccib.f90:4305",CC_PROJECT_VELOCITY@ccib.f90:2806; GET_LINKED_VELOCITIES@ccib.f90:3191; COMPUTE_VISCOSITY@velo.f90:98,
96,3,V,face_centred_flux,mesh.f90:19,68,corrector|predictor/corrector|particles|exchange/communication,predictor|pressure|species_combustion|solid_phase|output|other/shared,no,27,16,"halo exchanged: MESH_CC_EXCHANGE CODE 3,6@ccib.f90:4510; MESH_CC_EXCHANGE CODE 6@ccib.f90:4584; direct cross-mesh access only in output-stage routines: all_meshes read SANDIA_OUT@turb.f90:2438",CC_PROJECT_VELOCITY@ccib.f90:2915; GET_LINKED_VELOCITIES@ccib.f90:3366; CC_RESTORE_UVW_UNLINKED@ccib.f90:3567,
97,3,W,face_centred_flux,mesh.f90:20,71,corrector|predictor/corrector|particles|exchange/communication,predictor|pressure|species_combustion|solid_phase|output|other/shared,no,26,17,"halo exchanged: MESH_CC_EXCHANGE CODE 1@ccib.f90:4204; MESH_CC_EXCHANGE CODE 3,6@ccib.f90:4510; direct cross-mesh access only in output-stage routines: all_meshes read SANDIA_OUT@turb.f90:2439",CC_PROJECT_VELOCITY@ccib.f90:2944; GET_LINKED_VELOCITIES@ccib.f90:3367; CC_RESTORE_UVW_UNLINKED@ccib.f90:3570,
98,3,U,face_centred_flux,mesh.f90:18,72,corrector|predictor/corrector|particles|exchange/communication,predictor|pressure|species_combustion|solid_phase|output|other/shared,no,28,16,"halo exchanged: MESH_CC_EXCHANGE CODE 3,6@ccib.f90:4510; MESH_CC_EXCHANGE CODE 6@ccib.f90:4584; direct cross-mesh access only in output-stage routines: all_meshes read SANDIA_OUT@turb.f90:2437",CC_PROJECT_VELOCITY@ccib.f90:2886; GET_LINKED_VELOCITIES@ccib.f90:3365; CC_RESTORE_UVW_UNLINKED@ccib.f90:3564,
99,3,ZZ,cell_centred_solution,mesh.f90:64,64,predictor/corrector|species_combustion|solid_phase|other/shared,radiation|particles|output|exchange/communication,no,39,10,"halo exchanged: MESH_CC_EXCHANGE CODE 4@ccib.f90:4408; MESH_EXCHANGE CODE 1,4@main.f90:3301",DENSITY@mass.f90:628; SET_DENSITY_AND_MASS_FRACTIONS_AT_WALL@init.f90:3554; CALCULATE_ZZ_F@wall.f90:1455,
100,3,DS,cell_centred_solution,mesh.f90:26,17,predictor/corrector,corrector|output|exchange/communication|other/shared,yes,8,5,"halo exchanged: MESH_EXCHANGE CODE 1,4@main.f90:3301",DIVERGENCE_PART_1@divg.f90:84; DIVERGENCE_PART_2@divg.f90:1540; VISCOSITY_BC@velo.f90:546,MESH_EXCHANGE read main.f90:3305 before writer main.f90:818
101,3,D,cell_centred_solution,mesh.f90:25,18,predictor/corrector,corrector|output|exchange/communication|other/shared,yes,8,5,"halo exchanged: MESH_EXCHANGE CODE 1,4@main.f90:3301",CCENTHALPY_ADVECTION@ccib.f90:9542; CC_DIFFUSIVE_HEAT_FLUXES@ccib.f90:10249; CC_CONDUCTION_HEAT_FLUX@ccib.f90:10670,MESH_EXCHANGE read main.f90:3303 before writer main.f90:818
102,3,Q,cell_centred_solution,mesh.f90:44,19,radiation|species_combustion,predictor/corrector|output|exchange/communication|other/shared,yes,12,5,"halo exchanged: MESH_EXCHANGE CODE 1,4@main.f90:3301",COMBUSTION_BC@fire.f90:1917; SOOT_SURFACE_OXIDATION@soot.f90:435; ADD_VOLUMETRIC_HEAT_SOURCE@radi.f90:5119,WRITE_CFL_FILE read main.f90:1863 before writer main.f90:973
103,3,RHOS,cell_centred_solution,mesh.f90:40,52,predictor/corrector|solid_phase|other/shared,pressure|exchange/communication,yes,31,8,halo exchanged: MESH_CC_EXCHANGE CODE 1@ccib.f90:4204; MESH_CC_EXCHANGE CODE 4@ccib.f90:4408,DENSITY@mass.f90:509; CC_DENSITY@ccib.f90:11796; GET_RHOZZ_CC_3D@ccib.f90:13250,CALC_VARDEN_LEONARD_TERM read turb.f90:735 before writer main.f90:780; VARDEN_DYNSMAG read turb.f90:486 before writer main.f90:780
104,3,RHO,cell_centred_solution,mesh.f90:39,74,predictor/corrector|solid_phase|other/shared,pressure|radiation|species_combustion|particles|output|exchange/communication,yes,43,10,halo exchanged: MESH_CC_EXCHANGE CODE 1@ccib.f90:4204; MESH_CC_EXCHANGE CODE 4@ccib.f90:4408,DENSITY@mass.f90:691; CC_DENSITY@ccib.f90:11857; CC_CHECK_MASS_DENSITY@ccib.f90:12574,MASS_FINITE_DIFFERENCES read mass.f90:48 before writer main.f90:780; CALC_VARDEN_LEONARD_TERM read turb.f90:733 before writer main.f90:780
105,4,CELL_INDEX,wall_obst_cutcell,mesh.f90:225,103,other/shared,corrector|predictor/corrector|pressure|radiation|species_combustion|solid_phase|particles|output|exchange/communication,yes,55,20,direct neighbour/all-mesh access: other_mesh alloc EXCHANGE_GEOMETRY_INFO@func.f90:5357; all_meshes arg EXCHANGE_GEOMETRY_INFO@func.f90:5367,EXCHANGE_GEOMETRY_INFO@func.f90:5357,CC_CHECK_DIVERGENCE read ccib.f90:16319 before writer main.f90:942; CC_CHECK_MASS_DENSITY read ccib.f90:12547 before writer main.f90:942
