stage,routine,file,variable,kind,owner,category,access,citation,crosses_meshes,hidden_state,global_reduction,uniform_grid_assumption,note
corrector,DIVG::CHECK_DIVERGENCE,divg.f90,CORRECTOR,module_global,GLOBAL_CONSTANTS,runtime_scalar,R,divg.f90:1659,no,no,no,no,
corrector,DIVG::CHECK_DIVERGENCE,divg.f90,CYLINDRICAL,module_global,GLOBAL_CONSTANTS,runtime_scalar,R,divg.f90:1679,no,no,no,no,
corrector,DIVG::CHECK_DIVERGENCE,divg.f90,PREDICTOR,module_global,GLOBAL_CONSTANTS,runtime_scalar,R,divg.f90:1654,no,no,no,no,
corrector,DIVG::CHECK_DIVERGENCE,divg.f90,STORE_CARTESIAN_DIVERGENCE,module_global,GLOBAL_CONSTANTS,runtime_scalar,R,divg.f90:1666,no,no,no,no,
corrector,DIVG::CHECK_DIVERGENCE,divg.f90,T_USED,module_global,GLOBAL_CONSTANTS,runtime_array,RW,divg.f90:1713,no,no,no,no,
corrector,DIVG::CHECK_DIVERGENCE,divg.f90,CARTVELDIV,mesh_field,MESH_TYPE,other,W,divg.f90:1666,no,no,no,no,via=ptr
corrector,DIVG::CHECK_DIVERGENCE,divg.f90,CELL,mesh_field,MESH_TYPE,wall_obst_cutcell,R,divg.f90:1678,no,no,no,no,via=ptr
corrector,DIVG::CHECK_DIVERGENCE,divg.f90,CELL_INDEX,mesh_field,MESH_TYPE,wall_obst_cutcell,R,divg.f90:1678,no,no,no,no,via=ptr
corrector,DIVG::CHECK_DIVERGENCE,divg.f90,D,mesh_field,MESH_TYPE,cell_centred_solution,R,divg.f90:1663,no,no,no,no,via=alias:DP|ptr
corrector,DIVG::CHECK_DIVERGENCE,divg.f90,DIVMN,mesh_field,MESH_TYPE,other,RW,divg.f90:1670,no,no,no,no,via=ptr
corrector,DIVG::CHECK_DIVERGENCE,divg.f90,DIVMX,mesh_field,MESH_TYPE,other,RW,divg.f90:1669,no,no,no,no,via=ptr
corrector,DIVG::CHECK_DIVERGENCE,divg.f90,DS,mesh_field,MESH_TYPE,cell_centred_solution,R,divg.f90:1658,no,no,no,no,via=alias:DP|ptr
corrector,DIVG::CHECK_DIVERGENCE,divg.f90,IBAR,mesh_field,MESH_TYPE,grid_geometry,R,divg.f90:1677,no,no,no,no,via=ptr
corrector,DIVG::CHECK_DIVERGENCE,divg.f90,IMN,mesh_field,MESH_TYPE,other,W,divg.f90:1705,no,no,no,no,via=ptr
corrector,DIVG::CHECK_DIVERGENCE,divg.f90,IMX,mesh_field,MESH_TYPE,other,W,divg.f90:1671,no,no,no,no,via=ptr
corrector,DIVG::CHECK_DIVERGENCE,divg.f90,IRM,mesh_field,MESH_TYPE,other,W,divg.f90:1692,no,no,no,no,via=ptr
corrector,DIVG::CHECK_DIVERGENCE,divg.f90,JBAR,mesh_field,MESH_TYPE,grid_geometry,R,divg.f90:1676,no,no,no,no,via=ptr
corrector,DIVG::CHECK_DIVERGENCE,divg.f90,JMN,mesh_field,MESH_TYPE,other,W,divg.f90:1706,no,no,no,no,via=ptr
corrector,DIVG::CHECK_DIVERGENCE,divg.f90,JMX,mesh_field,MESH_TYPE,other,W,divg.f90:1672,no,no,no,no,via=ptr
corrector,DIVG::CHECK_DIVERGENCE,divg.f90,JRM,mesh_field,MESH_TYPE,other,W,divg.f90:1693,no,no,no,no,via=ptr
corrector,DIVG::CHECK_DIVERGENCE,divg.f90,KBAR,mesh_field,MESH_TYPE,grid_geometry,R,divg.f90:1675,no,no,no,no,via=ptr
corrector,DIVG::CHECK_DIVERGENCE,divg.f90,KMN,mesh_field,MESH_TYPE,other,W,divg.f90:1707,no,no,no,no,via=ptr
corrector,DIVG::CHECK_DIVERGENCE,divg.f90,KMX,mesh_field,MESH_TYPE,other,W,divg.f90:1673,no,no,no,no,via=ptr
corrector,DIVG::CHECK_DIVERGENCE,divg.f90,KRM,mesh_field,MESH_TYPE,other,W,divg.f90:1694,no,no,no,no,via=ptr
corrector,DIVG::CHECK_DIVERGENCE,divg.f90,R,mesh_field,MESH_TYPE,grid_geometry,R,divg.f90:1685,no,no,no,no,via=ptr
corrector,DIVG::CHECK_DIVERGENCE,divg.f90,RDX,mesh_field,MESH_TYPE,grid_geometry,R,divg.f90:1681,no,no,no,no,via=ptr
corrector,DIVG::CHECK_DIVERGENCE,divg.f90,RDY,mesh_field,MESH_TYPE,grid_geometry,R,divg.f90:1682,no,no,no,no,via=ptr
corrector,DIVG::CHECK_DIVERGENCE,divg.f90,RDZ,mesh_field,MESH_TYPE,grid_geometry,R,divg.f90:1683,no,no,no,no,via=ptr
corrector,DIVG::CHECK_DIVERGENCE,divg.f90,RESMAX,mesh_field,MESH_TYPE,other,RW,divg.f90:1668,no,no,no,no,via=ptr
corrector,DIVG::CHECK_DIVERGENCE,divg.f90,RRN,mesh_field,MESH_TYPE,grid_geometry,R,divg.f90:1685,no,no,no,no,via=ptr
corrector,DIVG::CHECK_DIVERGENCE,divg.f90,U,mesh_field,MESH_TYPE,face_centred_flux,R,divg.f90:1660,no,no,no,no,via=alias:UU|ptr
corrector,DIVG::CHECK_DIVERGENCE,divg.f90,US,mesh_field,MESH_TYPE,face_centred_flux,R,divg.f90:1655,no,no,no,no,via=alias:UU|ptr
corrector,DIVG::CHECK_DIVERGENCE,divg.f90,V,mesh_field,MESH_TYPE,face_centred_flux,R,divg.f90:1661,no,no,no,no,via=alias:VV|ptr
corrector,DIVG::CHECK_DIVERGENCE,divg.f90,VS,mesh_field,MESH_TYPE,face_centred_flux,R,divg.f90:1656,no,no,no,no,via=alias:VV|ptr
corrector,DIVG::CHECK_DIVERGENCE,divg.f90,W,mesh_field,MESH_TYPE,face_centred_flux,R,divg.f90:1662,no,no,no,no,via=alias:WW|ptr
corrector,DIVG::CHECK_DIVERGENCE,divg.f90,WS,mesh_field,MESH_TYPE,face_centred_flux,R,divg.f90:1657,no,no,no,no,via=alias:WW|ptr
corrector,VELO::VELOCITY_CORRECTOR,velo.f90,CC_IBM,module_global,GLOBAL_CONSTANTS,runtime_scalar,R,velo.f90:1711,no,no,no,no,
corrector,VELO::VELOCITY_CORRECTOR,velo.f90,FREEZE_VELOCITY,module_global,GLOBAL_CONSTANTS,runtime_scalar,R,velo.f90:1705,no,no,no,no,
corrector,VELO::VELOCITY_CORRECTOR,velo.f90,PERIODIC_TEST,module_global,GLOBAL_CONSTANTS,runtime_scalar,R,velo.f90:1697,no,no,no,no,
corrector,VELO::VELOCITY_CORRECTOR,velo.f90,PRES_FLAG,module_global,GLOBAL_CONSTANTS,runtime_scalar,R,velo.f90:1716,no,no,no,no,
corrector,VELO::VELOCITY_CORRECTOR,velo.f90,SOLID_PHASE_ONLY,module_global,GLOBAL_CONSTANTS,runtime_scalar,R,velo.f90:1696,no,no,no,no,
corrector,VELO::VELOCITY_CORRECTOR,velo.f90,T_USED,module_global,GLOBAL_CONSTANTS,runtime_array,RW,velo.f90:1712,no,no,no,no,
corrector,VELO::VELOCITY_CORRECTOR,velo.f90,FVX,mesh_field,MESH_TYPE,face_centred_flux,R,velo.f90:1727,no,no,no,no,via=ptr
corrector,VELO::VELOCITY_CORRECTOR,velo.f90,FVY,mesh_field,MESH_TYPE,face_centred_flux,R,velo.f90:1737,no,no,no,no,via=ptr
corrector,VELO::VELOCITY_CORRECTOR,velo.f90,FVZ,mesh_field,MESH_TYPE,face_centred_flux,R,velo.f90:1747,no,no,no,no,via=ptr
corrector,VELO::VELOCITY_CORRECTOR,velo.f90,HS,mesh_field,MESH_TYPE,cell_centred_solution,R,velo.f90:1727,no,no,no,no,via=ptr
corrector,VELO::VELOCITY_CORRECTOR,velo.f90,IBAR,mesh_field,MESH_TYPE,grid_geometry,R,velo.f90:1726,no,no,no,no,via=ptr
corrector,VELO::VELOCITY_CORRECTOR,velo.f90,JBAR,mesh_field,MESH_TYPE,grid_geometry,R,velo.f90:1725,no,no,no,no,via=ptr
corrector,VELO::VELOCITY_CORRECTOR,velo.f90,KBAR,mesh_field,MESH_TYPE,grid_geometry,R,velo.f90:1724,no,no,no,no,via=ptr
corrector,VELO::VELOCITY_CORRECTOR,velo.f90,RDXN,mesh_field,MESH_TYPE,grid_geometry,R,velo.f90:1727,no,no,no,no,via=ptr
corrector,VELO::VELOCITY_CORRECTOR,velo.f90,RDYN,mesh_field,MESH_TYPE,grid_geometry,R,velo.f90:1737,no,no,no,no,via=ptr
corrector,VELO::VELOCITY_CORRECTOR,velo.f90,RDZN,mesh_field,MESH_TYPE,grid_geometry,R,velo.f90:1747,no,no,no,no,via=ptr
corrector,VELO::VELOCITY_CORRECTOR,velo.f90,U,mesh_field,MESH_TYPE,face_centred_flux,RW,velo.f90:1706,no,no,no,no,via=ptr
corrector,VELO::VELOCITY_CORRECTOR,velo.f90,US,mesh_field,MESH_TYPE,face_centred_flux,R,velo.f90:1706,no,no,no,no,via=ptr
corrector,VELO::VELOCITY_CORRECTOR,velo.f90,V,mesh_field,MESH_TYPE,face_centred_flux,RW,velo.f90:1707,no,no,no,no,via=ptr
corrector,VELO::VELOCITY_CORRECTOR,velo.f90,VS,mesh_field,MESH_TYPE,face_centred_flux,R,velo.f90:1707,no,no,no,no,via=ptr
corrector,VELO::VELOCITY_CORRECTOR,velo.f90,W,mesh_field,MESH_TYPE,face_centred_flux,RW,velo.f90:1708,no,no,no,no,via=ptr
corrector,VELO::VELOCITY_CORRECTOR,velo.f90,WS,mesh_field,MESH_TYPE,face_centred_flux,R,velo.f90:1708,no,no,no,no,via=ptr
corrector,VELO::VELOCITY_CORRECTOR,velo.f90,X,mesh_field,MESH_TYPE,grid_geometry,R,velo.f90:1773,no,no,no,no,via=ptr
corrector,VELO::VELOCITY_CORRECTOR,velo.f90,XC,mesh_field,MESH_TYPE,grid_geometry,R,velo.f90:1782,no,no,no,no,via=ptr
corrector,VELO::VELOCITY_CORRECTOR,velo.f90,Z,mesh_field,MESH_TYPE,grid_geometry,R,velo.f90:1783,no,no,no,no,via=ptr
corrector,VELO::VELOCITY_CORRECTOR,velo.f90,ZC,mesh_field,MESH_TYPE,grid_geometry,R,velo.f90:1774,no,no,no,no,via=ptr
