category,file,line,routine,phase,expression,stretch_aware,curated,amr_impact,notes
upstream_slip,read.f90,11193,READ_INPUT::READ_OBST,setup,"IF(GINV(XB3-XS,2,NM)-REAL(OB%J1,EB) < REAL(OB%J2,EB) - GINV(XB4-YS,2,NM))",no,yes,bit-parity,A-20. y-branch of the thin-OBST collapse uses XB3-XS where XB3-YS is expected. Also in master (ce1f659 read.f90:11060). Level 0 must reproduce it for bit-parity; fix only behind a flag.
upstream_slip,read.f90,11210,READ_INPUT::READ_OBST,setup,"IF(GINV(XB5-ZS,3,NM)-REAL(OB%I1,EB) < REAL(OB%I2,EB) - GINV(XB6-ZS,3,NM))",no,yes,bit-parity,A-20. z-branch compares against OB%I1/OB%I2 where OB%K1/OB%K2 is expected. Also in master (ce1f659 read.f90:11077). Level 0 must reproduce it for bit-parity.
unit_mix,read.f90,11176,READ_INPUT::READ_OBST,setup,"IF(GINV(XB1-XS,1,NM)-REAL(OB%I1,EB) < REAL(OB%I2,EB) - GINV(XB2-XS,1,NM))",no,yes,bit-parity,"All three collapse branches (read.f90:11176, 11193, 11210) subtract an integer cell index from GINV(..) which is a length (m): OB%I1 = NINT(GINV(XB1-XS,1,NM)*RDXI) (read.f90:11157). The test is dimensionally consistent only for 1 m cells; for dx<1 m the left side is almost always smaller, so thin OBSTs collapse to the lower face. Resolution-dependent: the same OBST can snap to different faces on different levels. (Derived from the code; not run.)"
implicit_ratio_limit,init.f90,3161,INIT::INIT_WALL_CELL,runtime+setup,XIN = XW + (ITER*0.95_EB-0.475_EB)*(M%X(I)-M%X(I-1)),yes,yes,design,"Probes sit 0.025 of the coarse face width from each edge. They land in the first/last fine cell only if the fine cell is wider than 0.025*dx_coarse, i.e. tangential ratio < 40; otherwise the range misses the edge cells and the ERROR(431) span test fails (init.f90:3194-3208). Derived, not run."
solver_restriction,init.f90,2366,INIT::INITIALIZE_POISSON_SOLVER,setup,ERROR(425): MESH can stretch in at most 2 coordinate directions,n/a,yes,design,The default FFT (CRAYFISHPAK) path needs at least one uniform direction (init.f90:2360-2370).
solver_restriction,pres.f90,541,PRES::TUNNEL_POISSON_SOLVER,runtime,TP_RDXN(I_OFFSET(NM)) = 2._EB/(MESHES(NM-1)%DX(MESHES(NM-1)%IBAR)+M%DX(1)),yes,yes,design,"The tunnel pre-conditioner assumes meshes numbered consecutively along x (NM-1 / NM+1 are the x neighbours, pres.f90:541-542, 687-690)."
doc,cons.f90,598,GLOBAL_CONSTANTS,unreached,REAL(EB) :: ALIGNMENT_TOLERANCE=0.001_EB  !< Maximum ratio of sizes of abutting grid cells,n/a,yes,none,"The docstring is misleading: this is the relative tolerance of the fine-span-equals-coarse-width test (init.f90:3195, 3198, 3201), not a maximum cell-size ratio."
interface_min_corner,ccib.f90,15781,CC_COMPUTE_VELOCITY_ERROR,runtime,,no,imported,uses only the first fine cell across a coarse face,from interface_averaging_sites.csv (pick_min_corner)
interface_min_corner,ccib.f90,22887,COPY_CC_MUNKH_TO_UNKH,runtime+setup,OM%MUNKH,no,imported,uses only the first fine cell across a coarse face,from interface_averaging_sites.csv (pick_min_corner_inline)
interface_min_corner,ccib.f90,22889,COPY_CC_MUNKH_TO_UNKH,runtime+setup,OM%MUNKH,no,imported,uses only the first fine cell across a coarse face,from interface_averaging_sites.csv (pick_min_corner_inline)
interface_min_corner,geom.f90,13068,CC_GRID_TAG_RAYTRACE_SINGLE_COVER_WALL,setup,call:CC_GRID_TAG_BLOCK_CELL_PAIR,no,imported,uses only the first fine cell across a coarse face,from interface_averaging_sites.csv (pick_min_corner)
interface_min_corner,geom.f90,13083,CC_GRID_TAG_RAYTRACE_SINGLE_COVER_WALL,setup,,no,imported,uses only the first fine cell across a coarse face,from interface_averaging_sites.csv (pick_min_corner)
interface_min_corner,geom.f90,13263,CC_GRID_TAG_NONRAY_SINGLE_COVER_WALL,setup,M2%FCVAR,no,imported,uses only the first fine cell across a coarse face,from interface_averaging_sites.csv (pick_min_corner)
interface_min_corner,init.f90,1092,INITIALIZE_MESH_VARIABLES_2,setup,OM%CELL_INDEX; M%EXTERNAL_WALL; M%EXTERNAL_WALL,no,imported,uses only the first fine cell across a coarse face,from interface_averaging_sites.csv (pick_min_corner_inline)
interface_min_corner,init.f90,1413,DEFINE_EDGE,setup,,no,imported,uses only the first fine cell across a coarse face,from interface_averaging_sites.csv (pick_min_corner)
interface_min_corner,init.f90,4924,REASSIGN_WALL_CELLS,runtime+setup,MM%CELL%SOLID; MM%CELL_INDEX,no,imported,uses only the first fine cell across a coarse face,from interface_averaging_sites.csv (pick_min_corner)
interface_min_corner,init.f90,5164,GET_BOUNDARY_TYPE,runtime+setup,MESHES%CELL_INDEX,no,imported,uses only the first fine cell across a coarse face,from interface_averaging_sites.csv (pick_min_corner)
interface_min_corner,main.f90,2890,ZONE_BOUNDARY_EXCHANGE,setup,OM%PRESSURE_ZONE; call:ASSIGN_PRESSURE_ZONE,no,imported,uses only the first fine cell across a coarse face,from interface_averaging_sites.csv (pick_min_corner)
interface_min_corner,pres.f90,124,PRESSURE_SOLVER_COMPUTE_RHS,runtime,MESHES,no,imported,uses only the first fine cell across a coarse face,from interface_averaging_sites.csv (pick_min_corner_inline)
interface_min_corner,pres.f90,127,PRESSURE_SOLVER_COMPUTE_RHS,runtime,MESHES,no,imported,uses only the first fine cell across a coarse face,from interface_averaging_sites.csv (pick_min_corner_inline)
interface_min_corner,pres.f90,130,PRESSURE_SOLVER_COMPUTE_RHS,runtime,MESHES,no,imported,uses only the first fine cell across a coarse face,from interface_averaging_sites.csv (pick_min_corner_inline)
interface_min_corner,pres.f90,133,PRESSURE_SOLVER_COMPUTE_RHS,runtime,MESHES,no,imported,uses only the first fine cell across a coarse face,from interface_averaging_sites.csv (pick_min_corner_inline)
interface_min_corner,pres.f90,136,PRESSURE_SOLVER_COMPUTE_RHS,runtime,MESHES,no,imported,uses only the first fine cell across a coarse face,from interface_averaging_sites.csv (pick_min_corner_inline)
interface_min_corner,pres.f90,139,PRESSURE_SOLVER_COMPUTE_RHS,runtime,MESHES,no,imported,uses only the first fine cell across a coarse face,from interface_averaging_sites.csv (pick_min_corner_inline)
interface_min_corner,pres.f90,914,COMPUTE_VELOCITY_ERROR,runtime,,no,imported,uses only the first fine cell across a coarse face,from interface_averaging_sites.csv (pick_min_corner)
interface_min_corner,turb.f90,2284,SANDIA_DAT,setup,M2%U; M2%V; M2%W,no,imported,uses only the first fine cell across a coarse face,from interface_averaging_sites.csv (pick_min_corner)
interface_min_corner,wall.f90,357,ASSIGN_GHOST_VALUE,runtime+setup,MM%CELL_INDEX,no,imported,uses only the first fine cell across a coarse face,from interface_averaging_sites.csv (pick_min_corner)
interface_min_corner,wall.f90,839,SURFACE_HEAT_TRANSFER,runtime+setup,MM%DZ,no,imported,uses only the first fine cell across a coarse face,from interface_averaging_sites.csv (pick_min_corner)
interface_min_corner,wall.f90,1371,CALCULATE_ZZ_F,runtime+setup,MESHES%CELL%OBST_INDEX; MESHES%CELL_INDEX,no,imported,uses only the first fine cell across a coarse face,from interface_averaging_sites.csv (pick_min_corner)
first_cell_width,dump.f90,5197,DUMP::DUMP_SMOKE3D_VTKHDF,runtime+setup,"DXX = REAL(DX(1),FB)",no,no,wrong on a box whose first cell differs (stretched/refined),
first_cell_width,dump.f90,12953,DUMP::DUMP_ROTCUBE_MMS,runtime+setup,"WRITE(LU_MMS,'_________________________________________') NTOT_U,'_',NTOT_W,'_',NTOT_C,'_',T,'_',DX(1),'_',DZ(1)",no,no,wrong on a box whose first cell differs (stretched/refined),
first_cell_width,dump.f90,13054,DUMP::DUMP_ROTCUBE_MMS,runtime+setup,"WRITE(LU_MMS,'_________________________________________') NTOT_U,'_',NTOT_W,'_',NTOT_C,'_',T,'_',DX(1),'_',DZ(1)",no,no,wrong on a box whose first cell differs (stretched/refined),
first_cell_width,geom.f90,15555,COMPLEX_GEOMETRY_GRID::GET_GEOM_TRIBIN,setup,"MINMAX_MESHES( LOW_IND,IAXIS) = MIN(MINMAX_MESHES( LOW_IND,IAXIS),MESHES(NM)%XS-REAL(NGUARD,EB)*MESHES(NM)%DX( 1))",no,no,wrong on a box whose first cell differs (stretched/refined),
first_cell_width,geom.f90,15558,COMPLEX_GEOMETRY_GRID::GET_GEOM_TRIBIN,setup,"MINMAX_MESHES( LOW_IND,JAXIS) = MIN(MINMAX_MESHES( LOW_IND,JAXIS),MESHES(NM)%YS-REAL(NGUARD,EB)*MESHES(NM)%DY( 1))",no,no,wrong on a box whose first cell differs (stretched/refined),
first_cell_width,geom.f90,15561,COMPLEX_GEOMETRY_GRID::GET_GEOM_TRIBIN,setup,"MINMAX_MESHES( LOW_IND,KAXIS) = MIN(MINMAX_MESHES( LOW_IND,KAXIS),MESHES(NM)%ZS-REAL(NGUARD,EB)*MESHES(NM)%DZ( 1))",no,no,wrong on a box whose first cell differs (stretched/refined),
first_cell_width,geom.f90,15568,COMPLEX_GEOMETRY_GRID::GET_GEOM_TRIBIN,setup,"MINMAX_MESHES( LOW_IND,IAXIS) = MIN(MINMAX_MESHES( LOW_IND,IAXIS),MESHES(NOM)%XS-REAL(NGUARD,EB)*MESHES(NOM)%DX( 1))",no,no,wrong on a box whose first cell differs (stretched/refined),
first_cell_width,geom.f90,15571,COMPLEX_GEOMETRY_GRID::GET_GEOM_TRIBIN,setup,"MINMAX_MESHES( LOW_IND,JAXIS) = MIN(MINMAX_MESHES( LOW_IND,JAXIS),MESHES(NOM)%YS-REAL(NGUARD,EB)*MESHES(NOM)%DY( 1))",no,no,wrong on a box whose first cell differs (stretched/refined),
first_cell_width,geom.f90,15574,COMPLEX_GEOMETRY_GRID::GET_GEOM_TRIBIN,setup,"MINMAX_MESHES( LOW_IND,KAXIS) = MIN(MINMAX_MESHES( LOW_IND,KAXIS),MESHES(NOM)%ZS-REAL(NGUARD,EB)*MESHES(NOM)%DZ( 1))",no,no,wrong on a box whose first cell differs (stretched/refined),
first_cell_width,geom.f90,22552,COMPLEX_GEOMETRY_GRID::GET_CARTCELL_CUTEDGES,setup,"IF (EDGECUBE(HIGH_IND,IAXIS) < X( 0)-REAL(NGUARD,EB)*DX( 1)) CYCLE",no,no,wrong on a box whose first cell differs (stretched/refined),
first_cell_width,geom.f90,22554,COMPLEX_GEOMETRY_GRID::GET_CARTCELL_CUTEDGES,setup,"IF (EDGECUBE(HIGH_IND,JAXIS) < Y( 0)-REAL(NGUARD,EB)*DY( 1)) CYCLE",no,no,wrong on a box whose first cell differs (stretched/refined),
first_cell_width,geom.f90,22556,COMPLEX_GEOMETRY_GRID::GET_CARTCELL_CUTEDGES,setup,"IF (EDGECUBE(HIGH_IND,KAXIS) < Z( 0)-REAL(NGUARD,EB)*DZ( 1)) CYCLE",no,no,wrong on a box whose first cell differs (stretched/refined),
first_cell_width,pres.f90,125,PRES::PRESSURE_SOLVER_COMPUTE_RHS,runtime,"BXS(J,K) = (DX_OTHER*HP(1,J,K) + DX(1)*HP(0,J,K))/(DX(1)+DX_OTHER) + WALL_WORK1(IW)",no,no,wrong on a box whose first cell differs (stretched/refined),
first_cell_width,pres.f90,131,PRES::PRESSURE_SOLVER_COMPUTE_RHS,runtime,"BYS(I,K) = (DY_OTHER*HP(I,1,K) + DY(1)*HP(I,0,K))/(DY(1)+DY_OTHER) + WALL_WORK1(IW)",no,no,wrong on a box whose first cell differs (stretched/refined),
first_cell_width,pres.f90,137,PRES::PRESSURE_SOLVER_COMPUTE_RHS,runtime,"BZS(I,J) = (DZ_OTHER*HP(I,J,1) + DZ(1)*HP(I,J,0))/(DZ(1)+DZ_OTHER) + WALL_WORK1(IW)",no,no,wrong on a box whose first cell differs (stretched/refined),
first_cell_width,pres.f90,541,PRES::TUNNEL_POISSON_SOLVER,runtime,IF (NM>1) TP_RDXN(I_OFFSET(NM)) = 2._EB/(MESHES(NM-1)%DX(MESHES(NM-1)%IBAR)+M%DX(1)),no,no,wrong on a box whose first cell differs (stretched/refined),
first_cell_width,pres.f90,542,PRES::TUNNEL_POISSON_SOLVER,runtime,IF (NM<NMESHES) TP_RDXN(I_OFFSET(NM)+M%IBAR) = 2._EB/(MESHES(NM+1)%DX(1) +M%DX(M%IBAR)),no,no,wrong on a box whose first cell differs (stretched/refined),
first_cell_width,pres.f90,687,PRES::TUNNEL_POISSON_SOLVER,runtime,M%BXS_BAR = (H_BAR(I_OFFSET(NM))*M%DX(1) + H_BAR(I_OFFSET(NM)+1)*DXO)/(M%DX(1)+DXO),no,no,wrong on a box whose first cell differs (stretched/refined),
first_cell_width,pres.f90,690,PRES::TUNNEL_POISSON_SOLVER,runtime,DXO = MESHES(NM+1)%DX(1),no,no,wrong on a box whose first cell differs (stretched/refined),
first_cell_width,read.f90,10842,READ_INPUT::READ_OBST,setup,IF (XB1>M%XF+M%DX(M%IBAR) .OR. XB2<M%XS-M%DX(1) .OR. XB3>M%YF+M%DY(M%JBAR) .OR. XB4<M%YS-M%DY(1) .OR. XB5>M%ZF+M%DZ(M%KBAR) .OR. XB6<M%ZS-M%,no,no,wrong on a box whose first cell differs (stretched/refined),
first_cell_width,read.f90,16343,READ_INPUT::READ_SLCF,setup,"M%K_AGL_SLICE(0:IBP1,0:JBP1,N) = INT(SL%AGL_SLICE*M%RDZ(1))",no,no,wrong on a box whose first cell differs (stretched/refined),
first_cell_width,turb.f90,2201,TURBULENCE::SANDIA_DAT,setup,NX = NINT((XF_MAX-XS_MIN)/M%DX(1)),no,no,wrong on a box whose first cell differs (stretched/refined),
first_cell_width,turb.f90,2316,TURBULENCE::INIT_SPECTRAL_DATA,setup,NX = NINT((XF_MAX-XS_MIN)/M%DX(1)),no,no,wrong on a box whose first cell differs (stretched/refined),
first_cell_width,turb.f90,2357,TURBULENCE::SPECTRAL_OUTPUT,unreached,"NN = NINT((XF_MAX-XS_MIN)/MM%DX(1)) ! obviously, assumes uniform grid spacing",no,yes,diagnostic-only,"Source comment admits the assumption; also turb.f90:2201, 2316, 2420 and the NINT(M%XS/M%DX(1)) global lattice at turb.f90:2372-2376, 2431-2435 (mesh 1 only: IF (NM>1) RETURN, turb.f90:2354)."
first_cell_width,turb.f90,2372,TURBULENCE::SPECTRAL_OUTPUT,unreached,KK = NINT(M%ZS/M%DZ(1)) + K,no,no,wrong on a box whose first cell differs (stretched/refined),
first_cell_width,turb.f90,2374,TURBULENCE::SPECTRAL_OUTPUT,unreached,JJ = NINT(M%YS/M%DY(1)) + J,no,no,wrong on a box whose first cell differs (stretched/refined),
first_cell_width,turb.f90,2376,TURBULENCE::SPECTRAL_OUTPUT,unreached,II = NINT(M%XS/M%DX(1)) + I,no,no,wrong on a box whose first cell differs (stretched/refined),
first_cell_width,turb.f90,2420,TURBULENCE::SANDIA_OUT,runtime+setup,NN = NINT((XF_MAX-XS_MIN)/MM%DX(1)),no,no,wrong on a box whose first cell differs (stretched/refined),
first_cell_width,turb.f90,2431,TURBULENCE::SANDIA_OUT,runtime+setup,KK = NINT(M%ZS/M%DZ(1)) + K,no,no,wrong on a box whose first cell differs (stretched/refined),
first_cell_width,turb.f90,2433,TURBULENCE::SANDIA_OUT,runtime+setup,JJ = NINT(M%YS/M%DY(1)) + J,no,no,wrong on a box whose first cell differs (stretched/refined),
first_cell_width,turb.f90,2435,TURBULENCE::SANDIA_OUT,runtime+setup,II = NINT(M%XS/M%DX(1)) + I,no,no,wrong on a box whose first cell differs (stretched/refined),
ghost_spacing_copy,read.f90,1306,READ_INPUT::READ_TRAN,setup,M%DX(0) = M%DX(1),n/a,no,ghost width must be the neighbour's (coarse or fine) width at a level jump,
ghost_spacing_copy,read.f90,1308,READ_INPUT::READ_TRAN,setup,M%RDX(0) = 1._EB/M%DX(1),n/a,no,ghost width must be the neighbour's (coarse or fine) width at a level jump,
ghost_spacing_copy,read.f90,1351,READ_INPUT::READ_TRAN,setup,M%DY(0) = M%DY(1),n/a,no,ghost width must be the neighbour's (coarse or fine) width at a level jump,
ghost_spacing_copy,read.f90,1353,READ_INPUT::READ_TRAN,setup,M%RDY(0) = 1._EB/M%DY(1),n/a,no,ghost width must be the neighbour's (coarse or fine) width at a level jump,
ghost_spacing_copy,read.f90,1387,READ_INPUT::READ_TRAN,setup,M%DZ(0) = M%DZ(1),n/a,no,ghost width must be the neighbour's (coarse or fine) width at a level jump,
ghost_spacing_copy,read.f90,1389,READ_INPUT::READ_TRAN,setup,M%RDZ(0) = 1._EB/M%DZ(1),n/a,no,ghost width must be the neighbour's (coarse or fine) width at a level jump,
mesh_sequence,main.f90,1316,FDS::MPI_INITIALIZATION_CHORES,setup,I_OFFSET(NM) = I_OFFSET(NM-1) + MESHES(NM-1)%IBAR,n/a,no,mesh-number adjacency,
mesh_sequence,pres.f90,541,PRES::TUNNEL_POISSON_SOLVER,runtime,IF (NM>1) TP_RDXN(I_OFFSET(NM)) = 2._EB/(MESHES(NM-1)%DX(MESHES(NM-1)%IBAR)+M%DX(1)),n/a,no,mesh-number adjacency,
mesh_sequence,pres.f90,542,PRES::TUNNEL_POISSON_SOLVER,runtime,IF (NM<NMESHES) TP_RDXN(I_OFFSET(NM)+M%IBAR) = 2._EB/(MESHES(NM+1)%DX(1) +M%DX(M%IBAR)),n/a,no,mesh-number adjacency,
mesh_sequence,pres.f90,686,PRES::TUNNEL_POISSON_SOLVER,runtime,DXO = MESHES(NM-1)%DX(MESHES(NM-1)%IBAR),n/a,no,mesh-number adjacency,
mesh_sequence,pres.f90,690,PRES::TUNNEL_POISSON_SOLVER,runtime,DXO = MESHES(NM+1)%DX(1),n/a,no,mesh-number adjacency,
mesh_sequence,read.f90,10182,READ_INPUT::READ_PRES,setup,IF (MESHES(NM)%YS/=MESHES(NM-1)%YS .OR. MESHES(NM)%YF/=MESHES(NM-1)%YF .OR. MESHES(NM)%ZS/=MESHES(NM-1)%ZS .OR. MESHES(NM)%ZF/=MESHES(NM-1)%,n/a,no,mesh-number adjacency,
global_min_size,dump.f90,2265,DUMP::WRITE_SMOKEVIEW_FILE,setup,"WRITE(MYSTR,'_______') MIN(200._EB,20._EB/CHARACTERISTIC_CELL_SIZE)",n/a,no,global threshold scales with the finest level,
global_min_size,read.f90,187,READ_INPUT::READ_DATA,setup,DT = CFL_MAX*CHARACTERISTIC_CELL_SIZE/VEL_CHAR,n/a,no,global threshold scales with the finest level,
global_min_size,read.f90,796,READ_INPUT::READ_MESH,setup,"CHARACTERISTIC_CELL_SIZE = MIN( CHARACTERISTIC_CELL_SIZE , M%CELL_SIZE )",n/a,no,global threshold scales with the finest level,
global_min_size,read.f90,916,READ_INPUT::PROC_MESH,setup,"MESH_SEPARATION_DISTANCE = MIN(1.E-3_EB,0.05_EB*CHARACTERISTIC_CELL_SIZE)",n/a,no,global threshold scales with the finest level,
global_min_size,read.f90,917,READ_INPUT::PROC_MESH,setup,IF (NEIGHBOR_SEPARATION_DISTANCE<0._EB) NEIGHBOR_SEPARATION_DISTANCE = 4.56789_EB*CHARACTERISTIC_CELL_SIZE,n/a,no,global threshold scales with the finest level,
global_min_size,read.f90,10161,READ_INPUT::READ_PRES,setup,IF (VELOCITY_TOLERANCE<TWENTY_EPSILON_EB) VELOCITY_TOLERANCE = 0.5_EB*CHARACTERISTIC_CELL_SIZE,n/a,no,global threshold scales with the finest level,
global_min_size,read.f90,10162,READ_INPUT::READ_PRES,setup,"IF (PRESSURE_TOLERANCE<TWENTY_EPSILON_EB) PRESSURE_TOLERANCE = 20.0_EB/MIN(1._EB,CHARACTERISTIC_CELL_SIZE)**2",n/a,no,global threshold scales with the finest level,
global_min_size,read.f90,13866,READ_INPUT::READ_DEVC,setup,"IF (QUANTITY=='__________'.AND.(QUANTITY_RANGE(1)-1.E20_EB)<TWENTY_EPSILON_EB) QUANTITY_RANGE(1) = MIN(200._EB,20._EB/CHARACTERISTIC_CELL_SI",n/a,no,global threshold scales with the finest level,
global_min_size,vege.f90,1267,VEGE::UPDATE_FIRE_SPREAD_OUTPUTS::COMPUTE_FIRE_SPREAD_OUTPUTS,runtime+setup,"HRRPUVCUT = 1.E3_EB*MIN(200._EB,20._EB/CHARACTERISTIC_CELL_SIZE)",n/a,no,global threshold scales with the finest level,
representative_size,geom.f90,2079,COMPLEX_GEOMETRY::READ_GEOM,setup,DX = M%DXMIN,n/a,no,single per-mesh length scale; ambiguous for a box at level l,
representative_size,init.f90,5269,INIT::INITIAL_NOISE,setup,RN = NOISE_VELOCITY*(-1._EB + 2._EB*RN)*CELL_SIZE,n/a,no,single per-mesh length scale; ambiguous for a box at level l,
representative_size,init.f90,5282,INIT::INITIAL_NOISE,setup,RN = NOISE_VELOCITY*(-1._EB + 2._EB*RN)*CELL_SIZE,n/a,no,single per-mesh length scale; ambiguous for a box at level l,
representative_size,init.f90,5295,INIT::INITIAL_NOISE,setup,RN = NOISE_VELOCITY*(-1._EB + 2._EB*RN)*CELL_SIZE,n/a,no,single per-mesh length scale; ambiguous for a box at level l,
representative_size,read.f90,791,READ_INPUT::READ_MESH,setup,M%CELL_SIZE = SQRT(M%DXI*M%DZETA),n/a,no,single per-mesh length scale; ambiguous for a box at level l,
representative_size,read.f90,793,READ_INPUT::READ_MESH,setup,M%CELL_SIZE = (M%DXI*M%DETA*M%DZETA)**ONTH,n/a,no,single per-mesh length scale; ambiguous for a box at level l,
representative_size,read.f90,796,READ_INPUT::READ_MESH,setup,"CHARACTERISTIC_CELL_SIZE = MIN( CHARACTERISTIC_CELL_SIZE , M%CELL_SIZE )",n/a,no,single per-mesh length scale; ambiguous for a box at level l,
representative_size,read.f90,1280,READ_INPUT::READ_TRAN,setup,M%DXMIN = 1000000._EB,n/a,no,single per-mesh length scale; ambiguous for a box at level l,
representative_size,read.f90,1293,READ_INPUT::READ_TRAN,setup,"M%DXMIN = MIN(M%DXMIN,M%DX(I))",n/a,no,single per-mesh length scale; ambiguous for a box at level l,
representative_size,read.f90,1330,READ_INPUT::READ_TRAN,setup,M%DYMIN = 1000000._EB,n/a,no,single per-mesh length scale; ambiguous for a box at level l,
representative_size,read.f90,1338,READ_INPUT::READ_TRAN,setup,"M%DYMIN = MIN(M%DYMIN,M%DY(J))",n/a,no,single per-mesh length scale; ambiguous for a box at level l,
representative_size,read.f90,1366,READ_INPUT::READ_TRAN,setup,M%DZMIN = 1000000._EB,n/a,no,single per-mesh length scale; ambiguous for a box at level l,
representative_size,read.f90,1374,READ_INPUT::READ_TRAN,setup,"M%DZMIN = MIN(M%DZMIN,M%DZ(K))",n/a,no,single per-mesh length scale; ambiguous for a box at level l,
snap_computational,dump.f90,1409,DUMP::INITIALIZE_MESH_DUMPS,setup,"PA%I1 = MIN(M%IBAR,MAX(0,NINT( GINV(OB%X1-M%XS,1,NM)*RDXI )))",yes,no,geometry snaps to the lattice of each level separately,
snap_computational,dump.f90,1410,DUMP::INITIALIZE_MESH_DUMPS,setup,"PA%I2 = MIN(M%IBAR,MAX(0,NINT( GINV(OB%X2-M%XS,1,NM)*RDXI )))",yes,no,geometry snaps to the lattice of each level separately,
snap_computational,dump.f90,1411,DUMP::INITIALIZE_MESH_DUMPS,setup,"PA%J1 = MIN(M%JBAR,MAX(0,NINT( GINV(OB%Y1-M%YS,2,NM)*RDETA )))",yes,no,geometry snaps to the lattice of each level separately,
snap_computational,dump.f90,1412,DUMP::INITIALIZE_MESH_DUMPS,setup,"PA%J2 = MIN(M%JBAR,MAX(0,NINT( GINV(OB%Y2-M%YS,2,NM)*RDETA )))",yes,no,geometry snaps to the lattice of each level separately,
snap_computational,dump.f90,1413,DUMP::INITIALIZE_MESH_DUMPS,setup,"PA%K1 = MIN(M%KBAR,MAX(0,NINT( GINV(OB%Z1-M%ZS,3,NM)*RDZETA )))",yes,no,geometry snaps to the lattice of each level separately,
snap_computational,dump.f90,1414,DUMP::INITIALIZE_MESH_DUMPS,setup,"PA%K2 = MIN(M%KBAR,MAX(0,NINT( GINV(OB%Z2-M%ZS,3,NM)*RDZETA )))",yes,no,geometry snaps to the lattice of each level separately,
snap_computational,init.f90,2671,INIT::INITIALIZE_DEVICES,setup,"II = INT(GINV(DV%X-M%XS,1,NM)*M%RDXI + 1._EB)",yes,no,geometry snaps to the lattice of each level separately,
snap_computational,init.f90,2672,INIT::INITIALIZE_DEVICES,setup,"JJ = INT(GINV(DV%Y-M%YS,2,NM)*M%RDETA + 1._EB)",yes,no,geometry snaps to the lattice of each level separately,
snap_computational,init.f90,2673,INIT::INITIALIZE_DEVICES,setup,"KK = INT(GINV(DV%Z-M%ZS,3,NM)*M%RDZETA + 1._EB)",yes,no,geometry snaps to the lattice of each level separately,
snap_computational,init.f90,2790,INIT::INITIALIZE_PROFILES,setup,"II = INT(GINV(PF%X-M%XS,1,NM)*M%RDXI + 1._EB)",yes,no,geometry snaps to the lattice of each level separately,
snap_computational,init.f90,2791,INIT::INITIALIZE_PROFILES,setup,"JJ = INT(GINV(PF%Y-M%YS,2,NM)*M%RDETA + 1._EB)",yes,no,geometry snaps to the lattice of each level separately,
snap_computational,init.f90,2792,INIT::INITIALIZE_PROFILES,setup,"KK = INT(GINV(PF%Z-M%ZS,3,NM)*M%RDZETA + 1._EB)",yes,no,geometry snaps to the lattice of each level separately,
snap_computational,pres.f90,452,PRES::PRESSURE_SOLVER_FFT,runtime,"IF (LBC==3 .OR. LBC==4) HP(0,J,K) = HP(1,J,K) - DXI*BXS(J,K)",no,no,geometry snaps to the lattice of each level separately,
snap_computational,pres.f90,453,PRES::PRESSURE_SOLVER_FFT,runtime,"IF (LBC==3 .OR. LBC==2 .OR. LBC==6) HP(IBP1,J,K) = HP(IBAR,J,K) + DXI*BXF(J,K)",no,no,geometry snaps to the lattice of each level separately,
snap_computational,pres.f90,468,PRES::PRESSURE_SOLVER_FFT,runtime,"IF (MBC==3 .OR. MBC==4) HP(I,0,K) = HP(I,1,K) - DETA*BYS(I,K)",no,no,geometry snaps to the lattice of each level separately,
snap_computational,pres.f90,469,PRES::PRESSURE_SOLVER_FFT,runtime,"IF (MBC==3 .OR. MBC==2) HP(I,JBP1,K) = HP(I,JBAR,K) + DETA*BYF(I,K)",no,no,geometry snaps to the lattice of each level separately,
snap_computational,pres.f90,483,PRES::PRESSURE_SOLVER_FFT,runtime,"IF (NBC==3 .OR. NBC==4) HP(I,J,0) = HP(I,J,1) - DZETA*BZS(I,J)",no,no,geometry snaps to the lattice of each level separately,
snap_computational,pres.f90,484,PRES::PRESSURE_SOLVER_FFT,runtime,"IF (NBC==3 .OR. NBC==2) HP(I,J,KBP1) = HP(I,J,KBAR) + DZETA*BZF(I,J)",no,no,geometry snaps to the lattice of each level separately,
snap_computational,pres.f90,611,PRES::TUNNEL_POISSON_SOLVER,runtime,TP_CC(1) = TP_CC(1) + M%DXI*M%BXS_BAR*TP_BB(1),no,no,geometry snaps to the lattice of each level separately,
snap_computational,pres.f90,621,PRES::TUNNEL_POISSON_SOLVER,runtime,TP_CC(TUNNEL_NXP) = TP_CC(TUNNEL_NXP) - M%DXI*M%BXF_BAR*TP_AA(TUNNEL_NXP),no,no,geometry snaps to the lattice of each level separately,
snap_computational,read.f90,777,READ_INPUT::READ_MESH,setup,"M%DXI = (M%XF-M%XS)/REAL(M%IBAR,EB)",no,no,geometry snaps to the lattice of each level separately,
snap_computational,read.f90,778,READ_INPUT::READ_MESH,setup,"M%DETA = (M%YF-M%YS)/REAL(M%JBAR,EB)",no,no,geometry snaps to the lattice of each level separately,
snap_computational,read.f90,779,READ_INPUT::READ_MESH,setup,"M%DZETA = (M%ZF-M%ZS)/REAL(M%KBAR,EB)",no,no,geometry snaps to the lattice of each level separately,
snap_computational,read.f90,780,READ_INPUT::READ_MESH,setup,M%RDXI = 1._EB/M%DXI,no,no,geometry snaps to the lattice of each level separately,
snap_computational,read.f90,781,READ_INPUT::READ_MESH,setup,M%RDETA = 1._EB/M%DETA,no,no,geometry snaps to the lattice of each level separately,
snap_computational,read.f90,782,READ_INPUT::READ_MESH,setup,M%RDZETA= 1._EB/M%DZETA,no,no,geometry snaps to the lattice of each level separately,
snap_computational,read.f90,791,READ_INPUT::READ_MESH,setup,M%CELL_SIZE = SQRT(M%DXI*M%DZETA),no,no,geometry snaps to the lattice of each level separately,
snap_computational,read.f90,793,READ_INPUT::READ_MESH,setup,M%CELL_SIZE = (M%DXI*M%DETA*M%DZETA)**ONTH,no,no,geometry snaps to the lattice of each level separately,
snap_computational,read.f90,1283,READ_INPUT::READ_TRAN,setup,XI = I*M%DXI,no,no,geometry snaps to the lattice of each level separately,
snap_computational,read.f90,1292,READ_INPUT::READ_TRAN,setup,M%HX(I) = M%DX(I)/M%DXI,no,no,geometry snaps to the lattice of each level separately,
snap_computational,read.f90,1333,READ_INPUT::READ_TRAN,setup,ETA = J*M%DETA,no,no,geometry snaps to the lattice of each level separately,
snap_computational,read.f90,1337,READ_INPUT::READ_TRAN,setup,M%HY(J) = M%DY(J)/M%DETA,no,no,geometry snaps to the lattice of each level separately,
snap_computational,read.f90,1369,READ_INPUT::READ_TRAN,setup,ZETA = K*M%DZETA,no,no,geometry snaps to the lattice of each level separately,
snap_computational,read.f90,1373,READ_INPUT::READ_TRAN,setup,M%HZ(K) = M%DZ(K)/M%DZETA,no,no,geometry snaps to the lattice of each level separately,
snap_computational,read.f90,1431,READ_INPUT::READ_TRAN,setup,"M%CELLSI(I) = GINV(REAL(I,EB)/M%RDXINT,1,NM)*M%RDXI",yes,no,geometry snaps to the lattice of each level separately,
snap_computational,read.f90,1440,READ_INPUT::READ_TRAN,setup,"M%CELLSJ(J) = GINV(REAL(J,EB)/M%RDYINT,2,NM)*M%RDETA",yes,no,geometry snaps to the lattice of each level separately,
snap_computational,read.f90,1449,READ_INPUT::READ_TRAN,setup,"M%CELLSK(K) = GINV(REAL(K,EB)/M%RDZINT,3,NM)*M%RDZETA",yes,no,geometry snaps to the lattice of each level separately,
snap_computational,read.f90,11157,READ_INPUT::READ_OBST,setup,"OB%I1 = NINT( GINV(XB1-XS,1,NM)*RDXI )",yes,no,geometry snaps to the lattice of each level separately,
snap_computational,read.f90,11158,READ_INPUT::READ_OBST,setup,"OB%I2 = NINT( GINV(XB2-XS,1,NM)*RDXI )",yes,no,geometry snaps to the lattice of each level separately,
snap_computational,read.f90,11159,READ_INPUT::READ_OBST,setup,"OB%J1 = NINT( GINV(XB3-YS,2,NM)*RDETA )",yes,no,geometry snaps to the lattice of each level separately,
snap_computational,read.f90,11160,READ_INPUT::READ_OBST,setup,"OB%J2 = NINT( GINV(XB4-YS,2,NM)*RDETA )",yes,no,geometry snaps to the lattice of each level separately,
snap_computational,read.f90,11161,READ_INPUT::READ_OBST,setup,"OB%K1 = NINT( GINV(XB5-ZS,3,NM)*RDZETA )",yes,no,geometry snaps to the lattice of each level separately,
snap_computational,read.f90,11162,READ_INPUT::READ_OBST,setup,"OB%K2 = NINT( GINV(XB6-ZS,3,NM)*RDZETA )",yes,no,geometry snaps to the lattice of each level separately,
snap_computational,read.f90,11169,READ_INPUT::READ_OBST,setup,"OB%I1 = INT(GINV(.5_EB*(XB1+XB2)-XS,1,NM)*RDXI)",yes,no,geometry snaps to the lattice of each level separately,
snap_computational,read.f90,11175,READ_INPUT::READ_OBST,setup,"IF (GINV(XB2-XS,1,NM)-GINV(XB1-XS,1,NM)<0.25_EB/RDXI .AND. OB%I1 /= OB%I2) THEN",yes,no,geometry snaps to the lattice of each level separately,
snap_computational,read.f90,11186,READ_INPUT::READ_OBST,setup,"OB%J1 = INT(GINV(.5_EB*(XB3+XB4)-YS,2,NM)*RDETA)",yes,no,geometry snaps to the lattice of each level separately,
snap_computational,read.f90,11192,READ_INPUT::READ_OBST,setup,"IF (GINV(XB4-YS,2,NM)-GINV(XB3-YS,2,NM)<0.25_EB/RDETA .AND. OB%J1 /= OB%J2) THEN",yes,no,geometry snaps to the lattice of each level separately,
snap_computational,read.f90,11203,READ_INPUT::READ_OBST,setup,"OB%K1 = INT(GINV(.5_EB*(XB5+XB6)-ZS,3,NM)*RDZETA)",yes,no,geometry snaps to the lattice of each level separately,
snap_computational,read.f90,11209,READ_INPUT::READ_OBST,setup,"IF (GINV(XB6-ZS,3,NM)-GINV(XB5-ZS,3,NM)<0.25_EB/RDZETA .AND. OB%K1 /= OB%K2) THEN",yes,no,geometry snaps to the lattice of each level separately,
snap_computational,read.f90,11873,READ_INPUT::READ_HOLE,setup,"I1 = NINT( GINV(X1-XS,1,NM)*RDXI )",yes,no,geometry snaps to the lattice of each level separately,
snap_computational,read.f90,11874,READ_INPUT::READ_HOLE,setup,"I2 = NINT( GINV(X2-XS,1,NM)*RDXI )",yes,no,geometry snaps to the lattice of each level separately,
snap_computational,read.f90,11875,READ_INPUT::READ_HOLE,setup,"J1 = NINT( GINV(Y1-YS,2,NM)*RDETA )",yes,no,geometry snaps to the lattice of each level separately,
snap_computational,read.f90,11876,READ_INPUT::READ_HOLE,setup,"J2 = NINT( GINV(Y2-YS,2,NM)*RDETA )",yes,no,geometry snaps to the lattice of each level separately,
snap_computational,read.f90,11877,READ_INPUT::READ_HOLE,setup,"K1 = NINT( GINV(Z1-ZS,3,NM)*RDZETA )",yes,no,geometry snaps to the lattice of each level separately,
snap_computational,read.f90,11878,READ_INPUT::READ_HOLE,setup,"K2 = NINT( GINV(Z2-ZS,3,NM)*RDZETA )",yes,no,geometry snaps to the lattice of each level separately,
snap_computational,read.f90,12360,READ_INPUT::READ_VENT,setup,"I1 = MAX(0, NINT(GINV(XB_MESH(1)-XS,1,NM)*RDXI ))",yes,no,geometry snaps to the lattice of each level separately,
snap_computational,read.f90,12361,READ_INPUT::READ_VENT,setup,"I2 = MIN(IBAR,NINT(GINV(XB_MESH(2)-XS,1,NM)*RDXI ))",yes,no,geometry snaps to the lattice of each level separately,
snap_computational,read.f90,12362,READ_INPUT::READ_VENT,setup,"J1 = MAX(0, NINT(GINV(XB_MESH(3)-YS,2,NM)*RDETA ))",yes,no,geometry snaps to the lattice of each level separately,
snap_computational,read.f90,12363,READ_INPUT::READ_VENT,setup,"J2 = MIN(JBAR,NINT(GINV(XB_MESH(4)-YS,2,NM)*RDETA ))",yes,no,geometry snaps to the lattice of each level separately,
snap_computational,read.f90,12364,READ_INPUT::READ_VENT,setup,"K1 = MAX(0, NINT(GINV(XB_MESH(5)-ZS,3,NM)*RDZETA ))",yes,no,geometry snaps to the lattice of each level separately,
snap_computational,read.f90,12365,READ_INPUT::READ_VENT,setup,"K2 = MIN(KBAR,NINT(GINV(XB_MESH(6)-ZS,3,NM)*RDZETA ))",yes,no,geometry snaps to the lattice of each level separately,
snap_computational,read.f90,13078,READ_INPUT::READ_INIT,setup,IF (ABS(XYZ(1)-M%XS)<50._EB*TWENTY_EPSILON_EB) XYZ(1) = XYZ(1) + 0.01_EB*M%DXI,no,no,geometry snaps to the lattice of each level separately,
snap_computational,read.f90,13079,READ_INPUT::READ_INIT,setup,IF (ABS(XYZ(1)-M%XF)<50._EB*TWENTY_EPSILON_EB) XYZ(1) = XYZ(1) - 0.01_EB*M%DXI,no,no,geometry snaps to the lattice of each level separately,
snap_computational,read.f90,13080,READ_INPUT::READ_INIT,setup,IF (ABS(XYZ(2)-M%YS)<50._EB*TWENTY_EPSILON_EB) XYZ(2) = XYZ(2) + 0.01_EB*M%DETA,no,no,geometry snaps to the lattice of each level separately,
snap_computational,read.f90,13081,READ_INPUT::READ_INIT,setup,IF (ABS(XYZ(2)-M%YF)<50._EB*TWENTY_EPSILON_EB) XYZ(2) = XYZ(2) - 0.01_EB*M%DETA,no,no,geometry snaps to the lattice of each level separately,
snap_computational,read.f90,13082,READ_INPUT::READ_INIT,setup,IF (ABS(XYZ(3)-M%ZS)<50._EB*TWENTY_EPSILON_EB) XYZ(3) = XYZ(3) + 0.01_EB*M%DZETA,no,no,geometry snaps to the lattice of each level separately,
snap_computational,read.f90,13083,READ_INPUT::READ_INIT,setup,IF (ABS(XYZ(3)-M%ZF)<50._EB*TWENTY_EPSILON_EB) XYZ(3) = XYZ(3) - 0.01_EB*M%DZETA,no,no,geometry snaps to the lattice of each level separately,
snap_computational,read.f90,14174,READ_INPUT::READ_DEVC,setup,XYZ(1) = XYZ(1) + 0.01_EB*M%DXI,no,no,geometry snaps to the lattice of each level separately,
snap_computational,read.f90,14181,READ_INPUT::READ_DEVC,setup,XYZ(1) = XYZ(1) - 0.01_EB*M%DXI,no,no,geometry snaps to the lattice of each level separately,
snap_computational,read.f90,14188,READ_INPUT::READ_DEVC,setup,XYZ(2) = XYZ(2) + 0.01_EB*M%DETA,no,no,geometry snaps to the lattice of each level separately,
snap_computational,read.f90,14195,READ_INPUT::READ_DEVC,setup,XYZ(2) = XYZ(2) - 0.01_EB*M%DETA,no,no,geometry snaps to the lattice of each level separately,
snap_computational,read.f90,14202,READ_INPUT::READ_DEVC,setup,XYZ(3) = XYZ(3) + 0.01_EB*M%DZETA,no,no,geometry snaps to the lattice of each level separately,
snap_computational,read.f90,14209,READ_INPUT::READ_DEVC,setup,XYZ(3) = XYZ(3) - 0.01_EB*M%DZETA,no,no,geometry snaps to the lattice of each level separately,
snap_computational,read.f90,14500,READ_INPUT::READ_DEVC,setup,"SDV%I1 = NINT( GINV(SDV%X1-M%XS,1,NM)*M%RDXI ) + 1",yes,no,geometry snaps to the lattice of each level separately,
snap_computational,read.f90,14501,READ_INPUT::READ_DEVC,setup,"SDV%I2 = NINT( GINV(SDV%X2-M%XS,1,NM)*M%RDXI )",yes,no,geometry snaps to the lattice of each level separately,
snap_computational,read.f90,14502,READ_INPUT::READ_DEVC,setup,"SDV%J1 = NINT( GINV(SDV%Y1-M%YS,2,NM)*M%RDETA ) + 1",yes,no,geometry snaps to the lattice of each level separately,
snap_computational,read.f90,14503,READ_INPUT::READ_DEVC,setup,"SDV%J2 = NINT( GINV(SDV%Y2-M%YS,2,NM)*M%RDETA )",yes,no,geometry snaps to the lattice of each level separately,
snap_computational,read.f90,14504,READ_INPUT::READ_DEVC,setup,"SDV%K1 = NINT( GINV(SDV%Z1-M%ZS,3,NM)*M%RDZETA ) + 1",yes,no,geometry snaps to the lattice of each level separately,
snap_computational,read.f90,14505,READ_INPUT::READ_DEVC,setup,"SDV%K2 = NINT( GINV(SDV%Z2-M%ZS,3,NM)*M%RDZETA )",yes,no,geometry snaps to the lattice of each level separately,
snap_computational,read.f90,16253,READ_INPUT::READ_SLCF,setup,"SL%I1 = NINT( GINV(XB(1)-XS,1,NM)*RDXI )",yes,no,geometry snaps to the lattice of each level separately,
snap_computational,read.f90,16254,READ_INPUT::READ_SLCF,setup,"SL%I2 = NINT( GINV(XB(2)-XS,1,NM)*RDXI )",yes,no,geometry snaps to the lattice of each level separately,
snap_computational,read.f90,16255,READ_INPUT::READ_SLCF,setup,"SL%J1 = NINT( GINV(XB(3)-YS,2,NM)*RDETA )",yes,no,geometry snaps to the lattice of each level separately,
snap_computational,read.f90,16256,READ_INPUT::READ_SLCF,setup,"SL%J2 = NINT( GINV(XB(4)-YS,2,NM)*RDETA )",yes,no,geometry snaps to the lattice of each level separately,
snap_computational,read.f90,16257,READ_INPUT::READ_SLCF,setup,"SL%K1 = NINT( GINV(XB(5)-ZS,3,NM)*RDZETA )",yes,no,geometry snaps to the lattice of each level separately,
snap_computational,read.f90,16258,READ_INPUT::READ_SLCF,setup,"SL%K2 = NINT( GINV(XB(6)-ZS,3,NM)*RDZETA )",yes,no,geometry snaps to the lattice of each level separately,
snap_computational,velo.f90,1098,VELO::VELOCITY_FLUX::PATCH_VELOCITY_FLUX,runtime,"I1 = MAX(0, NINT( GINV(DV%X1-XS,1,NM)*RDXI )-1)",yes,no,geometry snaps to the lattice of each level separately,
snap_computational,velo.f90,1099,VELO::VELOCITY_FLUX::PATCH_VELOCITY_FLUX,runtime,"I2 = MIN(IBAR,NINT( GINV(DV%X2-XS,1,NM)*RDXI )+1)",yes,no,geometry snaps to the lattice of each level separately,
snap_computational,velo.f90,1100,VELO::VELOCITY_FLUX::PATCH_VELOCITY_FLUX,runtime,"J1 = MAX(0, NINT( GINV(DV%Y1-YS,2,NM)*RDETA )-1)",yes,no,geometry snaps to the lattice of each level separately,
snap_computational,velo.f90,1101,VELO::VELOCITY_FLUX::PATCH_VELOCITY_FLUX,runtime,"J2 = MIN(JBAR,NINT( GINV(DV%Y2-YS,2,NM)*RDETA )+1)",yes,no,geometry snaps to the lattice of each level separately,
snap_computational,velo.f90,1102,VELO::VELOCITY_FLUX::PATCH_VELOCITY_FLUX,runtime,"K1 = MAX(0, NINT( GINV(DV%Z1-ZS,3,NM)*RDZETA )-1)",yes,no,geometry snaps to the lattice of each level separately,
snap_computational,velo.f90,1103,VELO::VELOCITY_FLUX::PATCH_VELOCITY_FLUX,runtime,"K2 = MIN(KBAR,NINT( GINV(DV%Z2-ZS,3,NM)*RDZETA )+1)",yes,no,geometry snaps to the lattice of each level separately,
snap_computational,velo.f90,1131,VELO::VELOCITY_FLUX::PATCH_VELOCITY_FLUX,runtime,"I1 = MAX(0, NINT( GINV(DV%X1-XS,1,NM)*RDXI )-1)",yes,no,geometry snaps to the lattice of each level separately,
snap_computational,velo.f90,1132,VELO::VELOCITY_FLUX::PATCH_VELOCITY_FLUX,runtime,"I2 = MIN(IBAR,NINT( GINV(DV%X2-XS,1,NM)*RDXI )+1)",yes,no,geometry snaps to the lattice of each level separately,
snap_computational,velo.f90,1133,VELO::VELOCITY_FLUX::PATCH_VELOCITY_FLUX,runtime,"J1 = MAX(0, NINT( GINV(DV%Y1-YS,2,NM)*RDETA )-1)",yes,no,geometry snaps to the lattice of each level separately,
snap_computational,velo.f90,1134,VELO::VELOCITY_FLUX::PATCH_VELOCITY_FLUX,runtime,"J2 = MIN(JBAR,NINT( GINV(DV%Y2-YS,2,NM)*RDETA )+1)",yes,no,geometry snaps to the lattice of each level separately,
snap_computational,velo.f90,1135,VELO::VELOCITY_FLUX::PATCH_VELOCITY_FLUX,runtime,"K1 = MAX(0, NINT( GINV(DV%Z1-ZS,3,NM)*RDZETA )-1)",yes,no,geometry snaps to the lattice of each level separately,
snap_computational,velo.f90,1136,VELO::VELOCITY_FLUX::PATCH_VELOCITY_FLUX,runtime,"K2 = MIN(KBAR,NINT( GINV(DV%Z2-ZS,3,NM)*RDZETA )+1)",yes,no,geometry snaps to the lattice of each level separately,
snap_computational,velo.f90,1165,VELO::VELOCITY_FLUX::PATCH_VELOCITY_FLUX,runtime,"I1 = MAX(0, NINT( GINV(DV%X1-XS,1,NM)*RDXI )-1)",yes,no,geometry snaps to the lattice of each level separately,
snap_computational,velo.f90,1166,VELO::VELOCITY_FLUX::PATCH_VELOCITY_FLUX,runtime,"I2 = MIN(IBAR,NINT( GINV(DV%X2-XS,1,NM)*RDXI )+1)",yes,no,geometry snaps to the lattice of each level separately,
snap_computational,velo.f90,1167,VELO::VELOCITY_FLUX::PATCH_VELOCITY_FLUX,runtime,"J1 = MAX(0, NINT( GINV(DV%Y1-YS,2,NM)*RDETA )-1)",yes,no,geometry snaps to the lattice of each level separately,
snap_computational,velo.f90,1168,VELO::VELOCITY_FLUX::PATCH_VELOCITY_FLUX,runtime,"J2 = MIN(JBAR,NINT( GINV(DV%Y2-YS,2,NM)*RDETA )+1)",yes,no,geometry snaps to the lattice of each level separately,
snap_computational,velo.f90,1169,VELO::VELOCITY_FLUX::PATCH_VELOCITY_FLUX,runtime,"K1 = MAX(0, NINT( GINV(DV%Z1-ZS,3,NM)*RDZETA )-1)",yes,no,geometry snaps to the lattice of each level separately,
snap_computational,velo.f90,1170,VELO::VELOCITY_FLUX::PATCH_VELOCITY_FLUX,runtime,"K2 = MIN(KBAR,NINT( GINV(DV%Z2-ZS,3,NM)*RDZETA )+1)",yes,no,geometry snaps to the lattice of each level separately,
coord_lookup_table,func.f90,5425,GEOMETRY_FUNCTIONS::SEARCH_OTHER_MESHES,runtime+setup,IF (ALLOCATED(M2%CELLSI)) THEN,yes,no,per-box lookup table; rebuild on regrid,
coord_lookup_table,func.f90,5426,GEOMETRY_FUNCTIONS::SEARCH_OTHER_MESHES,runtime+setup,"XI = MAX( 1._EB , MIN( REAL(M2%IBP1,EB)*ONE_M_EPS , M2%CELLSI(FLOOR((XX-M2%XS)*M2%RDXINT)) + 1._EB ) )",yes,no,per-box lookup table; rebuild on regrid,
coord_lookup_table,func.f90,5427,GEOMETRY_FUNCTIONS::SEARCH_OTHER_MESHES,runtime+setup,"YJ = MAX( 1._EB , MIN( REAL(M2%JBP1,EB)*ONE_M_EPS , M2%CELLSJ(FLOOR((YY-M2%YS)*M2%RDYINT)) + 1._EB ) )",yes,no,per-box lookup table; rebuild on regrid,
coord_lookup_table,func.f90,5428,GEOMETRY_FUNCTIONS::SEARCH_OTHER_MESHES,runtime+setup,"ZK = MAX( 1._EB , MIN( REAL(M2%KBP1,EB)*ONE_M_EPS , M2%CELLSK(FLOOR((ZZ-M2%ZS)*M2%RDZINT)) + 1._EB ) )",yes,no,per-box lookup table; rebuild on regrid,
coord_lookup_table,func.f90,6775,TRAN::GET_IJK,runtime+setup,"XI = MESHES(NM)%CELLSI( MIN( MESHES(NM)%CELLSI_HI, MAX(MESHES(NM)%CELLSI_LO,FLOOR((X-MESHES(NM)%XS)*MESHES(NM)%RDXINT)) ) )",yes,no,per-box lookup table; rebuild on regrid,
coord_lookup_table,func.f90,6776,TRAN::GET_IJK,runtime+setup,"YJ = MESHES(NM)%CELLSJ( MIN( MESHES(NM)%CELLSJ_HI, MAX(MESHES(NM)%CELLSJ_LO,FLOOR((Y-MESHES(NM)%YS)*MESHES(NM)%RDYINT)) ) )",yes,no,per-box lookup table; rebuild on regrid,
coord_lookup_table,func.f90,6777,TRAN::GET_IJK,runtime+setup,"ZK = MESHES(NM)%CELLSK( MIN( MESHES(NM)%CELLSK_HI, MAX(MESHES(NM)%CELLSK_LO,FLOOR((Z-MESHES(NM)%ZS)*MESHES(NM)%RDZINT)) ) )",yes,no,per-box lookup table; rebuild on regrid,
coord_lookup_table,geom.f90,230,COMPLEX_GEOMETRY::SEARCH_OTHER_MESHES_FACE,setup,"YJ = MAX( 1._EB , MIN( REAL(M2%JBAR,EB)+ONE_M_EPS , M2%CELLSJ(FLOOR((YY-M2%YS)*M2%RDYINT)) + 1._EB ) )",yes,no,per-box lookup table; rebuild on regrid,
coord_lookup_table,geom.f90,231,COMPLEX_GEOMETRY::SEARCH_OTHER_MESHES_FACE,setup,"ZK = MAX( 1._EB , MIN( REAL(M2%KBAR,EB)+ONE_M_EPS , M2%CELLSK(FLOOR((ZZ-M2%ZS)*M2%RDZINT)) + 1._EB ) )",yes,no,per-box lookup table; rebuild on regrid,
coord_lookup_table,geom.f90,252,COMPLEX_GEOMETRY::SEARCH_OTHER_MESHES_FACE,setup,"XI = MAX( 1._EB , MIN( REAL(M2%IBAR,EB)+ONE_M_EPS , M2%CELLSI(FLOOR((XX-M2%XS)*M2%RDXINT)) + 1._EB ) )",yes,no,per-box lookup table; rebuild on regrid,
coord_lookup_table,geom.f90,253,COMPLEX_GEOMETRY::SEARCH_OTHER_MESHES_FACE,setup,"ZK = MAX( 1._EB , MIN( REAL(M2%KBAR,EB)+ONE_M_EPS , M2%CELLSK(FLOOR((ZZ-M2%ZS)*M2%RDZINT)) + 1._EB ) )",yes,no,per-box lookup table; rebuild on regrid,
coord_lookup_table,geom.f90,274,COMPLEX_GEOMETRY::SEARCH_OTHER_MESHES_FACE,setup,"XI = MAX( 1._EB , MIN( REAL(M2%IBAR,EB)+ONE_M_EPS , M2%CELLSI(FLOOR((XX-M2%XS)*M2%RDXINT)) + 1._EB ) )",yes,no,per-box lookup table; rebuild on regrid,
coord_lookup_table,geom.f90,275,COMPLEX_GEOMETRY::SEARCH_OTHER_MESHES_FACE,setup,"YJ = MAX( 1._EB , MIN( REAL(M2%JBAR,EB)+ONE_M_EPS , M2%CELLSJ(FLOOR((YY-M2%YS)*M2%RDYINT)) + 1._EB ) )",yes,no,per-box lookup table; rebuild on regrid,
coord_lookup_table,init.f90,1464,INIT::INITIALIZE_MESH_VARIABLES_2::DEFINE_EDGE,setup,"ZK = MIN( REAL(MM%KBAR,EB)+ONE_M_EPS , MM%CELLSK(NINT((M%Z(KK)-MM%ZS)*MM%RDZINT))+1._EB )",yes,no,per-box lookup table; rebuild on regrid,
coord_lookup_table,init.f90,1473,INIT::INITIALIZE_MESH_VARIABLES_2::DEFINE_EDGE,setup,"YJ = MIN( REAL(MM%JBAR,EB)+ONE_M_EPS , MM%CELLSJ(NINT((M%Y(JJ)-MM%YS)*MM%RDYINT))+1._EB )",yes,no,per-box lookup table; rebuild on regrid,
coord_lookup_table,init.f90,1502,INIT::INITIALIZE_MESH_VARIABLES_2::DEFINE_EDGE,setup,"ZK = MIN( REAL(MM%KBAR,EB)+ONE_M_EPS , MM%CELLSK(NINT((M%Z(KK)-MM%ZS)*MM%RDZINT))+1._EB )",yes,no,per-box lookup table; rebuild on regrid,
coord_lookup_table,init.f90,1510,INIT::INITIALIZE_MESH_VARIABLES_2::DEFINE_EDGE,setup,"XI = MIN( REAL(MM%IBAR,EB)+ONE_M_EPS , MM%CELLSI(NINT((M%X(II)-MM%XS)*MM%RDXINT))+1._EB )",yes,no,per-box lookup table; rebuild on regrid,
coord_lookup_table,init.f90,1539,INIT::INITIALIZE_MESH_VARIABLES_2::DEFINE_EDGE,setup,"YJ = MIN( REAL(MM%JBAR,EB)+ONE_M_EPS , MM%CELLSJ(NINT((M%Y(JJ)-MM%YS)*MM%RDYINT))+1._EB )",yes,no,per-box lookup table; rebuild on regrid,
coord_lookup_table,init.f90,1548,INIT::INITIALIZE_MESH_VARIABLES_2::DEFINE_EDGE,setup,"XI = MIN( REAL(MM%IBAR,EB)+ONE_M_EPS , MM%CELLSI(NINT((M%X(II)-MM%XS)*MM%RDXINT))+1._EB )",yes,no,per-box lookup table; rebuild on regrid,
coord_lookup_table,read.f90,1421,READ_INPUT::READ_TRAN,setup,"ALLOCATE(M%CELLSI(-NIPXS:NIPX+NIPXF),STAT=IZERO)",yes,no,per-box lookup table; rebuild on regrid,
coord_lookup_table,read.f90,1423,READ_INPUT::READ_TRAN,setup,"ALLOCATE(M%CELLSJ(-NIPYS:NIPY+NIPYF),STAT=IZERO)",yes,no,per-box lookup table; rebuild on regrid,
coord_lookup_table,read.f90,1425,READ_INPUT::READ_TRAN,setup,"ALLOCATE(M%CELLSK(-NIPZS:NIPZ+NIPZF),STAT=IZERO)",yes,no,per-box lookup table; rebuild on regrid,
coord_lookup_table,read.f90,1431,READ_INPUT::READ_TRAN,setup,"M%CELLSI(I) = GINV(REAL(I,EB)/M%RDXINT,1,NM)*M%RDXI",yes,no,per-box lookup table; rebuild on regrid,
coord_lookup_table,read.f90,1432,READ_INPUT::READ_TRAN,setup,"IF (ABS(M%CELLSI(I)-REAL(NINT(M%CELLSI(I)),EB)) < 1.E-14_EB) M%CELLSI(I) = REAL(NINT(M%CELLSI(I)),EB)",yes,no,per-box lookup table; rebuild on regrid,
coord_lookup_table,read.f90,1433,READ_INPUT::READ_TRAN,setup,"M%CELLSI(I) = MAX(M%CELLSI(I),-0.9_EB)",yes,no,per-box lookup table; rebuild on regrid,
coord_lookup_table,read.f90,1434,READ_INPUT::READ_TRAN,setup,"M%CELLSI(I) = MIN(M%CELLSI(I),REAL(M%IBAR)+0.9_EB)",yes,no,per-box lookup table; rebuild on regrid,
coord_lookup_table,read.f90,1440,READ_INPUT::READ_TRAN,setup,"M%CELLSJ(J) = GINV(REAL(J,EB)/M%RDYINT,2,NM)*M%RDETA",yes,no,per-box lookup table; rebuild on regrid,
coord_lookup_table,read.f90,1441,READ_INPUT::READ_TRAN,setup,"IF (ABS(M%CELLSJ(J)-REAL(NINT(M%CELLSJ(J)),EB)) < 1.E-14_EB) M%CELLSJ(J) = REAL(NINT(M%CELLSJ(J)),EB)",yes,no,per-box lookup table; rebuild on regrid,
coord_lookup_table,read.f90,1442,READ_INPUT::READ_TRAN,setup,"M%CELLSJ(J) = MAX(M%CELLSJ(J),-0.9_EB)",yes,no,per-box lookup table; rebuild on regrid,
coord_lookup_table,read.f90,1443,READ_INPUT::READ_TRAN,setup,"M%CELLSJ(J) = MIN(M%CELLSJ(J),REAL(M%JBAR)+0.9_EB)",yes,no,per-box lookup table; rebuild on regrid,
coord_lookup_table,read.f90,1449,READ_INPUT::READ_TRAN,setup,"M%CELLSK(K) = GINV(REAL(K,EB)/M%RDZINT,3,NM)*M%RDZETA",yes,no,per-box lookup table; rebuild on regrid,
coord_lookup_table,read.f90,1450,READ_INPUT::READ_TRAN,setup,"IF (ABS(M%CELLSK(K)-REAL(NINT(M%CELLSK(K)),EB)) < 1.E-14_EB) M%CELLSK(K) = REAL(NINT(M%CELLSK(K)),EB)",yes,no,per-box lookup table; rebuild on regrid,
coord_lookup_table,read.f90,1451,READ_INPUT::READ_TRAN,setup,"M%CELLSK(K) = MAX(M%CELLSK(K),-0.9_EB)",yes,no,per-box lookup table; rebuild on regrid,
coord_lookup_table,read.f90,1452,READ_INPUT::READ_TRAN,setup,"M%CELLSK(K) = MIN(M%CELLSK(K),REAL(M%KBAR)+0.9_EB)",yes,no,per-box lookup table; rebuild on regrid,
