tier,case,anchor,req,cat,meshes,cells,nres,dx,ranks_str,firebot,t_end,steps_est,cost,PI,wall_s,mem_gb,fits,tclass,derive,verifies,judge,notes
T1,Pressure_Solver/obst_activation_default.fds,,,"a,b",4,1024,1,0.05x0.002x0.05,4,4,2.0,400,dns,1,3,0.1,yes,T2 vs FFT baseline; T1 vs GLMAT copy (FR-002) / T2,,"Divergence stays at machine zero when OBSTs appear/disappear inside, across and abutting mesh boundaries (FFT solver)","dataplot: D_max, Absolute Error, metric max, tol 1e-13",
T1,Pressure_Solver/obst_activation_ulmat.fds,,,b,4,1024,1,0.05x0.002x0.05,4,4,2.0,400,dns,1,3,0.1,yes,T2 vs FFT baseline; T1 vs GLMAT copy (FR-002) / T2,,"Same with ULMAT (unstructured local matrix; HYPRE on GNU build, PARDISO on Intel)","dataplot: D_max, Absolute Error, max, tol 1e-13",
T1,Flowfields/divergence_test_3.fds,,,"a,b",4,12000,1,0.001x0.002x0.001,4,4,2.0,1112,dns,1,13,0.1,yes,T2 vs FFT baseline; T1 vs GLMAT copy (FR-002) / T2,,Divergence constraint on 4-mesh 2-D channel with random OBST create/remove,"dataplot: div_min|div_max, Absolute Error, end, tol 1e-10",
T1,Flowfields/divergence_test_2.fds,,,"b,c",1,81,1,0.111111x0.1x0.111111,1,1,10.,2000,iso3d,1,3,0.1,yes,T1 (T0 stretch) / T2,,Volume integral of divergence = 0 in sealed box with internal mass source (divergence theorem),"dataplot: Vdot, Absolute Error, end, tol 1e-10",
T1,Pressure_Solver/dancing_eddies_1mesh.fds,,,"a,b",1,12000,1,0.001x0.002x0.001,1,1,2.0,1778,dns,1,46,0.1,yes,T1 (T0 stretch) / T2,,Single-mesh reference for the dancing_eddies multi-mesh comparisons,used as expected data (d1) for dancing_eddies_* pres comparisons,
T1,Pressure_Solver/dancing_eddies_default.fds,,,"a,b",4,12000,1,0.001x0.002x0.001,4,4,2.0,1778,dns,1,18,0.1,yes,T2 vs FFT baseline; T1 vs GLMAT copy (FR-002) / T2,,4-mesh vortex street vs 1-mesh: pressure at probe after eddies cross mesh interfaces (default FFT + iteration),"dataplot: pres vs 1mesh, Absolute Error, end, tol 0.01 Pa",
T1,Pressure_Solver/dancing_eddies_uglmat_refine.fds,,,"a,b",4,7600,2,0.001x0.002x0.001;0.002x0.002x0.002,4,4,2.0,1778,dns,1.5,18,0.1,yes,"T1 vs baseline, same solver, if the legacy multi-resolution path is kept in uniform mode (else T2) / T2",,"Coarse/fine meshes side by side (2:1, 76x40 | 38x20) with global UGLMAT (HYPRE) Poisson solve; closest existing analogue to a static 2-level AMR hierarchy","dataplot: iterations & cpu only (N/A, plotted, no tolerance) -> V&V adds regression + pres-vs-1mesh (informational)",
T1,Pressure_Effects/obst_coarse_fine_interface.fds,,,a,2,171,2,0.25x0.25x0.25;0.5x0.5x0.5,2,1,10,300,iso3d,1,3,0.1,yes,"T1 vs baseline, same solver, if the legacy multi-resolution path is kept in uniform mode (else T2) / T2",,OBST adjacent to a coarse(0.5 m)/fine(0.25 m) mesh interface; background-pressure difference between two sides,"dataplot: DP vs exact, Absolute Error, end, tol 2 Pa",firebot runs 1 rank; 2 ranks also valid
T1,Adaptive_Mesh_Refinement/random_meshes.fds,yes,FR-043,a,5,1600,2,0.05x0.2x0.05;0.1x0.2x0.1,4,4,300.,2000,iso2d,3,7,0.1,yes,"T1 vs baseline, same solver, if the legacy multi-resolution path is kept in uniform mode (else T2) / T2",,"Five randomly overlapping meshes, 2 resolutions, fine mesh embedded in coarse; 5 meshes on 4 ranks via MPI_PROCESS; volume-flow conservation through the domain","dataplot: Vdot vs 0.012 m3/s, Relative Error, end, tol 0.02",
T1,Adaptive_Mesh_Refinement/ns2d_16_int_1to2_refinement.fds,yes,"FR-016,FR-014,A-09","a,e",13,448,2,0.19635x0.1x0.19635;0.392699x0.1x0.392699,1,13 (commented),30.0,1834,dns,10,31,0.1,yes,"T1 (FR-001 style, same solver) / T2 vs baseline error; FR-016(a) T0 ghost fill (unit); T3 vs ns2d_32",,"FR-016 primary case: fine 16x16 patch (dx=pi/16) ABUTTING a ring of 12 coarse 4x4 meshes (dx=pi/8), ratio 2, periodic 2-D NS, nu~0; default FFT + iteration (VELOCITY_TOLERANCE 1e-6, max 100)","No FDS criterion: commented out of FDS_Cases.sh (lines 4-6) by 042aa2624d (McDermott, 2024-11-08) ""demonstrating errors in both embedded mesh strategy and interpolated refinement""; no dataplot row, not in Verif. Guide. V&V metric (A-09): completes to T_END without NaN/instability; RMS and probe u,p error vs analytic (ns2d.py method) recorded as baseline value",13 meshes: 1 rank as-is (no MPI_PROCESS); firebot comment used -p 13 (oversubscribes 8 cores; allowed for a tiny case)
T1,VV/ns2d_16_int_1to2_refinement_uglmat.fds,,"FR-016(c,d)","a,b,e",13,448,2,0.19635x0.1x0.19635;0.392699x0.1x0.392699,1,- (derived (V&V)),30.0,1834,dns,2,9,0.1,yes,T1 vs itself on rerun (T0 expected) / reference for FR-016(c) H rule and (d) T2,copy of ns2d_16_int_1to2_refinement with &PRES SOLVER='UGLMAT HYPRE' (drop VELOCITY_TOLERANCE/MAX_PRESSURE_ITERATIONS); CHID suffix _uglmat,FR-016 reference solution: same geometry with the global UGLMAT/HYPRE solve (exact normal velocity at the 2:1 seam; pres.f90 handles refinement and periodic seams),"V&V: must complete (A-09b); records H, u at probe; normal-velocity mismatch at seam from CHECK_POISSON output ~ machine zero",
T1,Adaptive_Mesh_Refinement/ns2d_16_emb_1to2_refinement.fds,yes,"FR-014,A-09 (FR-016 disputed)","a,e",2,512,2,0.19635x0.1x0.19635;0.392699x0.1x0.392699,2,2 (commented),30.0,1834,dns,10,17,0.1,yes,T1 / T2 vs baseline error; T3 vs ns2d_32 (FR-014),,"Fine 16x16 mesh EMBEDDED in (overlapping) a coarse 16x16 periodic mesh, ratio 2: FDS embedded-mesh strategy","No FDS criterion: commented out of FDS_Cases.sh (lines 4-6) by 042aa2624d (McDermott, 2024-11-08) ""demonstrating errors in both embedded mesh strategy and interpolated refinement""; no dataplot row, not in Verif. Guide. V&V metric (A-09): completes to T_END without NaN/instability; RMS and probe u,p error vs analytic (ns2d.py method) recorded as baseline value","Overlapping meshes: UGLMAT not applicable (User Guide: UGLMAT is for non-overlapping meshes), so no FR-016 UGLMAT reference exists for this case"
T1,Atmospheric_Effects/lapse_rate.fds,,,a,4,4000,1,1x1x1,4,1,1.0,100,iso3d,1,3,0.1,yes,T2 vs FFT baseline; T1 vs GLMAT copy (FR-002) / T2,,Hydrostatic T and p lapse across 4 vertically stacked meshes,"dataplot: T,P profiles, Relative Error, end, tol 1e-3",firebot uses 1 rank
T1,Scalar_Analytical_Solution/soborot_superbee_square_wave_128.fds,,,"a,d",4,16384,1,0.007812x1x0.007812,4,4,1.575745,404,iso2d,1,5,0.1,yes,T2 vs FFT baseline; T1 vs GLMAT copy (FR-002) / T2,,Solid-body-rotation scalar advection (Superbee) on 4 meshes,soborot_mass_transport.py: L1 error <= 1.0e-2 (square wave),
T1,Scalar_Analytical_Solution/soborot_superbee_square_wave_128_1mesh.fds,,,"a,d",1,16384,1,0.007812x1x0.007812,1,1,1.575745,404,iso2d,1,10,0.1,yes,T1 (T0 stretch) / T2,,Same on 1 mesh: multi-mesh result must equal single-mesh result,soborot_mass_transport.py: |L1(4 mesh) - L1(1 mesh)| <= 1e-10  (strongest existing mesh-interface invariance check),
T1,NS_Analytical_Solution/ns2d_8.fds,,,"b,e",1,64,1,0.785398x0.1x0.785398,1,1,6.283185,97,dns,1,3,0.1,yes,T1 (T0 stretch) / T2,,"Analytical 2-D NS, nu=0, N=8 (advection order)","ns2d.py -> ns2d_error.csv (rms u error vs dx), dataplot N/A plot; V&V gate: observed order >= 1.8",
T1,NS_Analytical_Solution/ns2d_8_nupt1.fds,,,"b,e",1,64,1,0.785398x0.1x0.785398,1,1,6.283185,97,dns,1,3,0.1,yes,T1 (T0 stretch) / T2,,"Analytical 2-D NS, nu=0.1, N=8 (viscous order)","dataplot: Convergent Series (N/A, tol 0); V&V gate: observed order >= 1.8",
T1,NS_Analytical_Solution/ns2d_16.fds,,,"b,e",1,256,1,0.392699x0.1x0.392699,1,1,6.283185,193,dns,1,3,0.1,yes,T1 (T0 stretch) / T2,,"Analytical 2-D NS, nu=0, N=16 (advection order)","ns2d.py -> ns2d_error.csv (rms u error vs dx), dataplot N/A plot; V&V gate: observed order >= 1.8",
T1,NS_Analytical_Solution/ns2d_16_nupt1.fds,,,"b,e",1,256,1,0.392699x0.1x0.392699,1,1,6.283185,193,dns,1,3,0.1,yes,T1 (T0 stretch) / T2,,"Analytical 2-D NS, nu=0.1, N=16 (viscous order)","dataplot: Convergent Series (N/A, tol 0); V&V gate: observed order >= 1.8",
T1,NS_Analytical_Solution/ns2d_32.fds,,,"b,e",1,1024,1,0.19635x0.1x0.19635,1,1,6.283185,384,dns,1,4,0.1,yes,T1 (T0 stretch) / T2,,"Analytical 2-D NS, nu=0, N=32 (advection order)","ns2d.py -> ns2d_error.csv (rms u error vs dx), dataplot N/A plot; V&V gate: observed order >= 1.8",
T1,NS_Analytical_Solution/ns2d_32_nupt1.fds,,,"b,e",1,1024,1,0.19635x0.1x0.19635,1,1,6.283185,384,dns,1,4,0.1,yes,T1 (T0 stretch) / T2,,"Analytical 2-D NS, nu=0.1, N=32 (viscous order)","dataplot: Convergent Series (N/A, tol 0); V&V gate: observed order >= 1.8",
T1,NS_Analytical_Solution/ns2d_64.fds,,,"b,e",1,4096,1,0.098175x0.1x0.098175,1,1,6.283185,768,dns,1,9,0.1,yes,T1 (T0 stretch) / T2,,"Analytical 2-D NS, nu=0, N=64 (advection order)","ns2d.py -> ns2d_error.csv (rms u error vs dx), dataplot N/A plot; V&V gate: observed order >= 1.8",
T1,NS_Analytical_Solution/ns2d_64_nupt1.fds,,,"b,e",1,4096,1,0.098175x0.1x0.098175,1,1,6.283185,768,dns,1,9,0.1,yes,T1 (T0 stretch) / T2,,"Analytical 2-D NS, nu=0.1, N=64 (viscous order)","dataplot: UVEL vs exact, Relative Error, mean, tol 0.01",
T1,Scalar_Analytical_Solution/saad_512_cfl_1.fds,,,"b,e",1,2048,1,0.003906x0.1x0.0625,1,1,0.390625,100,dns,1,3,0.1,yes,T1 (T0 stretch) / T2,,"Saad variable-density MMS, temporal refinement (CFL 1)",saad_mms_temporal_error.py: L2 temporal order of rho and Z >= 1.99 (warning otherwise),
T1,Scalar_Analytical_Solution/saad_512_cfl_p5.fds,,,"b,e",1,2048,1,0.003906x0.1x0.0625,1,1,0.390625,200,dns,1,4,0.1,yes,T1 (T0 stretch) / T2,,"Saad variable-density MMS, temporal refinement (CFL p5)",saad_mms_temporal_error.py: L2 temporal order of rho and Z >= 1.99 (warning otherwise),
T1,Scalar_Analytical_Solution/saad_512_cfl_p25.fds,,,"b,e",1,2048,1,0.003906x0.1x0.0625,1,1,0.390625,400,dns,1,5,0.1,yes,T1 (T0 stretch) / T2,,"Saad variable-density MMS, temporal refinement (CFL p25)",saad_mms_temporal_error.py: L2 temporal order of rho and Z >= 1.99 (warning otherwise),
T1,Scalar_Analytical_Solution/saad_512_cfl_p125.fds,,,"b,e",1,2048,1,0.003906x0.1x0.0625,1,1,0.390625,800,dns,1,6,0.1,yes,T1 (T0 stretch) / T2,,"Saad variable-density MMS, temporal refinement (CFL p125)",saad_mms_temporal_error.py: L2 temporal order of rho and Z >= 1.99 (warning otherwise),
T1,Scalar_Analytical_Solution/saad_512_cfl_p0625.fds,,,"b,e",1,2048,1,0.003906x0.1x0.0625,1,1,0.390625,1600,dns,1,10,0.1,yes,T1 (T0 stretch) / T2,,"Saad variable-density MMS, temporal refinement (CFL p0625)",saad_mms_temporal_error.py: L2 temporal order of rho and Z >= 1.99 (warning otherwise),
T1,Scalar_Analytical_Solution/shunn3_32.fds,,,"b,e",1,1024,1,0.0625x0.1x0.0625,1,1,1,128,dns,1,3,0.1,yes,T1 (T0 stretch) / T2,,"Shunn variable-density MMS, spatial refinement N=32","shunn_mms.py: finest-grid (512) error limits e_rho<=2e-4, e_Z<=1e-4, e_u<=3e-5, e_H<=2e-3 (Tier 2); T1 gate: observed order 32->128 >= 1.8",
T1,Scalar_Analytical_Solution/shunn3_64.fds,,,"b,e",1,4096,1,0.03125x0.1x0.03125,1,1,1,256,dns,1,5,0.1,yes,T1 (T0 stretch) / T2,,"Shunn variable-density MMS, spatial refinement N=64","shunn_mms.py: finest-grid (512) error limits e_rho<=2e-4, e_Z<=1e-4, e_u<=3e-5, e_H<=2e-3 (Tier 2); T1 gate: observed order 32->128 >= 1.8",
T1,Scalar_Analytical_Solution/shunn3_128.fds,,,"b,e",1,16384,1,0.015625x0.1x0.015625,1,1,1,512,dns,1,20,0.1,yes,T1 (T0 stretch) / T2,,"Shunn variable-density MMS, spatial refinement N=128","shunn_mms.py: finest-grid (512) error limits e_rho<=2e-4, e_Z<=1e-4, e_u<=3e-5, e_H<=2e-3 (Tier 2); T1 gate: observed order 32->128 >= 1.8",
T1,Scalar_Analytical_Solution/shunn3_4mesh_128.fds,,,"a,b",4,16384,1,0.015625x0.1x0.015625,4,4,1,512,dns,1,9,0.1,yes,T2 vs FFT baseline; T1 vs GLMAT copy (FR-002) / T2,,Same MMS on 4 meshes; compare MMS error with shunn3_128 (interface invariance),no FDS script uses it; V&V gate: MMS L2 errors within 1% (TBD after measuring legacy spread) of shunn3_128,
T1,Energy_Budget/energy_budget_tmix.fds,,,c,1,121,1,1x1x1,1,1,20,2000,iso2d,1,3,0.1,yes,T1 (T0 stretch) / T2,,Mixing of hot/cold gas in closed 2-D box: final temperature from energy conservation,"dataplot: Temp, Relative Error, end, tol 0.01",
T1,Flowfields/species_conservation_1.fds,,,c,1,8000,1,0.2x0.2x0.2,1,1,60.,167,iso3d,1,6,0.1,yes,T1 (T0 stretch) / T2,,Low-flux hot-gas injection: species mass in _mass.csv vs injected,"dataplot: PROPANE mass (_mass.csv), Relative Error, end, tol 0.01",
T1,Flowfields/species_conservation_2.fds,,,"c,b",1,2000,1,0.1x0.1x0.1,1,1,25.,139,iso3d,1.5,4,0.1,yes,T1 (T0 stretch) / T2,,"Air injection into partitioned, pressurised compartment (UGLMAT); species mass flux integrals","dataplot: M1|M2, Absolute Error, end, tol 0.01 kg",
T1,Species/1_step_2_step_compare.fds,,,f,4,32000,1,0.05x0.05x0.05,4,4,10,667,fire,1,41,0.1,yes,T1 first 100 steps (T2 full run) / T2,,Small 4-mesh fire; integrated heat release with 1-step vs 2-step chemistry,"dataplot: Q (integrated HRR), Relative Error, end, tol 0.005",
T1,Restart/restart_test1a.fds,yes,FR-080,g,1,8192,1,0.1x0.1x0.1,1,1,5.,167,fire,1,10,0.1,yes,T0 (proposed) / T1 minimum (FR-080),,Plume-whirl fire; writes restart at t=5 s,firebot restart set (run with -r); no dataplot row,
T1,VV/restart_test1_continuous.fds,,FR-080,g,1,8192,1,0.1x0.1x0.1,1,- (derived (V&V)),10.,334,fire,1,17,0.1,yes,T0 (proposed) / T1 minimum vs restart_test1b,copy of restart_test1a with T_END=10 and no DT_RESTART; CHID restart_test1_continuous,Uninterrupted 0-10 s companion for the restart_test1a/b pair,reference for restart comparison,
T1,Restart/restart_test1b.fds,yes,FR-080,g,1,8192,1,0.1x0.1x0.1,1,1,10.,334,fire,1,17,0.1,yes,T0 (proposed) / T1 minimum (FR-080),,"Restarts restart_test1a to t=10 s. V&V adds a continuous 0-10 s companion run (copy of 1a with T_END=10, no DT_RESTART) for comparison",none in FDS; V&V: restart vs continuous within restart tolerance (measured; FDS guide says not bitwise),CHID of 1b = restart_test1a (reads its .restart)
T1,DETERMINISM: dancing_eddies_default x2 (4 ranks) + soborot_superbee_128 on 1 vs 4 ranks,False,,g,4 / 1+4,12000 / 16384x2,,,"4 / 1,4",-,-,,dns,1,90,,yes,"T0 (repeat runs); T0 expected, T1 accepted (1 vs 4 ranks)",,"Run-to-run bitwise reproducibility (same binary, ranks, decomposition) and rank-count invariance of a multi-mesh case","V&V: byte-identical CSVs at SIG_FIGS=17 for repeat runs; 1-vs-4-rank: measured, expected bitwise for scalar-only soborot (TBC)",
T2,Pressure_Solver/dancing_eddies_embed.fds,,,"a,b",5,14400,2,0.0005x0.002x0.0005;0.001x0.002x0.001,5,5,2.0,3556,dns,1,32,0.1,yes,"T1 vs baseline, same solver, if the legacy multi-resolution path is kept in uniform mode (else T2) / T2",,Fine (0.5 mm) mesh fully embedded in coarse (1 mm) meshes; eddies tracked coarse->fine through inflow boundaries,no dataplot row (image only) -> V&V regression + pres-vs-1mesh informational,
T2,Pressure_Solver/dancing_eddies_tight.fds,,,b,4,12000,1,0.001x0.002x0.001,4,4,2.0,1778,dns,3,49,0.1,yes,T2 vs FFT baseline; T1 vs GLMAT copy (FR-002) / T2,,"Pressure-solver variant (tight) on 4-mesh vortex street: iterations, cpu, probe pressure",dataplot: pres vs 1mesh Absolute Error end tol 0.3; iter/cpu N/A,
T2,Pressure_Solver/dancing_eddies_tight_no_precon.fds,,,b,4,12000,1,0.001x0.002x0.001,4,4,2.0,1778,dns,3,49,0.1,yes,T2 vs FFT baseline; T1 vs GLMAT copy (FR-002) / T2,,"Pressure-solver variant (tight_no_precon) on 4-mesh vortex street: iterations, cpu, probe pressure","dataplot: pres vs 1mesh, Absolute Error, end, tol 0.01 (f-rows) / iter N/A",
T2,Pressure_Solver/dancing_eddies_ulmat.fds,,,b,4,12000,1,0.001x0.002x0.001,4,4,2.0,1778,dns,1.5,26,0.1,yes,T2 vs FFT baseline; T1 vs GLMAT copy (FR-002) / T2,,"Pressure-solver variant (ulmat) on 4-mesh vortex street: iterations, cpu, probe pressure","dataplot: pres vs 1mesh, Absolute Error, end, tol 0.01 (f-rows) / iter N/A",
T2,Pressure_Solver/dancing_eddies_ulmat_hypre.fds,,,b,4,12000,1,0.001x0.002x0.001,4,4,2.0,1778,dns,1.5,26,0.1,yes,T2 vs FFT baseline; T1 vs GLMAT copy (FR-002) / T2,,"Pressure-solver variant (ulmat_hypre) on 4-mesh vortex street: iterations, cpu, probe pressure","dataplot: pres vs 1mesh, Absolute Error, end, tol 0.01 (f-rows) / iter N/A",
T2,Pressure_Solver/dancing_eddies_uglmat_hypre.fds,,,b,4,12000,1,0.001x0.002x0.001,4,4,2.0,1778,dns,1.5,26,0.1,yes,T2 vs FFT baseline; T1 vs GLMAT copy (FR-002) / T2,,"Pressure-solver variant (uglmat_hypre) on 4-mesh vortex street: iterations, cpu, probe pressure","dataplot: pres vs 1mesh, Absolute Error, end, tol 0.01 (f-rows) / iter N/A",
T2-Intel,Pressure_Solver/dancing_eddies_uglmat_pardiso.fds,,,b,4,12000,1,0.001x0.002x0.001,4,4,2.0,1778,dns,1.5,26,0.1,yes,T2 vs FFT baseline; T1 vs GLMAT copy (FR-002) / T2,,UGLMAT with MKL cluster PARDISO,"dataplot: pres vs 1mesh, Absolute Error, end, tol 0.01",GNU build has no MKL -> Intel binary only
T2,Adaptive_Mesh_Refinement/ns2d_16_emb_1to1_refinement.fds,,"FR-014 (control),A-09","a,e",2,320,1,0.392699x0.1x0.392699,2,2 (commented),30.0,917,dns,10,8,0.1,yes,T1 / T2 vs baseline error,,Embedded 8x8 mesh at the SAME resolution (1:1) inside a 16x16 periodic mesh: isolates overlap/coupling error from refinement error,"No FDS criterion: commented out of FDS_Cases.sh (lines 4-6) by 042aa2624d (McDermott, 2024-11-08) ""demonstrating errors in both embedded mesh strategy and interpolated refinement""; no dataplot row, not in Verif. Guide. V&V metric (A-09): completes to T_END without NaN/instability; RMS and probe u,p error vs analytic (ns2d.py method) recorded as baseline value",
T2,Scalar_Analytical_Solution/shunn3_4mesh_32.fds,,,"a,b",4,1024,1,0.0625x0.1x0.0625,4,4,1,128,dns,1,3,0.1,yes,T2 vs FFT baseline; T1 vs GLMAT copy (FR-002) / T2,,4-mesh Shunn MMS N=32 vs single mesh,V&V: MMS error within TBD of single-mesh counterpart,
T2,Scalar_Analytical_Solution/shunn3_4mesh_64.fds,,,"a,b",4,4096,1,0.03125x0.1x0.03125,4,4,1,256,dns,1,4,0.1,yes,T2 vs FFT baseline; T1 vs GLMAT copy (FR-002) / T2,,4-mesh Shunn MMS N=64 vs single mesh,V&V: MMS error within TBD of single-mesh counterpart,
T2,Scalar_Analytical_Solution/shunn3_4mesh_256.fds,,,"a,b",4,65536,1,0.007812x0.1x0.007812,4,4,1,1025,dns,1,51,0.1,yes,T2 vs FFT baseline; T1 vs GLMAT copy (FR-002) / T2,,4-mesh Shunn MMS N=256 vs single mesh,V&V: MMS error within TBD of single-mesh counterpart,
T2,Scalar_Analytical_Solution/shunn3_256.fds,,,"b,e",1,65536,1,0.007812x0.1x0.007812,1,1,1,1025,dns,1,137,0.1,yes,T1 (T0 stretch) / T2,,Shunn MMS N=256,shunn_mms.py series,
T2,Scalar_Analytical_Solution/shunn3_4mesh_512.fds,,,"b,e",4,262144,1,0.003906x0.1x0.003906,4,4,1,2049,dns,1,387,0.31,yes,T2 vs FFT baseline; T1 vs GLMAT copy (FR-002) / T2,,Shunn MMS N=512 on 4 meshes (substitute for single-mesh shunn3_512 to stay parallel),"shunn_mms.py finest-grid limits (applied by V&V to 4-mesh run; single-mesh shunn3_512 optional, est. below)",
T2-opt,Scalar_Analytical_Solution/shunn3_512.fds,,,"b,e",1,262144,1,0.003906x0.1x0.003906,1,1,1,2049,dns,1,1077,0.31,yes,T1 (T0 stretch) / T2,,Shunn MMS N=512 single mesh (FDS official finest grid),"shunn_mms.py: e_rho<=2e-4, e_Z<=1e-4, e_u<=3e-5, e_H<=2e-3",
T2,Scalar_Analytical_Solution/shunn3_256_cfl_1.fds,,,"b,e",1,65536,1,0.007812x0.1x0.007812,1,1,0.013,10,dns,1,4,0.1,yes,T1 (T0 stretch) / T2,,Shunn MMS temporal series CFL 1,"shunn_mms.py: temporal L2 order rho,Z,U >= 1.99, H >= 0.99",
T2,Scalar_Analytical_Solution/shunn3_256_cfl_p5.fds,,,"b,e",1,65536,1,0.007812x0.1x0.007812,1,1,0.013,20,dns,1,6,0.1,yes,T1 (T0 stretch) / T2,,Shunn MMS temporal series CFL p5,"shunn_mms.py: temporal L2 order rho,Z,U >= 1.99, H >= 0.99",
T2,Scalar_Analytical_Solution/shunn3_256_cfl_p25.fds,,,"b,e",1,65536,1,0.007812x0.1x0.007812,1,1,0.013,40,dns,1,8,0.1,yes,T1 (T0 stretch) / T2,,Shunn MMS temporal series CFL p25,"shunn_mms.py: temporal L2 order rho,Z,U >= 1.99, H >= 0.99",
T2,Scalar_Analytical_Solution/shunn3_256_cfl_p125.fds,,,"b,e",1,65536,1,0.007812x0.1x0.007812,1,1,0.013,80,dns,1,13,0.1,yes,T1 (T0 stretch) / T2,,Shunn MMS temporal series CFL p125,"shunn_mms.py: temporal L2 order rho,Z,U >= 1.99, H >= 0.99",
T2,Scalar_Analytical_Solution/shunn3_256_cfl_p0625.fds,,,"b,e",1,65536,1,0.007812x0.1x0.007812,1,1,0.013,160,dns,1,24,0.1,yes,T1 (T0 stretch) / T2,,Shunn MMS temporal series CFL p0625,"shunn_mms.py: temporal L2 order rho,Z,U >= 1.99, H >= 0.99",
T2,Scalar_Analytical_Solution/soborot_godunov_square_wave_16.fds,,,"d,e",1,256,1,0.0625x1x0.0625,1,1,3.14159,101,iso2d,1,3,0.1,yes,T1 (T0 stretch) / T2,,"Scalar advection square wave, godunov, N=16","soborot_mass_transport.py (128: godunov<=4.2e-2, charm<=1.4e-2, superbee<=1.0e-2)",
T2,Scalar_Analytical_Solution/soborot_godunov_square_wave_32.fds,,,"d,e",1,1024,1,0.03125x1x0.03125,1,1,3.14159,202,iso2d,1,3,0.1,yes,T1 (T0 stretch) / T2,,"Scalar advection square wave, godunov, N=32","soborot_mass_transport.py (128: godunov<=4.2e-2, charm<=1.4e-2, superbee<=1.0e-2)",
T2,Scalar_Analytical_Solution/soborot_godunov_square_wave_64.fds,,,"d,e",1,4096,1,0.015625x1x0.015625,1,1,3.14159,403,iso2d,1,5,0.1,yes,T1 (T0 stretch) / T2,,"Scalar advection square wave, godunov, N=64","soborot_mass_transport.py (128: godunov<=4.2e-2, charm<=1.4e-2, superbee<=1.0e-2)",
T2,Scalar_Analytical_Solution/soborot_godunov_square_wave_128.fds,,,"d,e",4,16384,1,0.007812x1x0.007812,4,4,3.14159,805,iso2d,1,8,0.1,yes,T2 vs FFT baseline; T1 vs GLMAT copy (FR-002) / T2,,"Scalar advection square wave, godunov, N=128","soborot_mass_transport.py (128: godunov<=4.2e-2, charm<=1.4e-2, superbee<=1.0e-2)",
T2,Scalar_Analytical_Solution/soborot_charm_square_wave_16.fds,,,"d,e",1,256,1,0.0625x1x0.0625,1,1,1.575745,51,iso2d,1,3,0.1,yes,T1 (T0 stretch) / T2,,"Scalar advection square wave, charm, N=16","soborot_mass_transport.py (128: godunov<=4.2e-2, charm<=1.4e-2, superbee<=1.0e-2)",
T2,Scalar_Analytical_Solution/soborot_charm_square_wave_32.fds,,,"d,e",1,1024,1,0.03125x1x0.03125,1,1,1.575745,101,iso2d,1,3,0.1,yes,T1 (T0 stretch) / T2,,"Scalar advection square wave, charm, N=32","soborot_mass_transport.py (128: godunov<=4.2e-2, charm<=1.4e-2, superbee<=1.0e-2)",
T2,Scalar_Analytical_Solution/soborot_charm_square_wave_64.fds,,,"d,e",1,4096,1,0.015625x1x0.015625,1,1,1.575745,202,iso2d,1,4,0.1,yes,T1 (T0 stretch) / T2,,"Scalar advection square wave, charm, N=64","soborot_mass_transport.py (128: godunov<=4.2e-2, charm<=1.4e-2, superbee<=1.0e-2)",
T2,Scalar_Analytical_Solution/soborot_charm_square_wave_128.fds,,,"d,e",4,16384,1,0.007812x1x0.007812,4,4,1.575745,404,iso2d,1,5,0.1,yes,T2 vs FFT baseline; T1 vs GLMAT copy (FR-002) / T2,,"Scalar advection square wave, charm, N=128","soborot_mass_transport.py (128: godunov<=4.2e-2, charm<=1.4e-2, superbee<=1.0e-2)",
T2,Scalar_Analytical_Solution/soborot_superbee_square_wave_16.fds,,,"d,e",1,256,1,0.0625x1x0.0625,1,1,1.575745,51,iso2d,1,3,0.1,yes,T1 (T0 stretch) / T2,,"Scalar advection square wave, superbee, N=16","soborot_mass_transport.py (128: godunov<=4.2e-2, charm<=1.4e-2, superbee<=1.0e-2)",
T2,Scalar_Analytical_Solution/soborot_superbee_square_wave_32.fds,,,"d,e",1,1024,1,0.03125x1x0.03125,1,1,1.575745,101,iso2d,1,3,0.1,yes,T1 (T0 stretch) / T2,,"Scalar advection square wave, superbee, N=32","soborot_mass_transport.py (128: godunov<=4.2e-2, charm<=1.4e-2, superbee<=1.0e-2)",
T2,Scalar_Analytical_Solution/soborot_superbee_square_wave_64.fds,,,"d,e",1,4096,1,0.015625x1x0.015625,1,1,1.575745,202,iso2d,1,4,0.1,yes,T1 (T0 stretch) / T2,,"Scalar advection square wave, superbee, N=64","soborot_mass_transport.py (128: godunov<=4.2e-2, charm<=1.4e-2, superbee<=1.0e-2)",
T2,Scalar_Analytical_Solution/soborot_superbee_square_wave_128.fds,,,"d,e",4,16384,1,0.007812x1x0.007812,4,4,1.575745,404,iso2d,1,5,0.1,yes,T2 vs FFT baseline; T1 vs GLMAT copy (FR-002) / T2,,"Scalar advection square wave, superbee, N=128","soborot_mass_transport.py (128: godunov<=4.2e-2, charm<=1.4e-2, superbee<=1.0e-2)",
T2,Scalar_Analytical_Solution/soborot_charm_cos_wave_16.fds,,,"d,e",1,256,1,0.0625x1x0.0625,1,1,1.575745,51,iso2d,1,3,0.1,yes,T1 (T0 stretch) / T2,,"Scalar advection cosine wave, charm, N=16","soborot_mass_transport.py (plot, convergence)",
T2,Scalar_Analytical_Solution/soborot_charm_cos_wave_32.fds,,,"d,e",1,1024,1,0.03125x1x0.03125,1,1,1.575745,101,iso2d,1,3,0.1,yes,T1 (T0 stretch) / T2,,"Scalar advection cosine wave, charm, N=32","soborot_mass_transport.py (plot, convergence)",
T2,Scalar_Analytical_Solution/soborot_charm_cos_wave_64.fds,,,"d,e",1,4096,1,0.015625x1x0.015625,1,1,1.575745,202,iso2d,1,4,0.1,yes,T1 (T0 stretch) / T2,,"Scalar advection cosine wave, charm, N=64","soborot_mass_transport.py (plot, convergence)",
T2,Scalar_Analytical_Solution/soborot_charm_cos_wave_128.fds,,,"d,e",4,16384,1,0.007812x1x0.007812,4,4,1.575745,404,iso2d,1,5,0.1,yes,T2 vs FFT baseline; T1 vs GLMAT copy (FR-002) / T2,,"Scalar advection cosine wave, charm, N=128","soborot_mass_transport.py (plot, convergence)",
T2,Scalar_Analytical_Solution/soborot_superbee_cos_wave_16.fds,,,"d,e",1,256,1,0.0625x1x0.0625,1,1,1.575745,51,iso2d,1,3,0.1,yes,T1 (T0 stretch) / T2,,"Scalar advection cosine wave, superbee, N=16","soborot_mass_transport.py (plot, convergence)",
T2,Scalar_Analytical_Solution/soborot_superbee_cos_wave_32.fds,,,"d,e",1,1024,1,0.03125x1x0.03125,1,1,1.575745,101,iso2d,1,3,0.1,yes,T1 (T0 stretch) / T2,,"Scalar advection cosine wave, superbee, N=32","soborot_mass_transport.py (plot, convergence)",
T2,Scalar_Analytical_Solution/soborot_superbee_cos_wave_64.fds,,,"d,e",1,4096,1,0.015625x1x0.015625,1,1,1.575745,202,iso2d,1,4,0.1,yes,T1 (T0 stretch) / T2,,"Scalar advection cosine wave, superbee, N=64","soborot_mass_transport.py (plot, convergence)",
T2,Scalar_Analytical_Solution/soborot_superbee_cos_wave_128.fds,,,"d,e",4,16384,1,0.007812x1x0.007812,4,4,1.575745,404,iso2d,1,5,0.1,yes,T2 vs FFT baseline; T1 vs GLMAT copy (FR-002) / T2,,"Scalar advection cosine wave, superbee, N=128","soborot_mass_transport.py (plot, convergence)",
T2,Scalar_Analytical_Solution/pulsating_FL0_16.fds,,,"d,e",1,256,1,0.392699x1x0.392699,1,1,12.5,36,dns,1,3,0.1,yes,T1 (T0 stretch) / T2,,"Pulsating 2-D continuity solution, flux limiter 0, N=16","pulsating.py: L2 error plot, 2nd order expected (no hard tolerance)",
T2,Scalar_Analytical_Solution/compression_wave_FL0_16.fds,,,"d,e",1,256,1,0.392699x1x0.392699,1,1,12.5,36,dns,1,3,0.1,yes,T1 (T0 stretch) / T2,,"Stationary compression wave, FL 0, N=16",compression_wave.py: L2 error plot (no hard tolerance),
T2,Scalar_Analytical_Solution/pulsating_FL0_32.fds,,,"d,e",1,1024,1,0.19635x1x0.19635,1,1,12.5,71,dns,1,3,0.1,yes,T1 (T0 stretch) / T2,,"Pulsating 2-D continuity solution, flux limiter 0, N=32","pulsating.py: L2 error plot, 2nd order expected (no hard tolerance)",
T2,Scalar_Analytical_Solution/compression_wave_FL0_32.fds,,,"d,e",1,1024,1,0.19635x1x0.19635,1,1,12.5,71,dns,1,3,0.1,yes,T1 (T0 stretch) / T2,,"Stationary compression wave, FL 0, N=32",compression_wave.py: L2 error plot (no hard tolerance),
T2,Scalar_Analytical_Solution/pulsating_FL0_64.fds,,,"d,e",1,4096,1,0.098175x1x0.098175,1,1,12.5,142,dns,1,4,0.1,yes,T1 (T0 stretch) / T2,,"Pulsating 2-D continuity solution, flux limiter 0, N=64","pulsating.py: L2 error plot, 2nd order expected (no hard tolerance)",
T2,Scalar_Analytical_Solution/compression_wave_FL0_64.fds,,,"d,e",1,4096,1,0.098175x1x0.098175,1,1,12.5,142,dns,1,4,0.1,yes,T1 (T0 stretch) / T2,,"Stationary compression wave, FL 0, N=64",compression_wave.py: L2 error plot (no hard tolerance),
T2,Scalar_Analytical_Solution/pulsating_FL0_128.fds,,,"d,e",1,16384,1,0.049087x1x0.049087,1,1,12.5,283,dns,1,12,0.1,yes,T1 (T0 stretch) / T2,,"Pulsating 2-D continuity solution, flux limiter 0, N=128","pulsating.py: L2 error plot, 2nd order expected (no hard tolerance)",
T2,Scalar_Analytical_Solution/compression_wave_FL0_128.fds,,,"d,e",1,16384,1,0.049087x1x0.049087,1,1,12.5,283,dns,1,12,0.1,yes,T1 (T0 stretch) / T2,,"Stationary compression wave, FL 0, N=128",compression_wave.py: L2 error plot (no hard tolerance),
T2,Scalar_Analytical_Solution/pulsating_FL2_16.fds,,,"d,e",1,256,1,0.392699x1x0.392699,1,1,12.5,36,dns,1,3,0.1,yes,T1 (T0 stretch) / T2,,"Pulsating 2-D continuity solution, flux limiter 2, N=16","pulsating.py: L2 error plot, 2nd order expected (no hard tolerance)",
T2,Scalar_Analytical_Solution/compression_wave_FL2_16.fds,,,"d,e",1,256,1,0.392699x1x0.392699,1,1,12.5,36,dns,1,3,0.1,yes,T1 (T0 stretch) / T2,,"Stationary compression wave, FL 2, N=16",compression_wave.py: L2 error plot (no hard tolerance),
T2,Scalar_Analytical_Solution/pulsating_FL2_32.fds,,,"d,e",1,1024,1,0.19635x1x0.19635,1,1,12.5,71,dns,1,3,0.1,yes,T1 (T0 stretch) / T2,,"Pulsating 2-D continuity solution, flux limiter 2, N=32","pulsating.py: L2 error plot, 2nd order expected (no hard tolerance)",
T2,Scalar_Analytical_Solution/compression_wave_FL2_32.fds,,,"d,e",1,1024,1,0.19635x1x0.19635,1,1,12.5,71,dns,1,3,0.1,yes,T1 (T0 stretch) / T2,,"Stationary compression wave, FL 2, N=32",compression_wave.py: L2 error plot (no hard tolerance),
T2,Scalar_Analytical_Solution/pulsating_FL2_64.fds,,,"d,e",1,4096,1,0.098175x1x0.098175,1,1,12.5,142,dns,1,4,0.1,yes,T1 (T0 stretch) / T2,,"Pulsating 2-D continuity solution, flux limiter 2, N=64","pulsating.py: L2 error plot, 2nd order expected (no hard tolerance)",
T2,Scalar_Analytical_Solution/compression_wave_FL2_64.fds,,,"d,e",1,4096,1,0.098175x1x0.098175,1,1,12.5,142,dns,1,4,0.1,yes,T1 (T0 stretch) / T2,,"Stationary compression wave, FL 2, N=64",compression_wave.py: L2 error plot (no hard tolerance),
T2,Scalar_Analytical_Solution/pulsating_FL2_128.fds,,,"d,e",1,16384,1,0.049087x1x0.049087,1,1,12.5,283,dns,1,12,0.1,yes,T1 (T0 stretch) / T2,,"Pulsating 2-D continuity solution, flux limiter 2, N=128","pulsating.py: L2 error plot, 2nd order expected (no hard tolerance)",
T2,Scalar_Analytical_Solution/compression_wave_FL2_128.fds,,,"d,e",1,16384,1,0.049087x1x0.049087,1,1,12.5,283,dns,1,12,0.1,yes,T1 (T0 stretch) / T2,,"Stationary compression wave, FL 2, N=128",compression_wave.py: L2 error plot (no hard tolerance),
T2,Scalar_Analytical_Solution/pulsating_FL4_16.fds,,,"d,e",1,256,1,0.392699x1x0.392699,1,1,12.5,36,dns,1,3,0.1,yes,T1 (T0 stretch) / T2,,"Pulsating 2-D continuity solution, flux limiter 4, N=16","pulsating.py: L2 error plot, 2nd order expected (no hard tolerance)",
T2,Scalar_Analytical_Solution/compression_wave_FL4_16.fds,,,"d,e",1,256,1,0.392699x1x0.392699,1,1,12.5,36,dns,1,3,0.1,yes,T1 (T0 stretch) / T2,,"Stationary compression wave, FL 4, N=16",compression_wave.py: L2 error plot (no hard tolerance),
T2,Scalar_Analytical_Solution/pulsating_FL4_32.fds,,,"d,e",1,1024,1,0.19635x1x0.19635,1,1,12.5,71,dns,1,3,0.1,yes,T1 (T0 stretch) / T2,,"Pulsating 2-D continuity solution, flux limiter 4, N=32","pulsating.py: L2 error plot, 2nd order expected (no hard tolerance)",
T2,Scalar_Analytical_Solution/compression_wave_FL4_32.fds,,,"d,e",1,1024,1,0.19635x1x0.19635,1,1,12.5,71,dns,1,3,0.1,yes,T1 (T0 stretch) / T2,,"Stationary compression wave, FL 4, N=32",compression_wave.py: L2 error plot (no hard tolerance),
T2,Scalar_Analytical_Solution/pulsating_FL4_64.fds,,,"d,e",1,4096,1,0.098175x1x0.098175,1,1,12.5,142,dns,1,4,0.1,yes,T1 (T0 stretch) / T2,,"Pulsating 2-D continuity solution, flux limiter 4, N=64","pulsating.py: L2 error plot, 2nd order expected (no hard tolerance)",
T2,Scalar_Analytical_Solution/compression_wave_FL4_64.fds,,,"d,e",1,4096,1,0.098175x1x0.098175,1,1,12.5,142,dns,1,4,0.1,yes,T1 (T0 stretch) / T2,,"Stationary compression wave, FL 4, N=64",compression_wave.py: L2 error plot (no hard tolerance),
T2,Scalar_Analytical_Solution/pulsating_FL4_128.fds,,,"d,e",1,16384,1,0.049087x1x0.049087,1,1,12.5,283,dns,1,12,0.1,yes,T1 (T0 stretch) / T2,,"Pulsating 2-D continuity solution, flux limiter 4, N=128","pulsating.py: L2 error plot, 2nd order expected (no hard tolerance)",
T2,Scalar_Analytical_Solution/compression_wave_FL4_128.fds,,,"d,e",1,16384,1,0.049087x1x0.049087,1,1,12.5,283,dns,1,12,0.1,yes,T1 (T0 stretch) / T2,,"Stationary compression wave, FL 4, N=128",compression_wave.py: L2 error plot (no hard tolerance),
T2,Scalar_Analytical_Solution/move_slug.fds,,,"a,d",4,6400,1,0.0125x0.02x0.0125,4,1,1.,320,dns,1,4,0.1,yes,T2 vs FFT baseline; T1 vs GLMAT copy (FR-002) / T2,,Scalar slug advected across 4 mesh boundaries,plot only (no dataplot row),firebot 1 rank
T2,Scalar_Analytical_Solution/move_slug_fl1.fds,,,"a,d",4,6400,1,0.0125x0.02x0.0125,4,1,1.,320,dns,1,4,0.1,yes,T2 vs FFT baseline; T1 vs GLMAT copy (FR-002) / T2,,Same with flux limiter 1,plot only,
T2,NS_Analytical_Solution/vort2d_40.fds,,,e,1,1600,1,0.00778x0.00778x0.00778,1,1,0.04,720,dns,1,5,0.1,yes,T1 (T0 stretch) / T2,,Translating 2-D vortex N=40,"vort2d.py (error plot, no hard tolerance)",
T2,NS_Analytical_Solution/vort2d_80.fds,,,e,1,6400,1,0.00389x0.00389x0.00389,1,1,0.04,720,dns,1,12,0.1,yes,T1 (T0 stretch) / T2,,Translating 2-D vortex N=80,"vort2d.py (error plot, no hard tolerance)",
T2,NS_Analytical_Solution/vort2d_160.fds,,,e,1,25600,1,0.001945x0.001945x0.001945,1,1,0.04,1440,dns,1,77,0.1,yes,T1 (T0 stretch) / T2,,Translating 2-D vortex N=160,"vort2d.py (error plot, no hard tolerance)",
T2,Flowfields/blasius_16.fds,,,e,1,384,1,0.00625x0.01x0.01875,1,1,10,1778,dns,1,4,0.1,yes,T1 (T0 stretch) / T2,,Blasius boundary layer N=16,blasius.py (profile plot),
T2,Flowfields/blasius_32.fds,,,e,1,1536,1,0.003125x0.01x0.009375,1,1,10,3556,dns,1,14,0.1,yes,T1 (T0 stretch) / T2,,Blasius boundary layer N=32,blasius.py (profile plot),
T2,Flowfields/blasius_64.fds,,,e,1,6144,1,0.001562x0.01x0.004687,1,1,10,7114,dns,1,91,0.1,yes,T1 (T0 stretch) / T2,,Blasius boundary layer N=64,blasius.py (profile plot),
T2,Flowfields/symmetry_test_mpi.fds,,,a,8,8000,1,0.05x0.05x0.05,8,8,500.,11112,iso3d,1,35,0.1,yes,T2 vs FFT baseline; T1 vs GLMAT copy (FR-002) / T2,,Counter-flowing jets on 8 meshes: symmetric velocity histories,"dataplot: u_1|v_1|w_1 vs u_2|v_2|w_2, Absolute Error, mean, tol 0.01",
T2,Flowfields/symmetry_test.fds,,,a,1,1000,1,0.1x0.1x0.1,1,1,50.,556,iso3d,1,4,0.1,yes,T1 (T0 stretch) / T2,,Same on 1 mesh,"dataplot: Absolute Error, mean, tol 0.01",
T2,Flowfields/volume_flow_1.fds,,,"a,c",8,8000,1,0.05x0.05x0.05,8,8,100.,2223,iso3d,3,22,0.1,yes,T2 vs FFT baseline; T1 vs GLMAT copy (FR-002) / T2,,Volume flow through 8 meshes,"dataplot: vflow, Relative Error, mean, tol 0.01",
T2,Flowfields/volume_flow_2.fds,,,"a,c",8,8000,1,0.05x0.05x0.05,8,8,100.,2223,iso3d,3,22,0.1,yes,T2 vs FFT baseline; T1 vs GLMAT copy (FR-002) / T2,,Volume flow variant,"dataplot: vflow, Relative Error, mean, tol 0.01",
T2,Miscellaneous/layer_1mesh.fds,,,"a,f",1,8000,1,0.1x0.1x0.1,1,1,60.0,1334,fire,1,56,0.1,yes,T1 first 100 steps (T2 full run) / T2,,"Compartment fire, layer height/temps, 1 mesh",reference for layer_4mesh,
T2,Miscellaneous/layer_4mesh.fds,,,"a,f",4,8000,1,0.1x0.1x0.1,3,3,60.0,1334,fire,1,29,0.1,yes,T1 first 100 steps (T2 full run) / T2,,Same on 4 meshes / 3 ranks (MPI_PROCESS),dataplot: z_int rel 0.2 mean; T_low|T_up rel 0.1 mean vs 1mesh,
T2,Thread_Check/race_test_1.fds,,,"a,f,g",6,37440,3,-0.05x0.05x0.05;0.01x0.01x0.01;0.05x0.05x0.05,1,1,5.,1667,fire,1,316,0.1,yes,T1 first 100 steps (T2 full run) / T2,,"6 meshes, 2 resolutions (0.05 m and 0.01 m, 5:1), fire; reference for OpenMP race check","dataplot: TMP, VEL vs race_test_4, Absolute Error, end, tol 0.01",multi-resolution fire case; could also run 6 ranks
T2-opt,Thread_Check/race_test_4.fds,,,g,6,37440,3,-0.05x0.05x0.05;0.01x0.01x0.01;0.05x0.05x0.05,1,1,5.,1667,fire,1,316,0.1,yes,T1 first 100 steps (T2 full run) / T2,,Same with 4 OpenMP threads,as above,needs OMP_NUM_THREADS=4 (1 rank x 4 threads); schedule when the machine is idle
T2,Sprinklers_and_Sprays/porous_media.fds,,,a,3,63072,3,0.020833x0.020833x0.020833;0.041667x0.041667x0.041667;0.083333x0.083333x0.083333,1,1,10.,534,solid,1,104,0.1,yes,"T1 vs baseline, same solver, if the legacy multi-resolution path is kept in uniform mode (else T2) / T2",,"3 meshes at 3 resolutions (1:2:4, 0.021/0.042/0.083 m) with porous-media drag","dataplot: Relative Error, end, tol 0.01","only 3-level multi-resolution input in the suite; firebot 1 rank, 3 ranks also valid"
T2,Pressure_Solver/duct_flow.fds,,,"b,c",8,32768,1,0.2x0.2x0.2,8,8,60.0,500,iso3d,3,21,0.1,yes,T2 vs FFT baseline; T1 vs GLMAT copy (FR-002) / T2,,"3-D duct flow on 8 meshes, FFT + iteration to VELOCITY_TOLERANCE 1e-3","dataplot: flow_in|flow_out vs 1.0, Relative Error, end_1_2, tol 0.05; iterations N/A",
T2,Pressure_Solver/duct_flow_uglmat_hypre.fds,,,"b,c",8,32768,1,0.2x0.2x0.2,8,8,60.0,500,iso3d,1.5,12,0.1,yes,T2 vs FFT baseline; T1 vs GLMAT copy (FR-002) / T2,,Same with global UGLMAT/HYPRE,same,
T2,Pressure_Solver/duct_flow_uglmat_refine.fds,,,"a,b,c",8,147456,2,0.1x0.1x0.1;0.2x0.2x0.2,8,8,60.0,1000,iso3d,1.5,82,0.18,yes,"T1 vs baseline, same solver, if the legacy multi-resolution path is kept in uniform mode (else T2) / T2",,"Duct flow with 4 coarse (16^3) + 4 fine (32^3) meshes stacked, UGLMAT/HYPRE: 3-D coarse/fine interface",same (flow rel 0.05),
T2,Pressure_Solver/duct_flow_ulmat_hypre.fds,,,b,8,32768,1,0.2x0.2x0.2,8,8,60.0,500,iso3d,3,21,0.1,yes,T2 vs FFT baseline; T1 vs GLMAT copy (FR-002) / T2,,Same with ULMAT/HYPRE,no dataplot row; V&V regression,
T2-Intel,Pressure_Solver/duct_flow_uglmat_pardiso.fds,,,b,8,32768,1,0.2x0.2x0.2,8,8,60.0,500,iso3d,1.5,12,0.1,yes,T2 vs FFT baseline; T1 vs GLMAT copy (FR-002) / T2,,UGLMAT PARDISO,dataplot rel 0.05,Intel binary only
T2,Pressure_Solver/pressure_iteration2d_default.fds,,,b,8,1024,1,0.025x0.02x0.025,8,8,0.5,45,dns,3,3,0.1,yes,T2 vs FFT baseline; T1 vs GLMAT copy (FR-002) / T2,,Pressure-iteration behaviour 2d default (8 meshes),no dataplot row; V&V: iterations and max velocity error from .out/_pressit.csv,
T2,Pressure_Solver/pressure_iteration2d_uglmat.fds,,,b,8,1024,1,0.025x0.02x0.025,8,8,0.5,45,dns,1.5,3,0.1,yes,T2 vs FFT baseline; T1 vs GLMAT copy (FR-002) / T2,,Pressure-iteration behaviour 2d uglmat (8 meshes),no dataplot row; V&V: iterations and max velocity error from .out/_pressit.csv,
T2,Pressure_Solver/pressure_iteration3d_default.fds,,,b,8,32768,1,0.025x0.025x0.025,8,8,0.5,45,dns,3,5,0.1,yes,T2 vs FFT baseline; T1 vs GLMAT copy (FR-002) / T2,,Pressure-iteration behaviour 3d default (8 meshes),no dataplot row; V&V: iterations and max velocity error from .out/_pressit.csv,
T2,Pressure_Solver/pressure_iteration3d_uglmat.fds,,,b,8,32768,1,0.025x0.025x0.025,8,8,0.5,45,dns,1.5,4,0.1,yes,T2 vs FFT baseline; T1 vs GLMAT copy (FR-002) / T2,,Pressure-iteration behaviour 3d uglmat (8 meshes),no dataplot row; V&V: iterations and max velocity error from .out/_pressit.csv,
T2,Pressure_Solver/random_obstructions_fft.fds,,,"a,b",16,65536,1,0.025x0.025x0.025,1,16,2.0,178,fire,3,178,0.1,yes,T1 first 100 steps (T2 full run) / T2,,"16 meshes with random OBSTs, FFT + iterations: max velocity error at interfaces/solids","dataplot: vel-max tolerance 0.0125 (metric tolerance), iterations <=100",16 meshes > 8 ranks: run on 1 rank (or V&V copy with MPI_PROCESS for 8 ranks)
T2,Pressure_Solver/opening_ulmat.fds,,,b,1,512,1,0.1x0.1x0.1,1,1,10.,112,iso3d,1,3,0.1,yes,T1 (T0 stretch) / T2,,ULMAT with OPEN boundary: pressure error,"dataplot: perr-max, Absolute Error, tolerance, tol 1e-10",
T2,Pressure_Solver/ulmat_2zone.fds,,,b,2,1000,1,0.1x0.1x0.1,2,2,10,112,iso3d,1,3,0.1,yes,T2 vs FFT baseline; T1 vs GLMAT copy (FR-002) / T2,,ULMAT with two pressure zones,no dataplot row; regression,
T2,Pressure_Solver/hallways.fds,,,"c,f",5,73728,1,0.0625x0.0625x0.0625,5,5,60.0,3200,firerad,1,542,0.1,yes,T1 first 100 steps (T2 full run) / T2,,5-mesh hallway fire: energy budget Q_TOTAL vs enthalpy flux,"dataplot: Q_ENTH vs Q_TOTAL (_hrr.csv), Absolute Error, mean, tol 3 kW",
T2-opt,Pressure_Solver/tunnel_demo.fds,,,"b,f",8,256000,1,0.2x0.2x0.2,8,8,30.,500,firerad,3,552,0.31,yes,T1 first 100 steps (T2 full run) / T2,,8-mesh tunnel fire: pressure iteration convergence (_pressit.csv),"dataplot: Velocity Error / Pressure Error, Absolute Error, min",
T2,Pressure_Effects/pressure_rise.fds,,,"b,c",3,1200,1,0.05x0.002x0.05,3,1,600.0,2667,iso2d,1,5,0.1,yes,T2 vs FFT baseline; T1 vs GLMAT copy (FR-002) / T2,,"Pressure rise in sealed 3-mesh domain; p, T, rho vs analytical","dataplot: Pres/Dens rel 0.01, Temp rel 0.02, end",firebot 1 rank; has MASS_FILE
T2,Pressure_Effects/zone_shape_2.fds,,,"b,c",8,32768,1,0.2x0.2x0.2,8,8,300.0,834,iso3d,3,32,0.1,yes,T2 vs FFT baseline; T1 vs GLMAT copy (FR-002) / T2,,8-mesh pressure zone; delta p and total mass,dataplot: Delta p rel 0.01 mean; Total mass (_mass.csv) rel 0.01 end,
T2,Pressure_Effects/isentropic.fds,,,"b,c",2,16000,1,0.05x0.05x0.05,2,1,60.,267,iso3d,1,9,0.1,yes,T2 vs FFT baseline; T1 vs GLMAT copy (FR-002) / T2,,"Isentropic compression, 2 meshes",dataplot: rel 0.01 end,firebot 1 rank
T2,Pressure_Effects/zone_break_fast_uglmat_hypre.fds,,,b,4,30000,1,0.2x0.2x0.2,4,4,30.,334,iso3d,1.5,14,0.1,yes,T2 vs FFT baseline; T1 vs GLMAT copy (FR-002) / T2,,"Pressure-zone breach, UGLMAT/HYPRE, 4 meshes",no own dataplot row (zone_break_fast rel 0.02 max),
T2,Flowfields/simple_duct.fds,,,"a,c",5,98480,1,0.05x0.05x0.05,5,5,30.0,2000,iso3d,3,341,0.12,yes,T2 vs FFT baseline; T1 vs GLMAT copy (FR-002) / T2,,Room + recirculating duct over 5 meshes: CO2 mass conservation,"dataplot: CO2 mass (_mass.csv), Relative Error, end, tol 0.01",
T2,Flowfields/species_conservation_3.fds,,,c,1,1000,1,0.1x0.1x0.1,1,1,100.,556,solid,1,5,0.1,yes,T1 (T0 stretch) / T2,,Solid vaporises inside domain: total gas mass,dataplot: rel 0.1 end,
T2,Flowfields/species_conservation_4.fds,,,c,1,1000,1,0.1x0.1x0.1,1,1,100.,556,solid,1,5,0.1,yes,T1 (T0 stretch) / T2,,Surface reaction at domain boundary,dataplot: abs 5e-3 end,
T2,Flowfields/gas_filling.fds,,,c,1,15360,1,0.2x0.2x0.2,1,1,300.0,1667,iso3d,1,54,0.1,yes,T1 (T0 stretch) / T2,,Hydrogen filling: mass in _mass.csv,dataplot: rel 0.01 end,
T2,Flowfields/realizable_mass_fractions.fds,,,c,1,12000,1,0.1x0.1x0.1,1,1,10.0,223,fire,1,16,0.1,yes,T1 first 100 steps (T2 full run) / T2,,Sum of mass fractions = 1,dataplot: max_1_4 abs 1e-6,
T2,Flowfields/divergence_test_1.fds,,,b,1,8000,1,0.05x0.05x0.05,1,1,10.,223,iso3d,1.5,8,0.1,yes,T1 (T0 stretch) / T2,,"Isothermal through-flow with OBST create/remove, UGLMAT",dataplot: div abs 1e-10,
T2,Species/mass_flux_wall_yindex.fds,,,c,1,8000,1,0.5x0.5x0.5,1,1,2000,8000,iso3d,1,131,0.1,yes,T1 (T0 stretch) / T2,,Primitive-species mass balance through boundaries (_mass.csv vs integrated fluxes),mass_balance.py: mean balance error (t>1000 s) <= 1e-5 (warning),
T2,Species/mass_flux_wall_zindex.fds,,,c,1,8000,1,0.5x0.5x0.5,1,1,2000.0,8000,iso3d,1,131,0.1,yes,T1 (T0 stretch) / T2,,Lumped-species variant,mass_balance.py: <= 1e-5,
T2,Species/mass_balance_gas_volume.fds,,,c,1,8000,1,0.5x0.5x0.5,1,1,2000.0,8000,iso3d,1,131,0.1,yes,T1 (T0 stretch) / T2,,Control-volume mass balance (dm/dt vs fluxes),mass_balance_gas_volume.py: max |balance| <= 1e-6,
T2,Species/mass_balance_reac.fds,,,"c,f",8,64000,1,0.25x0.25x0.25,8,8,20.0,640,fire,1.5,58,0.1,yes,T1 first 100 steps (T2 full run) / T2,,Reacting-flow species mass balance on 8 meshes (UGLMAT),mass_balance_reac.py: |mean balance|/m <= 1.5e-3 per species,
T2-opt,Energy_Budget/energy_budget_adiabatic_walls.fds,,,"c,f",1,32000,1,0.25x0.25x0.25,1,1,300.,5334,fire,1,857,0.1,yes,T1 first 100 steps (T2 full run) / T2,,"1.2 MW fire, adiabatic walls: HRR = enthalpy outflow in quasi-steady state","dataplot: Absolute Error, mean, tol 20 kW",single mesh; longest Tier-2 case
T2,Energy_Budget/energy_budget_dns_100.fds,,,c,1,2500,1,0.0001x0.001x0.0001,1,1,2.,12000,dns,1,64,0.1,yes,T1 (T0 stretch) / T2,,2-D DNS energy budget,"dataplot: Relative Error, end, tol 0.01",
T2,Energy_Budget/test_hrr_2d_cyl.fds,,,"c,f",1,800,1,0.1x0.02x0.1,1,1,10,223,fire,1,4,0.1,yes,T1 first 100 steps (T2 full run) / T2,,"HRR integral, 2-D cylindrical",dataplot: rel 0.02 mean,
T2-opt,Heat_Transfer/ht3d_energy_conservation_4.fds,,,"a,c",8,125000,1,0.01x0.01x0.01,8,8,100,2000,solid,1,137,0.15,yes,T2 vs FFT baseline; T1 vs GLMAT copy (FR-002) / T2,,3-D solid heat conduction across 8 meshes: energy conservation,dataplot: rel 0.01 end,
T2,Fires/box_burn_away1.fds,,,"f,c",4,4000,1,0.1x0.1x0.1,4,4,30.,667,fire,1,8,0.1,yes,T1 first 100 steps (T2 full run) / T2,,4-mesh burning box: fuel mass consumed,"dataplot: Mass fuel, Relative Error, end, tol 0.02",
T2,Fires/circular_burner.fds,,,f,8,64000,1,0.05x0.05x0.05,8,8,20.,1334,firerad,1,125,0.1,yes,T1 first 100 steps (T2 full run) / T2,,8-mesh propane burner plume: MLR,"dataplot: MLR_PROPANE (_hrr.csv), Relative Error, end, tol 0.01",
T2,Fires/simple_test.fds,,,f,1,20736,1,0.1x0.1x0.1,1,1,60.0,2000,firerad,1,335,0.1,yes,T1 first 100 steps (T2 full run) / T2,,Single-mesh compartment fire (end-to-end regression),no dataplot row; V&V regression only,
T2,Restart/device_restart_base_case.fds,,,g,4,10374,1,0.4x0.4x0.4,4,4,60.0,334,fire,1,9,0.1,yes,T0 (proposed) / T1 minimum (FR-080),,Multi-room fire uninterrupted (reference),"dataplot: temp base vs restart, Absolute Error, end, tol 5 C",
T2,Restart/device_restart_a.fds,,,g,4,10374,1,0.4x0.4x0.4,4,4,40.0,223,fire,1,7,0.1,yes,T0 (proposed) / T1 minimum (FR-080),,"Same, stopped at 40 s",see base case,
T2,Restart/device_restart_b.fds,,,g,4,10374,1,0.4x0.4x0.4,4,4,60.0,334,fire,1,9,0.1,yes,T0 (proposed) / T1 minimum (FR-080),,Restart from 40 s to 60 s,see base case,
T2,Restart/restart_ulmat_a.fds,,,"g,b",4,30000,1,0.2x0.2x0.2,4,4,30.,167,iso3d,1,7,0.1,yes,T0 (proposed) / T1 minimum (FR-080),,"ULMAT restart, 4 meshes / 4 ranks, writes restart at 30 s","firebot restart set, no dataplot row",
T2,Restart/restart_ulmat_b.fds,,,"g,b",4,30000,1,0.2x0.2x0.2,4,4,50.,278,iso3d,1,9,0.1,yes,T0 (proposed) / T1 minimum (FR-080),,ULMAT restart continuation,regression vs continuous run,
T2,Restart/clocks_restart_base_case.fds,,,g,1,8000,1,0.25x0.25x0.25,1,1,29.0,258,fire,1,13,0.1,yes,T0 (proposed) / T1 minimum (FR-080),,Clock/timer restart reference,dataplot: HRR rel 0.01 mean,
T2,Restart/csvf_restart_a.fds,,,g,8,1000,1,0.2x0.2x0.2,8,8,10,112,fire,1,3,0.1,yes,T0 (proposed) / T1 minimum (FR-080),,"CSVF (initialise from CSV) restart, 8 meshes",firebot restart set,
T2,Energy_Budget/energy_budget_particles.fds,yes,FR-051,c,1,1000,1,0.1x0.1x0.1,1,1,900.0,9000,iso3d,1,21,0.1,yes,T1 (T0 stretch) / T2,,Hot BBs (particles) heating gas in a sealed 10^3 box: energy transfer particle->gas,"dataplot: 2 rows, area/Relative Error, tol 0.01",
T2,Pressure_Effects/zone_break_fast.fds,yes,FR-034,"b,c",1,30000,1,0.2x0.2x0.2,1,1,30.,334,iso3d,3,63,0.1,yes,T1 (T0 stretch) / T2,,"Pressure-zone breach (zone break), 1 mesh, FFT","dataplot: Relative Error, max, tol 0.02",
T2,Pressure_Effects/zone_shape.fds,yes,FR-034,"b,c",2,30000,1,0.2x0.2x0.2,2,2,25.,70,iso3d,3,12,0.1,yes,T2 vs FFT baseline; T1 vs GLMAT copy (FR-002) / T2,,Irregular pressure zone over 2 meshes,"dataplot: Relative Error, mean, tol 0.015",
T2,Sprinklers_and_Sprays/cascadempi.fds,yes,"FR-050,FR-051","a,h",6,57344,1,0.25x0.25x0.25,6,6,100.0,1334,solid,1,58,0.1,yes,T2 vs FFT baseline; T1 vs GLMAT copy (FR-002) / T2,,Water droplets cascading over boxes across 6 meshes/ranks: particle migration between meshes,"dataplot: 4 rows, area, Relative Error, tol 0.02",
T2,Sprinklers_and_Sprays/cannon_ball.fds,yes,FR-050,h,1,9000,1,1x1x1,1,1,2.5,28,iso3d,1,4,0.1,yes,T1 (T0 stretch) / T2,,Ballistic particle trajectory (no drag) vs analytic,"dataplot: Relative Error, end, tol 0.01",
T2,Radiation/plate_view_factor_cart_30.fds,yes,"FR-060,FR-061",i,1,4000,1,0.1x0.1x0.1,1,1,.01,10,firerad,30,13,0.1,yes,T1 first 100 steps (T2 full run) / T2,,"Plate view factor, 30 angles, 10 steps",plate_view_factor.py -> table in Verification Guide (no dataplot row),
T2,Radiation/radiating_polygon_square_20.fds,yes,"FR-060,FR-061",i,1,11520,1,0.083333x0.083333x0.05,1,1,0.05,1,firerad,100,12,0.1,yes,T1 first 100 steps (T2 full run) / T2,,"Radiating square polygon, 100 angles, single step",radiating_polygon.py -> table (no dataplot row),
T2,Timing_Benchmarks/openmp_test64a.fds,yes,"NFR-012,NFR-030","g,j",1,262144,1,0.015625x0.015625x0.015625,1,1,10.0,356,iso3d,1.5,283,0.31,yes,T1 / timing,,64^3 single-mesh buoyant flow: timing benchmark (OMP 1 thread),"timing only (median of 3, NFR-030)",firebot -o 1; openmp_test64b..h are the 2..8-thread variants
T2-opt,VV/test_8mesh_NOFRPG_short.fds,,"NFR-030,NFR-033,FR-031","b,j",8,1000000,1,0.008x0.008x0.01,8,- (derived (V&V)),0.05,20,fire,7,128,1.2,yes,T1 first 20 steps / timing,copy of GPU_Tests/HYPRE_GPU_SCALING/test_8mesh_NOFRPG.fds with T_END=0.05 (~20 steps),"1.0 M cells, 8 x 125k meshes, propane fire, UGLMAT (HYPRE PCG+BoomerAMG, tol 1e-12) single pressure iteration: HYPRE pressure cost/scaling baseline on CPU","no FDS pass/fail (not in FDS_Cases.sh, no dataplot row); HYPRE_DEVICE_RUN only matters when compiled WITH_HYPRE_DEVICE, so it is inert on CPU builds; V&V: timing split from _cpu.csv, HYPRE iterations/residual from .out (CHECK_POISSON copy)",
T3,GPU_Tests/test_gpu.fds,,,"b,j",8,1000000,1,0.008x0.008x0.01,8,- (no),1.,417,fire,7,2609,1.2,yes,n/a,,"Same 1 M-cell fire, 8 meshes, T_END 1 s, SOLVER=UGLMAT HYPRE","no FDS pass/fail (not in FDS_Cases.sh, no dataplot row); HYPRE_DEVICE_RUN only matters when compiled WITH_HYPRE_DEVICE, so it is inert on CPU builds",CPU-runnable but ~1 h at 8 ranks; use the _short copy instead
T3,GPU_Tests/HYPRE_GPU_SCALING/test_4mesh.fds,,,"b,j",4,1000000,1,0.008x0.008x0.01,4,- (no),0.5,209,fire,7,2616,1.2,yes,n/a (pair with same FDS_RANKS_PER_GPU = free T0 check; FR-038 T1 vs baseline),,"HYPRE GPU scaling input, 4 meshes, 1 M cells, UGLMAT 1 iteration, T_END 0.5 s","no FDS pass/fail (not in FDS_Cases.sh, no dataplot row); HYPRE_DEVICE_RUN only matters when compiled WITH_HYPRE_DEVICE, so it is inert on CPU builds; _RS*/_NOFRPG pairs are byte-identical except CHID; the job scripts differ only in FDS_RANKS_PER_GPU, which changes the HYPRE matrix partition on CPU too (RS masters gather and solve)",
T3,GPU_Tests/HYPRE_GPU_SCALING/test_4mesh_RS4.fds,,,"b,j",4,1000000,1,0.008x0.008x0.01,4,- (no),0.5,209,fire,7,2616,1.2,yes,n/a (pair with same FDS_RANKS_PER_GPU = free T0 check; FR-038 T1 vs baseline),,"HYPRE GPU scaling input, 4 meshes, 1 M cells, UGLMAT 1 iteration, T_END 0.5 s","no FDS pass/fail (not in FDS_Cases.sh, no dataplot row); HYPRE_DEVICE_RUN only matters when compiled WITH_HYPRE_DEVICE, so it is inert on CPU builds; _RS*/_NOFRPG pairs are byte-identical except CHID; the job scripts differ only in FDS_RANKS_PER_GPU, which changes the HYPRE matrix partition on CPU too (RS masters gather and solve)",
T3,GPU_Tests/HYPRE_GPU_SCALING/test_8mesh_NOFRPG.fds,,,"b,j",8,1000000,1,0.008x0.008x0.01,8,- (no),0.5,209,fire,7,1309,1.2,yes,n/a (pair with same FDS_RANKS_PER_GPU = free T0 check; FR-038 T1 vs baseline),,"HYPRE GPU scaling input, 8 meshes, 1 M cells, UGLMAT 1 iteration, T_END 0.5 s","no FDS pass/fail (not in FDS_Cases.sh, no dataplot row); HYPRE_DEVICE_RUN only matters when compiled WITH_HYPRE_DEVICE, so it is inert on CPU builds; _RS*/_NOFRPG pairs are byte-identical except CHID; the job scripts differ only in FDS_RANKS_PER_GPU, which changes the HYPRE matrix partition on CPU too (RS masters gather and solve)",
T3,GPU_Tests/HYPRE_GPU_SCALING/test_8mesh_RS2.fds,,,"b,j",8,1000000,1,0.008x0.008x0.01,8,- (no),0.5,209,fire,7,1309,1.2,yes,n/a (pair with same FDS_RANKS_PER_GPU = free T0 check; FR-038 T1 vs baseline),,"HYPRE GPU scaling input, 8 meshes, 1 M cells, UGLMAT 1 iteration, T_END 0.5 s","no FDS pass/fail (not in FDS_Cases.sh, no dataplot row); HYPRE_DEVICE_RUN only matters when compiled WITH_HYPRE_DEVICE, so it is inert on CPU builds; _RS*/_NOFRPG pairs are byte-identical except CHID; the job scripts differ only in FDS_RANKS_PER_GPU, which changes the HYPRE matrix partition on CPU too (RS masters gather and solve)",
T3,GPU_Tests/HYPRE_GPU_SCALING/test_16mesh_NOFRPG.fds,,,"b,j",16,1000000,1,0.008x0.008x0.01,8,- (no),0.5,209,fire,7,1309,1.2,yes,n/a (pair with same FDS_RANKS_PER_GPU = free T0 check; FR-038 T1 vs baseline),,"HYPRE GPU scaling input, 16 meshes, 1 M cells, UGLMAT 1 iteration, T_END 0.5 s","no FDS pass/fail (not in FDS_Cases.sh, no dataplot row); HYPRE_DEVICE_RUN only matters when compiled WITH_HYPRE_DEVICE, so it is inert on CPU builds; _RS*/_NOFRPG pairs are byte-identical except CHID; the job scripts differ only in FDS_RANKS_PER_GPU, which changes the HYPRE matrix partition on CPU too (RS masters gather and solve)",needs >8 ranks or a MPI_PROCESS copy
T3,GPU_Tests/HYPRE_GPU_SCALING/test_16mesh_RS4.fds,,,"b,j",16,1000000,1,0.008x0.008x0.01,8,- (no),0.5,209,fire,7,1309,1.2,yes,n/a (pair with same FDS_RANKS_PER_GPU = free T0 check; FR-038 T1 vs baseline),,"HYPRE GPU scaling input, 16 meshes, 1 M cells, UGLMAT 1 iteration, T_END 0.5 s","no FDS pass/fail (not in FDS_Cases.sh, no dataplot row); HYPRE_DEVICE_RUN only matters when compiled WITH_HYPRE_DEVICE, so it is inert on CPU builds; _RS*/_NOFRPG pairs are byte-identical except CHID; the job scripts differ only in FDS_RANKS_PER_GPU, which changes the HYPRE matrix partition on CPU too (RS masters gather and solve)",needs >8 ranks or a MPI_PROCESS copy
T3,GPU_Tests/HYPRE_GPU_SCALING/test_32mesh_NOFRPG.fds,,,"b,j",32,1000000,1,0.008x0.008x0.01,8,- (no),0.5,209,fire,7,1310,1.2,yes,n/a (pair with same FDS_RANKS_PER_GPU = free T0 check; FR-038 T1 vs baseline),,"HYPRE GPU scaling input, 32 meshes, 1 M cells, UGLMAT 1 iteration, T_END 0.5 s","no FDS pass/fail (not in FDS_Cases.sh, no dataplot row); HYPRE_DEVICE_RUN only matters when compiled WITH_HYPRE_DEVICE, so it is inert on CPU builds; _RS*/_NOFRPG pairs are byte-identical except CHID; the job scripts differ only in FDS_RANKS_PER_GPU, which changes the HYPRE matrix partition on CPU too (RS masters gather and solve)",needs >8 ranks or a MPI_PROCESS copy
T3,GPU_Tests/HYPRE_GPU_SCALING/test_32mesh_RS8.fds,,,"b,j",32,1000000,1,0.008x0.008x0.01,8,- (no),0.5,209,fire,7,1310,1.2,yes,n/a (pair with same FDS_RANKS_PER_GPU = free T0 check; FR-038 T1 vs baseline),,"HYPRE GPU scaling input, 32 meshes, 1 M cells, UGLMAT 1 iteration, T_END 0.5 s","no FDS pass/fail (not in FDS_Cases.sh, no dataplot row); HYPRE_DEVICE_RUN only matters when compiled WITH_HYPRE_DEVICE, so it is inert on CPU builds; _RS*/_NOFRPG pairs are byte-identical except CHID; the job scripts differ only in FDS_RANKS_PER_GPU, which changes the HYPRE matrix partition on CPU too (RS masters gather and solve)",needs >8 ranks or a MPI_PROCESS copy
T3,VTK/beam_detector.fds,,,k,8,400000,1,0.1x0.1x0.1,8,- (no),1.0,34,iso3d,1,8,0.48,yes,n/a (Demonstration),,VTK/VTKHDF output demo (beam_detector),no FDS pass/fail; WRITE_FORMAT=VTK writes VTKHDF (needs a WITH_HDF5 build: makefile HDF5_HOME / build_thirdparty_libs.sh; CMake has no HDF5 option) and turns OFF .smv output,
T3,VTK/cascade.fds,,,k,1,14336,1,0.25x0.25x0.25,1,- (no),100.0,1334,fire,1,99,0.1,yes,n/a (Demonstration),,VTK/VTKHDF output demo (cascade),no FDS pass/fail; WRITE_FORMAT=VTK writes VTKHDF (needs a WITH_HDF5 build: makefile HDF5_HOME / build_thirdparty_libs.sh; CMake has no HDF5 option) and turns OFF .smv output,
T3,VTK/couch.fds,,,k,4,60000,1,0.1x0.1x0.1,4,- (no),600.,20000,fire,1,2147,0.1,yes,n/a (Demonstration),,VTK/VTKHDF output demo (couch),no FDS pass/fail; WRITE_FORMAT=VTK writes VTKHDF (needs a WITH_HDF5 build: makefile HDF5_HOME / build_thirdparty_libs.sh; CMake has no HDF5 option) and turns OFF .smv output,
T3,VTK/storage.fds,,,k,8,27000,1,0.3x0.3x0.3,8,- (no),300.,3334,fire,1,84,0.1,yes,n/a (Demonstration),,VTK/VTKHDF output demo (storage),no FDS pass/fail; WRITE_FORMAT=VTK writes VTKHDF (needs a WITH_HDF5 build: makefile HDF5_HOME / build_thirdparty_libs.sh; CMake has no HDF5 option) and turns OFF .smv output,
