case,vent_line,vent_index,vent_id,surf_id,cls,spec,mult_copy,mesh,mesh_id,face,overlap_area,vent_entry_area,overlap_frac,partial,obst_frac,notes
Controls/bi_dir.fds,20,2,,1p0,other,PBX=1.1,,2,,mesh XMIN face x=1.1 (IOR +1),1,1,1.0000,0,0.000,
Controls/bi_dir.fds,21,3,,10p0,other,PBX=2.2,,3,,mesh XMIN face x=2.2 (IOR +1),1,1,1.0000,0,0.000,
Controls/bi_dir.fds,23,4,,OPEN,OPEN,MB=XMAX,,1,,mesh XMAX face x=1 (IOR -1),1,1,1.0000,0,0.000,
Controls/bi_dir.fds,23,4,,OPEN,OPEN,MB=XMAX,,2,,mesh XMAX face x=2.1 (IOR -1),1,1,1.0000,0,0.000,
Flowfields/velocity_bc_test.fds,42,8,,OPEN,OPEN,PBZ=2.4,,1,,mesh ZMAX face z=2.4 (IOR -3),120,120,1.0000,0,0.000,
Flowfields/velocity_bc_test.fds,43,9,,OPEN,OPEN,PBZ=2.6,,2,,mesh ZMIN face z=2.6 (IOR +3),120,120,1.0000,0,0.200,20% of overlap has OBST in first cell layer
Flowfields/velocity_bc_test.fds,44,10,,OPEN,OPEN,PBZ=7.4,,2,,mesh ZMAX face z=7.4 (IOR -3),120,120,1.0000,0,0.200,20% of overlap has OBST in first cell layer
Flowfields/velocity_bc_test.fds,45,11,,OPEN,OPEN,PBZ=7.6,,3,,mesh ZMIN face z=7.6 (IOR +3),120,120,1.0000,0,0.008,1% of overlap has OBST in first cell layer
HVAC/qfan_multi.fds,52,6,,OPEN,OPEN,MB=XMIN,,2,,mesh XMIN face x=0.2 (IOR +1),4,4,1.0000,0,0.050,5% of overlap has OBST in first cell layer
HVAC/qfan_multi.fds,56,9,,OPEN,OPEN,MB=XMAX,,1,,mesh XMAX face x=-0.2 (IOR -1),4,4,1.0000,0,0.050,5% of overlap has OBST in first cell layer
Heat_Transfer/back_wall_test.fds,45,1,,OPEN,OPEN,MB=XMIN,,4,,mesh XMIN face x=-0.5 (IOR +1),1,1,1.0000,0,0.000,
Heat_Transfer/back_wall_test.fds,46,2,,OPEN,OPEN,MB=XMAX,,4,,mesh XMAX face x=0.5 (IOR -1),1,1,1.0000,0,0.000,
Heat_Transfer/back_wall_test.fds,48,4,,OPEN,OPEN,MB=YMAX,,1,,mesh YMAX face y=0.5 (IOR -2),0.05,1.05,0.0476,1,1.000,rest of entry borders a neighbour mesh; 100% of overlap has OBST in first cell layer
Heat_Transfer/back_wall_test.fds,48,4,,OPEN,OPEN,MB=YMAX,,2,,mesh YMAX face y=0.5 (IOR -2),0.95,0.95,1.0000,0,0.000,
Heat_Transfer/back_wall_test.fds,48,4,,OPEN,OPEN,MB=YMAX,,3,,mesh YMAX face y=0.5 (IOR -2),1,1,1.0000,0,0.050,5% of overlap has OBST in first cell layer
Pressure_Solver/hallways.fds,15,1,,OPEN,OPEN,XB,,5,,mesh XMIN face x=3 (IOR +1),1,1,1.0000,0,0.000,
Pyrolysis/shrink_swell.fds,25,1,,OPEN,OPEN,MB=XMIN,,2,,mesh XMIN face x=2 (IOR +1),0.12,0.12,1.0000,0,0.000,
Pyrolysis/shrink_swell.fds,25,1,,OPEN,OPEN,MB=XMIN,,3,,mesh XMIN face x=3 (IOR +1),0.12,0.12,1.0000,0,0.000,
Pyrolysis/shrink_swell.fds,25,1,,OPEN,OPEN,MB=XMIN,,4,,mesh XMIN face x=4 (IOR +1),0.12,0.12,1.0000,0,0.000,
Pyrolysis/shrink_swell.fds,25,1,,OPEN,OPEN,MB=XMIN,,5,,mesh XMIN face x=5 (IOR +1),0.12,0.12,1.0000,0,0.000,
Pyrolysis/shrink_swell.fds,25,1,,OPEN,OPEN,MB=XMIN,,6,,mesh XMIN face x=6 (IOR +1),0.12,0.12,1.0000,0,0.000,
Pyrolysis/shrink_swell.fds,26,2,,OPEN,OPEN,MB=XMAX,,1,,mesh XMAX face x=1.3 (IOR -1),0.12,0.12,1.0000,0,0.000,
Pyrolysis/shrink_swell.fds,26,2,,OPEN,OPEN,MB=XMAX,,2,,mesh XMAX face x=2.3 (IOR -1),0.12,0.12,1.0000,0,0.000,
Pyrolysis/shrink_swell.fds,26,2,,OPEN,OPEN,MB=XMAX,,3,,mesh XMAX face x=3.3 (IOR -1),0.12,0.12,1.0000,0,0.000,
Pyrolysis/shrink_swell.fds,26,2,,OPEN,OPEN,MB=XMAX,,4,,mesh XMAX face x=4.3 (IOR -1),0.12,0.12,1.0000,0,0.000,
Pyrolysis/shrink_swell.fds,26,2,,OPEN,OPEN,MB=XMAX,,5,,mesh XMAX face x=5.3 (IOR -1),0.12,0.12,1.0000,0,0.000,
Radiation/hot_spheres.fds,8,1,,OPEN,OPEN,MB=XMIN,,2,,mesh XMIN face x=2 (IOR +1),1,1,1.0000,0,0.000,
Radiation/hot_spheres.fds,9,2,,OPEN,OPEN,MB=XMAX,,1,,mesh XMAX face x=1 (IOR -1),1,1,1.0000,0,0.000,
Radiation/part_attenuation.fds,18,1,,HOT,other,MB=XMIN,,2,,mesh XMIN face x=0 (IOR +1),1,1,1.0000,0,0.000,
Radiation/part_attenuation.fds,18,1,,HOT,other,MB=XMIN,,3,,mesh XMIN face x=2 (IOR +1),1,1,1.0000,0,0.000,
Radiation/part_attenuation.fds,18,1,,HOT,other,MB=XMIN,,4,,mesh XMIN face x=4 (IOR +1),1,1,1.0000,0,0.000,
Radiation/part_attenuation.fds,18,1,,HOT,other,MB=XMIN,,5,,mesh XMIN face x=6 (IOR +1),1,1,1.0000,0,0.000,
Restart/device_restart_a.fds,29,1,,OPEN,OPEN,XB,,4,,mesh XMAX face x=3.2 (IOR -1),21.28,21.28,1.0000,0,0.000,plane snapped from X=3.1 to mesh face 3.2; extent snapped to grid
Restart/device_restart_b.fds,30,1,,OPEN,OPEN,XB,,4,,mesh XMAX face x=3.2 (IOR -1),21.28,21.28,1.0000,0,0.000,plane snapped from X=3.1 to mesh face 3.2; extent snapped to grid
Restart/device_restart_base_case.fds,28,1,,OPEN,OPEN,XB,,4,,mesh XMAX face x=3.2 (IOR -1),21.28,21.28,1.0000,0,0.000,plane snapped from X=3.1 to mesh face 3.2; extent snapped to grid
Species/condensation_3.fds,23,1,,HOT,other,PBX=1,,1,,mesh XMAX face x=1 (IOR -1),1,1,1.0000,0,0.000,
Sprinklers_and_Sprays/particle_anisotropic_radi.fds,17,1,,HOT,other,MB=XMIN,,2,,mesh XMIN face x=2 (IOR +1),1,1,1.0000,0,0.000,
Sprinklers_and_Sprays/particle_anisotropic_radi.fds,17,1,,HOT,other,MB=XMIN,,3,,mesh XMIN face x=4 (IOR +1),1,1,1.0000,0,0.000,
Sprinklers_and_Sprays/particle_anisotropic_radi.fds,17,1,,HOT,other,MB=XMIN,,4,,mesh XMIN face x=6 (IOR +1),1,1,1.0000,0,0.000,
Sprinklers_and_Sprays/particle_anisotropic_radi.fds,18,2,,COLD,other,MB=XMAX,,1,,mesh XMAX face x=1 (IOR -1),1,1,1.0000,0,0.000,
Sprinklers_and_Sprays/particle_anisotropic_radi.fds,18,2,,COLD,other,MB=XMAX,,2,,mesh XMAX face x=3 (IOR -1),1,1,1.0000,0,0.000,
Sprinklers_and_Sprays/particle_anisotropic_radi.fds,18,2,,COLD,other,MB=XMAX,,3,,mesh XMAX face x=5 (IOR -1),1,1,1.0000,0,0.000,
Sprinklers_and_Sprays/screen_drag_1.fds,14,5,,SLIP,other,MB=ZMIN,,2,,mesh ZMIN face z=1.1 (IOR +3),2,2,1.0000,0,0.000,
Sprinklers_and_Sprays/screen_drag_1.fds,14,5,,SLIP,other,MB=ZMIN,,3,,mesh ZMIN face z=2.2 (IOR +3),2,2,1.0000,0,0.000,
Sprinklers_and_Sprays/screen_drag_1.fds,15,6,,SLIP,other,MB=ZMAX,,1,,mesh ZMAX face z=1 (IOR -3),2,2,1.0000,0,0.000,
Sprinklers_and_Sprays/screen_drag_1.fds,15,6,,SLIP,other,MB=ZMAX,,2,,mesh ZMAX face z=2.1 (IOR -3),2,2,1.0000,0,0.000,
Sprinklers_and_Sprays/screen_drag_2.fds,14,5,,SLIP,other,MB=ZMIN,,2,,mesh ZMIN face z=1.1 (IOR +3),2,2,1.0000,0,0.000,
Sprinklers_and_Sprays/screen_drag_2.fds,14,5,,SLIP,other,MB=ZMIN,,3,,mesh ZMIN face z=2.2 (IOR +3),2,2,1.0000,0,0.000,
Sprinklers_and_Sprays/screen_drag_2.fds,15,6,,SLIP,other,MB=ZMAX,,1,,mesh ZMAX face z=1 (IOR -3),2,2,1.0000,0,0.000,
Sprinklers_and_Sprays/screen_drag_2.fds,15,6,,SLIP,other,MB=ZMAX,,2,,mesh ZMAX face z=2.1 (IOR -3),2,2,1.0000,0,0.000,
Sprinklers_and_Sprays/sphere_drag_1.fds,17,5,,SLIP,other,MB=ZMIN,,2,,mesh ZMIN face z=1.1 (IOR +3),2,2,1.0000,0,0.000,
Sprinklers_and_Sprays/sphere_drag_1.fds,17,5,,SLIP,other,MB=ZMIN,,3,,mesh ZMIN face z=2.2 (IOR +3),2,2,1.0000,0,0.000,
Sprinklers_and_Sprays/sphere_drag_1.fds,17,5,,SLIP,other,MB=ZMIN,,4,,mesh ZMIN face z=3.3 (IOR +3),2,2,1.0000,0,0.000,
Sprinklers_and_Sprays/sphere_drag_1.fds,17,5,,SLIP,other,MB=ZMIN,,5,,mesh ZMIN face z=4.4 (IOR +3),2,2,1.0000,0,0.000,
Sprinklers_and_Sprays/sphere_drag_1.fds,18,6,,SLIP,other,MB=ZMAX,,1,,mesh ZMAX face z=1 (IOR -3),2,2,1.0000,0,0.000,
Sprinklers_and_Sprays/sphere_drag_1.fds,18,6,,SLIP,other,MB=ZMAX,,2,,mesh ZMAX face z=2.1 (IOR -3),2,2,1.0000,0,0.000,
Sprinklers_and_Sprays/sphere_drag_1.fds,18,6,,SLIP,other,MB=ZMAX,,3,,mesh ZMAX face z=3.2 (IOR -3),2,2,1.0000,0,0.000,
Sprinklers_and_Sprays/sphere_drag_1.fds,18,6,,SLIP,other,MB=ZMAX,,4,,mesh ZMAX face z=4.3 (IOR -3),2,2,1.0000,0,0.000,
WUI/LS4_ember_ignition.fds,19,1,,OPEN,OPEN,MB=XMIN,,2,,mesh XMIN face x=7.5 (IOR +1),25,25,1.0000,0,0.000,
WUI/LS4_ember_ignition.fds,20,2,,OPEN,OPEN,MB=XMAX,,1,,mesh XMAX face x=5 (IOR -1),25,25,1.0000,0,0.000,
WUI/ground_vegetation_drag.fds,23,5,,MIRROR,MIRROR,MB=ZMAX,,1,,mesh ZMAX face z=0.5 (IOR -3),6,6,1.0000,0,0.000,
WUI/ground_vegetation_drag.fds,23,5,,MIRROR,MIRROR,MB=ZMAX,,2,,mesh ZMAX face z=1.5 (IOR -3),6,6,1.0000,0,0.000,
WUI/ground_vegetation_drag.fds,29,9,,GROUND,other,XB,,2,,mesh ZMIN face z=1 (IOR +3),6,6,1.0000,0,0.000,
WUI/ground_vegetation_drag.fds,31,10,,GROUND,other,XB,,3,,mesh ZMIN face z=2 (IOR +3),1,1,1.0000,0,0.000,
WUI/ground_vegetation_drag.fds,32,11,,LS GRASS,other,XB,,3,,mesh ZMIN face z=2 (IOR +3),4,4,1.0000,0,0.000,
WUI/ground_vegetation_drag.fds,33,12,,GROUND,other,XB,,3,,mesh ZMIN face z=2 (IOR +3),1,1,1.0000,0,0.000,
WUI/ground_vegetation_load.fds,12,5,,HOT,other,MB=ZMAX,,1,,mesh ZMAX face z=1 (IOR -3),3,3,1.0000,0,0.000,
WUI/ground_vegetation_load.fds,18,9,,GROUND,other,XB,,2,,mesh ZMIN face z=1.5 (IOR +3),3,3,1.0000,0,0.000,
WUI/ground_vegetation_radi.fds,8,1,,MIRROR,MIRROR,MB=XMIN,,2,,mesh XMIN face x=1.5 (IOR +1),1,1,1.0000,0,0.000,
WUI/ground_vegetation_radi.fds,9,2,,MIRROR,MIRROR,MB=XMAX,,1,,mesh XMAX face x=1 (IOR -1),1,1,1.0000,0,0.000,
WUI/vegetation_absorb.fds,21,5,,MIRROR,MIRROR,MB=ZMIN,,2,,mesh ZMIN face z=1.1 (IOR +3),4,4,1.0000,0,0.000,
WUI/vegetation_absorb.fds,21,5,,MIRROR,MIRROR,MB=ZMIN,,3,,mesh ZMIN face z=2.2 (IOR +3),4,4,1.0000,0,0.000,
WUI/vegetation_absorb.fds,21,5,,MIRROR,MIRROR,MB=ZMIN,,4,,mesh ZMIN face z=3.3 (IOR +3),4,4,1.0000,0,0.000,
WUI/vegetation_absorb.fds,21,5,,MIRROR,MIRROR,MB=ZMIN,,5,,mesh ZMIN face z=4.4 (IOR +3),4,4,1.0000,0,0.000,
WUI/vegetation_absorb.fds,21,5,,MIRROR,MIRROR,MB=ZMIN,,6,,mesh ZMIN face z=5.5 (IOR +3),4,4,1.0000,0,0.000,
WUI/vegetation_absorb.fds,22,6,,MIRROR,MIRROR,MB=ZMAX,,1,,mesh ZMAX face z=1 (IOR -3),4,4,1.0000,0,0.000,
WUI/vegetation_absorb.fds,22,6,,MIRROR,MIRROR,MB=ZMAX,,2,,mesh ZMAX face z=2.1 (IOR -3),4,4,1.0000,0,0.000,
WUI/vegetation_absorb.fds,22,6,,MIRROR,MIRROR,MB=ZMAX,,3,,mesh ZMAX face z=3.2 (IOR -3),4,4,1.0000,0,0.000,
WUI/vegetation_absorb.fds,22,6,,MIRROR,MIRROR,MB=ZMAX,,4,,mesh ZMAX face z=4.3 (IOR -3),4,4,1.0000,0,0.000,
WUI/vegetation_absorb.fds,22,6,,MIRROR,MIRROR,MB=ZMAX,,5,,mesh ZMAX face z=5.4 (IOR -3),4,4,1.0000,0,0.000,
