run_name,case,variant,group,tier,binary,ranks,threads,est_wall_s,wall_time_s,fds_elapsed_s,exit_status,timed_out,stop_ok,timeout_s,load_at_start,busy_cores_at_start,free_ram_gb,avail_ram_gb,preflight_wait_s,start_time,run_dir
ns2d_16,NS_Analytical_Solution/ns2d_16.fds,as committed,G0,G0,rel,1,1,,0.91,0.681,0,False,yes,600,0.86 2.04 2.06,1.31,2.2,5.66,3.0,2026-09-25T18:18:21-04:00,vv-runs/g0/gnu_ompi_firex-36975d7/ns2d_16
obst_activation_default,Pressure_Solver/obst_activation_default.fds,as committed,G0,G0,rel,4,1,,0.7,0.47,0,False,yes,600,0.95 2.04 2.06,1.25,2.18,5.63,3.0,2026-09-25T18:18:25-04:00,vv-runs/g0/gnu_ompi_firex-36975d7/obst_activation_default
ns2d_16_int_1to2_refinement,Adaptive_Mesh_Refinement/ns2d_16_int_1to2_refinement.fds,as committed,A-09,T1,rel,1,1,31,90.86,90.635,0,False,yes,900,1.23 2.05 2.07,2.57,2.19,5.66,3.0,2026-09-25T18:18:41-04:00,vv-runs/baseline/gnu_ompi_firex-36975d7/ns2d_16_int_1to2_refinement
ns2d_16_int_1to2_refinement_uglmat,Adaptive_Mesh_Refinement/ns2d_16_int_1to2_refinement.fds,derived VV/ns2d_16_int_1to2_refinement_uglmat,A-09,T1,rel,1,1,9,29.66,29.43,0,False,yes,600,1.74 2.03 2.06,0.28,2.08,5.67,3.0,2026-09-25T18:20:15-04:00,vv-runs/baseline/gnu_ompi_firex-36975d7/ns2d_16_int_1to2_refinement_uglmat
ns2d_16_int_1to2_refinement__sf17,Adaptive_Mesh_Refinement/ns2d_16_int_1to2_refinement.fds,SIG_FIGS=17 copy,A-09,T1,rel,1,1,31,93.72,93.482,0,False,yes,900,1.62 1.97 2.04,0.31,2.21,5.83,3.0,2026-09-25T18:20:47-04:00,vv-runs/baseline/gnu_ompi_firex-36975d7/ns2d_16_int_1to2_refinement__sf17
ns2d_16_int_1to2_refinement_uglmat__sf17,Adaptive_Mesh_Refinement/ns2d_16_int_1to2_refinement.fds,derived uglmat + SIG_FIGS=17,A-09,T1,rel,1,1,9,30.45,30.222,0,False,yes,600,1.57 1.82 1.97,0.44,1.37,5.49,3.0,2026-09-25T18:22:24-04:00,vv-runs/baseline/gnu_ompi_firex-36975d7/ns2d_16_int_1to2_refinement_uglmat__sf17
ns2d_16_int_1to2_refinement_uglmat__sf17_rep2,Adaptive_Mesh_Refinement/ns2d_16_int_1to2_refinement.fds,"derived uglmat + SIG_FIGS=17, determinism repeat #2",A-09/determinism,T1,rel,1,1,9,30.03,29.793,0,False,yes,600,1.94 1.88 1.99,4.21,1.07,5.72,3.0,2026-09-25T18:22:58-04:00,vv-runs/baseline/gnu_ompi_firex-36975d7/ns2d_16_int_1to2_refinement_uglmat__sf17_rep2
ns2d_16_emb_1to2_refinement,Adaptive_Mesh_Refinement/ns2d_16_emb_1to2_refinement.fds,as committed,A-09,T1,rel,2,1,17,14.82,14.592,0,False,yes,600,1.60 1.84 1.97,0.11,0.92,5.82,36.0,2026-09-25T18:24:04-04:00,vv-runs/baseline/gnu_ompi_firex-36975d7/ns2d_16_emb_1to2_refinement
ns2d_16_emb_1to2_refinement__sf17,Adaptive_Mesh_Refinement/ns2d_16_emb_1to2_refinement.fds,SIG_FIGS=17 copy,A-09,T1,rel,2,1,17,14.73,14.491,0,False,yes,600,1.74 1.85 1.97,1.2,0.88,5.81,3.0,2026-09-25T18:24:22-04:00,vv-runs/baseline/gnu_ompi_firex-36975d7/ns2d_16_emb_1to2_refinement__sf17
ns2d_16_emb_1to1_refinement,Adaptive_Mesh_Refinement/ns2d_16_emb_1to1_refinement.fds,as committed,A-09,T2,rel,2,1,8,3.92,3.691,0,False,yes,600,2.04 1.94 2.00,0.2,0.69,5.62,36.0,2026-09-25T18:25:12-04:00,vv-runs/a09/gnu_ompi_firex-36975d7/ns2d_16_emb_1to1_refinement
ns2d_16_emb_1to1_refinement__sf17,Adaptive_Mesh_Refinement/ns2d_16_emb_1to1_refinement.fds,SIG_FIGS=17 copy,A-09,T2,rel,2,1,8,3.92,3.695,0,False,yes,600,1.96 1.93 1.99,0.47,0.76,5.71,3.0,2026-09-25T18:25:19-04:00,vv-runs/a09/gnu_ompi_firex-36975d7/ns2d_16_emb_1to1_refinement__sf17
ns2d_16_int_1to2_refinement__debug,Adaptive_Mesh_Refinement/ns2d_16_int_1to2_refinement.fds,"as committed, Debug binary (traps invalid/zero/overflow, -fcheck=all bounds)",A-09/debug,A-09,db,1,1,726.88,253.78,253.551,0,False,yes,2180,2.46 2.45 2.20,0.2,1.08,5.21,36.0,2026-09-25T18:29:47-04:00,vv-runs/a09/gnu_ompi_firex-36975d7/ns2d_16_int_1to2_refinement__debug
ns2d_16_int_1to2_refinement_uglmat__debug,Adaptive_Mesh_Refinement/ns2d_16_int_1to2_refinement.fds,"derived uglmat, Debug binary (traps invalid/zero/overflow, -fcheck=all bounds)",A-09/debug,A-09,db,1,1,237.28,130.07,129.84,0,False,yes,711,3.96 3.58 2.73,0.91,2.35,5.52,135.0,2026-09-25T18:36:16-04:00,vv-runs/a09/gnu_ompi_firex-36975d7/ns2d_16_int_1to2_refinement_uglmat__debug
ns2d_16_emb_1to2_refinement__debug,Adaptive_Mesh_Refinement/ns2d_16_emb_1to2_refinement.fds,"as committed, Debug binary (traps invalid/zero/overflow, -fcheck=all bounds)",A-09/debug,A-09,db,2,1,118.56,101.52,101.282,0,False,yes,600,1.44 3.91 3.50,0.54,0.23,5.81,300.0,2026-09-25T18:43:26-04:00,vv-runs/a09/gnu_ompi_firex-36975d7/ns2d_16_emb_1to2_refinement__debug
ns2d_16_emb_1to1_refinement__debug,Adaptive_Mesh_Refinement/ns2d_16_emb_1to1_refinement.fds,"as committed, Debug binary (traps invalid/zero/overflow, -fcheck=all bounds)",A-09/debug,A-09,db,2,1,31.36,33.38,33.153,0,False,yes,600,3.22 3.96 3.57,0.85,0.25,5.32,3.0,2026-09-25T18:45:11-04:00,vv-runs/a09/gnu_ompi_firex-36975d7/ns2d_16_emb_1to1_refinement__debug
obst_activation_default,Pressure_Solver/obst_activation_default.fds,as committed,tier1,T1,rel,4,1,3.0,0.71,0.478,0,False,yes,600,4.01 4.43 4.04,0.34,2.93,5.58,366.0,2026-09-25T18:51:51-04:00,vv-runs/baseline/gnu_ompi_firex-36975d7/obst_activation_default
obst_activation_default__sf17,Pressure_Solver/obst_activation_default.fds,SIG_FIGS=17 copy,tier1,T1,rel,4,1,3.0,0.71,0.479,0,False,yes,600,4.01 4.43 4.04,0.89,2.91,5.57,3.0,2026-09-25T18:51:54-04:00,vv-runs/baseline/gnu_ompi_firex-36975d7/obst_activation_default__sf17
obst_activation_default__sf17_glmat,Pressure_Solver/obst_activation_default.fds,GLMAT copy (FR-002): SIG_FIGS=17 + &PRES SOLVER='GLMAT' + CHID suffix _glmat,tier1/glmat,T1,rel,4,1,3.0,0.95,0.715,0,False,yes,600,3.77 4.37 4.02,0.42,2.9,5.58,3.0,2026-09-25T18:51:58-04:00,vv-runs/baseline/gnu_ompi_firex-36975d7/obst_activation_default__sf17_glmat
obst_activation_ulmat,Pressure_Solver/obst_activation_ulmat.fds,as committed,tier1,T1,rel,4,1,3.0,0.83,0.598,0,False,yes,600,3.47 4.30 4.00,0.57,3.04,5.73,3.0,2026-09-25T18:52:02-04:00,vv-runs/baseline/gnu_ompi_firex-36975d7/obst_activation_ulmat
obst_activation_ulmat__sf17,Pressure_Solver/obst_activation_ulmat.fds,SIG_FIGS=17 copy,tier1,T1,rel,4,1,3.0,0.81,0.574,0,False,yes,600,2.97 3.69 3.81,0.5,0.5,5.13,168.0,2026-09-25T18:54:51-04:00,vv-runs/baseline/gnu_ompi_firex-36975d7/obst_activation_ulmat__sf17
obst_activation_ulmat__sf17_glmat,Pressure_Solver/obst_activation_ulmat.fds,GLMAT copy (FR-002): SIG_FIGS=17 + &PRES SOLVER='GLMAT' + CHID suffix _glmat,tier1/glmat,T1,rel,4,1,3.0,0.9,0.67,0,False,yes,600,2.97 3.69 3.81,0.43,0.48,5.11,3.0,2026-09-25T18:54:55-04:00,vv-runs/baseline/gnu_ompi_firex-36975d7/obst_activation_ulmat__sf17_glmat
divergence_test_3,Flowfields/divergence_test_3.fds,as committed,tier1,T1,rel,4,1,13.0,84.54,84.299,0,False,yes,600,2.73 3.63 3.79,0.26,0.43,5.08,3.0,2026-09-25T18:54:59-04:00,vv-runs/baseline/gnu_ompi_firex-36975d7/divergence_test_3
divergence_test_3__sf17,Flowfields/divergence_test_3.fds,SIG_FIGS=17 copy,tier1,T1,rel,4,1,13.0,79.73,79.498,0,False,yes,600,4.57 4.82 4.26,0.3,0.52,5.41,36.0,2026-09-25T18:56:59-04:00,vv-runs/baseline/gnu_ompi_firex-36975d7/divergence_test_3__sf17
divergence_test_3__sf17_glmat,Flowfields/divergence_test_3.fds,GLMAT copy (FR-002): SIG_FIGS=17 + &PRES SOLVER='GLMAT' + CHID suffix _glmat,tier1/glmat,T1,rel,4,1,13.0,134.72,134.484,0,False,yes,600,4.54 4.70 4.26,0.22,0.75,5.69,3.0,2026-09-25T18:58:22-04:00,vv-runs/baseline/gnu_ompi_firex-36975d7/divergence_test_3__sf17_glmat
divergence_test_2,Flowfields/divergence_test_2.fds,as committed,tier1,T1,rel,1,1,3.0,0.98,0.74,0,False,yes,600,17.94 10.12 6.35,0.2,2.9,5.52,3.0,2026-09-25T19:00:40-04:00,vv-runs/baseline/gnu_ompi_firex-36975d7/divergence_test_2
divergence_test_2__sf17,Flowfields/divergence_test_2.fds,SIG_FIGS=17 copy,tier1,T1,rel,1,1,3.0,0.94,0.718,0,False,yes,600,9.41 8.91 6.10,0.19,2.57,5.49,36.0,2026-09-25T19:01:17-04:00,vv-runs/baseline/gnu_ompi_firex-36975d7/divergence_test_2__sf17
dancing_eddies_1mesh,Pressure_Solver/dancing_eddies_1mesh.fds,as committed,tier1,T1,rel,1,1,46.0,285.4,285.164,0,False,yes,600,8.74 8.78 6.07,0.15,2.59,5.52,3.0,2026-09-25T19:01:21-04:00,vv-runs/baseline/gnu_ompi_firex-36975d7/dancing_eddies_1mesh
dancing_eddies_1mesh__sf17,Pressure_Solver/dancing_eddies_1mesh.fds,SIG_FIGS=17 copy,tier1,T1,rel,1,1,46.0,301.16,300.917,0,False,yes,600,3.79 5.88 5.86,0.79,2.68,5.6,201.0,2026-09-25T19:09:28-04:00,vv-runs/baseline/gnu_ompi_firex-36975d7/dancing_eddies_1mesh__sf17
dancing_eddies_default,Pressure_Solver/dancing_eddies_default.fds,as committed,tier1,T1,rel,4,1,18.0,84.91,84.673,0,False,yes,600,4.50 5.13 5.50,0.25,1.57,5.5,36.0,2026-09-25T19:15:06-04:00,vv-runs/baseline/gnu_ompi_firex-36975d7/dancing_eddies_default
dancing_eddies_default__sf17,Pressure_Solver/dancing_eddies_default.fds,SIG_FIGS=17 copy,tier1,T1,rel,4,1,18.0,82.7,82.447,0,False,yes,600,10.54 7.67 6.41,0.53,2.74,5.4,36.0,2026-09-25T19:17:07-04:00,vv-runs/baseline/gnu_ompi_firex-36975d7/dancing_eddies_default__sf17
dancing_eddies_default__sf17_glmat,Pressure_Solver/dancing_eddies_default.fds,GLMAT copy (FR-002): SIG_FIGS=17 + &PRES SOLVER='GLMAT' + CHID suffix _glmat,tier1/glmat,T1,rel,4,1,18.0,118.0,117.766,0,False,yes,600,6.90 7.08 6.30,0.46,0.67,5.1,3.0,2026-09-25T19:18:33-04:00,vv-runs/baseline/gnu_ompi_firex-36975d7/dancing_eddies_default__sf17_glmat
dancing_eddies_default__sf17_rep2,Pressure_Solver/dancing_eddies_default.fds,"SIG_FIGS=17 copy, determinism repeat #2 (inventory row 24)",tier1/determinism,T1,rel,4,1,18.0,82.22,81.812,0,False,yes,600,1.81 7.45 7.34,1.24,1.25,5.54,201.1,2026-09-25T19:23:52-04:00,vv-runs/baseline/gnu_ompi_firex-36975d7/dancing_eddies_default__sf17_rep2
dancing_eddies_uglmat_refine,Pressure_Solver/dancing_eddies_uglmat_refine.fds,as committed,tier1,T1,rel,4,1,18.0,99.27,99.033,0,False,yes,600,1.86 5.39 6.61,1.87,0.39,5.34,135.0,2026-09-25T19:27:30-04:00,vv-runs/baseline/gnu_ompi_firex-36975d7/dancing_eddies_uglmat_refine
dancing_eddies_uglmat_refine__sf17,Pressure_Solver/dancing_eddies_uglmat_refine.fds,SIG_FIGS=17 copy,tier1,T1,rel,4,1,18.0,98.5,98.262,0,False,yes,600,1.85 4.13 5.91,1.21,1.0,5.51,102.0,2026-09-25T19:30:51-04:00,vv-runs/baseline/gnu_ompi_firex-36975d7/dancing_eddies_uglmat_refine__sf17
obst_coarse_fine_interface,Pressure_Effects/obst_coarse_fine_interface.fds,as committed,tier1,T1,rel,2,1,3.0,1.03,0.799,0,False,yes,600,3.75 4.13 5.71,0.27,0.93,5.56,3.0,2026-09-25T19:32:33-04:00,vv-runs/baseline/gnu_ompi_firex-36975d7/obst_coarse_fine_interface
obst_coarse_fine_interface__sf17,Pressure_Effects/obst_coarse_fine_interface.fds,SIG_FIGS=17 copy,tier1,T1,rel,2,1,3.0,1.01,0.78,0,False,yes,600,3.75 4.13 5.71,0.26,0.94,5.56,3.0,2026-09-25T19:32:37-04:00,vv-runs/baseline/gnu_ompi_firex-36975d7/obst_coarse_fine_interface__sf17
obst_coarse_fine_interface__sf17_np1,Pressure_Effects/obst_coarse_fine_interface.fds,SIG_FIGS=17 copy at 1 rank(s): firebot rank count (inventory uses 2),tier1/altranks,T1,rel,1,1,3.0,0.99,0.765,0,False,yes,600,3.45 4.06 5.68,0.15,0.93,5.56,3.0,2026-09-25T19:32:41-04:00,vv-runs/baseline/gnu_ompi_firex-36975d7/obst_coarse_fine_interface__sf17_np1
random_meshes,Adaptive_Mesh_Refinement/random_meshes.fds,as committed,tier1,T1,rel,4,1,7.0,59.18,58.942,0,False,yes,600,3.17 4.00 5.65,0.63,0.93,5.56,3.0,2026-09-25T19:32:45-04:00,vv-runs/baseline/gnu_ompi_firex-36975d7/random_meshes
random_meshes__sf17,Adaptive_Mesh_Refinement/random_meshes.fds,SIG_FIGS=17 copy,tier1,T1,rel,4,1,7.0,59.91,59.675,0,False,yes,600,3.94 4.04 5.56,0.2,0.89,5.58,3.0,2026-09-25T19:33:47-04:00,vv-runs/baseline/gnu_ompi_firex-36975d7/random_meshes__sf17
lapse_rate,Atmospheric_Effects/lapse_rate.fds,as committed,tier1,T1,rel,4,1,3.0,0.95,0.718,0,False,yes,600,4.64 4.25 5.53,0.14,0.84,5.56,3.0,2026-09-25T19:34:50-04:00,vv-runs/baseline/gnu_ompi_firex-36975d7/lapse_rate
lapse_rate__sf17,Atmospheric_Effects/lapse_rate.fds,SIG_FIGS=17 copy,tier1,T1,rel,4,1,3.0,0.95,0.726,0,False,yes,600,4.27 4.18 5.50,0.21,0.79,5.53,3.0,2026-09-25T19:34:54-04:00,vv-runs/baseline/gnu_ompi_firex-36975d7/lapse_rate__sf17
lapse_rate__sf17_glmat,Atmospheric_Effects/lapse_rate.fds,GLMAT copy (FR-002): SIG_FIGS=17 + &PRES SOLVER='GLMAT' + CHID suffix _glmat,tier1/glmat,T1,rel,4,1,3.0,0.95,0.723,0,False,yes,600,4.25 4.18 5.49,0.14,0.79,5.53,3.0,2026-09-25T19:34:58-04:00,vv-runs/baseline/gnu_ompi_firex-36975d7/lapse_rate__sf17_glmat
lapse_rate__sf17_np1,Atmospheric_Effects/lapse_rate.fds,SIG_FIGS=17 copy at 1 rank(s): firebot rank count (inventory uses 4),tier1/altranks,T1,rel,1,1,3.0,1.03,0.804,0,False,yes,600,4.25 4.18 5.49,0.12,0.8,5.55,3.0,2026-09-25T19:35:02-04:00,vv-runs/baseline/gnu_ompi_firex-36975d7/lapse_rate__sf17_np1
soborot_superbee_square_wave_128,Scalar_Analytical_Solution/soborot_superbee_square_wave_128.fds,as committed,tier1,T1,rel,4,1,5.0,10.67,10.44,0,False,yes,600,3.91 4.11 5.46,0.15,0.77,5.53,3.0,2026-09-25T19:35:06-04:00,vv-runs/baseline/gnu_ompi_firex-36975d7/soborot_superbee_square_wave_128
soborot_superbee_square_wave_128__sf17,Scalar_Analytical_Solution/soborot_superbee_square_wave_128.fds,SIG_FIGS=17 copy,tier1,T1,rel,4,1,5.0,10.99,10.758,0,False,yes,600,3.66 4.04 5.42,0.13,0.64,5.41,3.0,2026-09-25T19:35:20-04:00,vv-runs/baseline/gnu_ompi_firex-36975d7/soborot_superbee_square_wave_128__sf17
soborot_superbee_square_wave_128__sf17_glmat,Scalar_Analytical_Solution/soborot_superbee_square_wave_128.fds,GLMAT copy (FR-002): SIG_FIGS=17 + &PRES SOLVER='GLMAT' + CHID suffix _glmat,tier1/glmat,T1,rel,4,1,5.0,11.1,10.867,0,False,yes,600,3.46 3.97 5.37,0.29,0.66,5.43,3.0,2026-09-25T19:35:34-04:00,vv-runs/baseline/gnu_ompi_firex-36975d7/soborot_superbee_square_wave_128__sf17_glmat
soborot_superbee_square_wave_128__sf17_np1,Scalar_Analytical_Solution/soborot_superbee_square_wave_128.fds,SIG_FIGS=17 copy at 1 rank(s): determinism: 1-vs-4 ranks (inventory row 24),tier1/altranks,T1,rel,1,1,5.0,40.64,40.405,0,False,yes,600,3.80 4.02 5.36,0.19,0.63,5.41,3.0,2026-09-25T19:35:48-04:00,vv-runs/baseline/gnu_ompi_firex-36975d7/soborot_superbee_square_wave_128__sf17_np1
soborot_superbee_square_wave_128_1mesh,Scalar_Analytical_Solution/soborot_superbee_square_wave_128_1mesh.fds,as committed,tier1,T1,rel,1,1,10.0,38.13,37.902,0,False,yes,600,1.76 3.21 4.92,1.2,0.65,5.47,69.0,2026-09-25T19:37:38-04:00,vv-runs/baseline/gnu_ompi_firex-36975d7/soborot_superbee_square_wave_128_1mesh
soborot_superbee_square_wave_128_1mesh__sf17,Scalar_Analytical_Solution/soborot_superbee_square_wave_128_1mesh.fds,SIG_FIGS=17 copy,tier1,T1,rel,1,1,10.0,37.3,37.068,0,False,yes,600,1.82 2.86 4.61,1.2,0.61,5.47,69.0,2026-09-25T19:39:25-04:00,vv-runs/baseline/gnu_ompi_firex-36975d7/soborot_superbee_square_wave_128_1mesh__sf17
ns2d_8,NS_Analytical_Solution/ns2d_8.fds,as committed,tier1,T1,rel,1,1,3.0,0.38,0.15,0,False,yes,600,1.73 2.55 4.31,1.19,0.5,5.46,69.0,2026-09-25T19:41:11-04:00,vv-runs/baseline/gnu_ompi_firex-36975d7/ns2d_8
ns2d_8__sf17,NS_Analytical_Solution/ns2d_8.fds,SIG_FIGS=17 copy,tier1,T1,rel,1,1,3.0,0.38,0.143,0,False,yes,600,1.67 2.52 4.29,1.22,0.51,5.47,3.0,2026-09-25T19:41:15-04:00,vv-runs/baseline/gnu_ompi_firex-36975d7/ns2d_8__sf17
ns2d_8_nupt1,NS_Analytical_Solution/ns2d_8_nupt1.fds,as committed,tier1,T1,rel,1,1,3.0,0.34,0.119,0,False,yes,600,1.78 2.53 4.28,1.28,0.5,5.47,3.0,2026-09-25T19:41:18-04:00,vv-runs/baseline/gnu_ompi_firex-36975d7/ns2d_8_nupt1
ns2d_8_nupt1__sf17,NS_Analytical_Solution/ns2d_8_nupt1.fds,SIG_FIGS=17 copy,tier1,T1,rel,1,1,3.0,0.35,0.12,0,False,yes,600,1.78 2.53 4.28,1.18,0.49,5.46,3.0,2026-09-25T19:41:21-04:00,vv-runs/baseline/gnu_ompi_firex-36975d7/ns2d_8_nupt1__sf17
ns2d_16,NS_Analytical_Solution/ns2d_16.fds,as committed,tier1,T1,rel,1,1,3.0,0.85,0.626,0,False,yes,600,1.72 2.51 4.26,1.22,0.5,5.47,3.0,2026-09-25T19:41:25-04:00,vv-runs/baseline/gnu_ompi_firex-36975d7/ns2d_16
ns2d_16__sf17,NS_Analytical_Solution/ns2d_16.fds,SIG_FIGS=17 copy,tier1,T1,rel,1,1,3.0,0.85,0.623,0,False,yes,600,1.66 2.48 4.25,1.16,0.47,5.44,3.0,2026-09-25T19:41:29-04:00,vv-runs/baseline/gnu_ompi_firex-36975d7/ns2d_16__sf17
ns2d_16_nupt1,NS_Analytical_Solution/ns2d_16_nupt1.fds,as committed,tier1,T1,rel,1,1,3.0,0.72,0.495,0,False,yes,600,1.66 2.48 4.25,1.22,0.48,5.46,3.0,2026-09-25T19:41:32-04:00,vv-runs/baseline/gnu_ompi_firex-36975d7/ns2d_16_nupt1
ns2d_16_nupt1__sf17,NS_Analytical_Solution/ns2d_16_nupt1.fds,SIG_FIGS=17 copy,tier1,T1,rel,1,1,3.0,0.71,0.491,0,False,yes,600,1.61 2.46 4.23,1.27,0.47,5.45,3.0,2026-09-25T19:41:36-04:00,vv-runs/baseline/gnu_ompi_firex-36975d7/ns2d_16_nupt1__sf17
ns2d_32,NS_Analytical_Solution/ns2d_32.fds,as committed,tier1,T1,rel,1,1,4.0,4.02,3.792,0,False,yes,600,1.56 2.43 4.21,1.22,0.45,5.44,3.0,2026-09-25T19:41:40-04:00,vv-runs/baseline/gnu_ompi_firex-36975d7/ns2d_32
ns2d_32__sf17,NS_Analytical_Solution/ns2d_32.fds,SIG_FIGS=17 copy,tier1,T1,rel,1,1,4.0,4.12,3.891,0,False,yes,600,1.59 2.42 4.20,1.16,0.45,5.46,3.0,2026-09-25T19:41:47-04:00,vv-runs/baseline/gnu_ompi_firex-36975d7/ns2d_32__sf17
ns2d_32_nupt1,NS_Analytical_Solution/ns2d_32_nupt1.fds,as committed,tier1,T1,rel,1,1,4.0,3.28,3.053,0,False,yes,600,1.58 2.39 4.17,1.19,0.4,5.44,3.0,2026-09-25T19:41:54-04:00,vv-runs/baseline/gnu_ompi_firex-36975d7/ns2d_32_nupt1
ns2d_32_nupt1__sf17,NS_Analytical_Solution/ns2d_32_nupt1.fds,SIG_FIGS=17 copy,tier1,T1,rel,1,1,4.0,3.24,3.016,0,False,yes,600,1.70 2.40 4.16,1.23,0.39,5.44,3.0,2026-09-25T19:42:00-04:00,vv-runs/baseline/gnu_ompi_firex-36975d7/ns2d_32_nupt1__sf17
ns2d_64,NS_Analytical_Solution/ns2d_64.fds,as committed,tier1,T1,rel,1,1,9.0,28.82,28.581,0,False,yes,600,1.64 2.38 4.15,1.29,0.38,5.45,3.0,2026-09-25T19:42:07-04:00,vv-runs/baseline/gnu_ompi_firex-36975d7/ns2d_64
ns2d_64__sf17,NS_Analytical_Solution/ns2d_64.fds,SIG_FIGS=17 copy,tier1,T1,rel,1,1,9.0,28.46,28.235,0,False,yes,600,1.75 2.32 4.06,2.03,0.35,5.43,3.0,2026-09-25T19:42:38-04:00,vv-runs/baseline/gnu_ompi_firex-36975d7/ns2d_64__sf17
ns2d_64_nupt1,NS_Analytical_Solution/ns2d_64_nupt1.fds,as committed,tier1,T1,rel,1,1,9.0,23.6,23.371,0,False,yes,600,1.72 2.22 3.91,1.19,0.73,5.48,36.0,2026-09-25T19:43:43-04:00,vv-runs/baseline/gnu_ompi_firex-36975d7/ns2d_64_nupt1
ns2d_64_nupt1__sf17,NS_Analytical_Solution/ns2d_64_nupt1.fds,SIG_FIGS=17 copy,tier1,T1,rel,1,1,9.0,23.64,23.409,0,False,yes,600,1.88 2.22 3.86,1.23,0.69,5.44,3.0,2026-09-25T19:44:10-04:00,vv-runs/baseline/gnu_ompi_firex-36975d7/ns2d_64_nupt1__sf17
saad_512_cfl_1,Scalar_Analytical_Solution/saad_512_cfl_1.fds,as committed,tier1,T1,rel,1,1,3.0,2.85,2.622,0,False,yes,600,1.86 2.19 3.80,1.23,0.69,5.45,3.0,2026-09-25T19:44:37-04:00,vv-runs/baseline/gnu_ompi_firex-36975d7/saad_512_cfl_1
saad_512_cfl_1__sf17,Scalar_Analytical_Solution/saad_512_cfl_1.fds,SIG_FIGS=17 copy,tier1,T1,rel,1,1,3.0,2.99,2.761,0,False,yes,600,1.79 2.17 3.79,1.25,0.65,5.43,3.0,2026-09-25T19:44:43-04:00,vv-runs/baseline/gnu_ompi_firex-36975d7/saad_512_cfl_1__sf17
saad_512_cfl_p5,Scalar_Analytical_Solution/saad_512_cfl_p5.fds,as committed,tier1,T1,rel,1,1,4.0,4.78,4.554,0,False,yes,600,1.75 2.14 3.76,1.31,0.65,5.43,3.0,2026-09-25T19:44:49-04:00,vv-runs/baseline/gnu_ompi_firex-36975d7/saad_512_cfl_p5
saad_512_cfl_p5__sf17,Scalar_Analytical_Solution/saad_512_cfl_p5.fds,SIG_FIGS=17 copy,tier1,T1,rel,1,1,4.0,5.0,4.768,0,False,yes,600,1.77 2.14 3.75,1.48,0.65,5.45,3.0,2026-09-25T19:44:56-04:00,vv-runs/baseline/gnu_ompi_firex-36975d7/saad_512_cfl_p5__sf17
saad_512_cfl_p25,Scalar_Analytical_Solution/saad_512_cfl_p25.fds,as committed,tier1,T1,rel,1,1,5.0,8.72,8.491,0,False,yes,600,1.89 2.15 3.63,1.26,0.62,5.46,69.0,2026-09-25T19:46:10-04:00,vv-runs/baseline/gnu_ompi_firex-36975d7/saad_512_cfl_p25
saad_512_cfl_p25__sf17,Scalar_Analytical_Solution/saad_512_cfl_p25.fds,SIG_FIGS=17 copy,tier1,T1,rel,1,1,5.0,8.65,8.426,0,False,yes,600,1.83 2.13 3.61,1.26,0.54,5.42,3.0,2026-09-25T19:46:22-04:00,vv-runs/baseline/gnu_ompi_firex-36975d7/saad_512_cfl_p25__sf17
saad_512_cfl_p125,Scalar_Analytical_Solution/saad_512_cfl_p125.fds,as committed,tier1,T1,rel,1,1,6.0,16.14,15.911,0,False,yes,600,1.80 2.10 3.58,1.2,0.49,5.41,3.0,2026-09-25T19:46:34-04:00,vv-runs/baseline/gnu_ompi_firex-36975d7/saad_512_cfl_p125
saad_512_cfl_p125__sf17,Scalar_Analytical_Solution/saad_512_cfl_p125.fds,SIG_FIGS=17 copy,tier1,T1,rel,1,1,6.0,16.6,16.367,0,False,yes,600,1.85 2.10 3.55,1.18,0.44,5.38,3.0,2026-09-25T19:46:53-04:00,vv-runs/baseline/gnu_ompi_firex-36975d7/saad_512_cfl_p125__sf17
saad_512_cfl_p0625,Scalar_Analytical_Solution/saad_512_cfl_p0625.fds,as committed,tier1,T1,rel,1,1,10.0,30.3,30.077,0,False,yes,600,1.83 2.08 3.51,1.29,0.46,5.41,3.0,2026-09-25T19:47:13-04:00,vv-runs/baseline/gnu_ompi_firex-36975d7/saad_512_cfl_p0625
saad_512_cfl_p0625__sf17,Scalar_Analytical_Solution/saad_512_cfl_p0625.fds,SIG_FIGS=17 copy,tier1,T1,rel,1,1,10.0,29.01,28.78,0,False,yes,600,1.60 1.99 3.38,1.19,0.8,5.45,36.0,2026-09-25T19:48:19-04:00,vv-runs/baseline/gnu_ompi_firex-36975d7/saad_512_cfl_p0625__sf17
shunn3_32,Scalar_Analytical_Solution/shunn3_32.fds,as committed,tier1,T1,rel,1,1,3.0,1.39,1.164,0,False,yes,600,1.83 2.01 3.34,1.28,0.77,5.43,3.0,2026-09-25T19:48:51-04:00,vv-runs/baseline/gnu_ompi_firex-36975d7/shunn3_32
shunn3_32__sf17,Scalar_Analytical_Solution/shunn3_32.fds,SIG_FIGS=17 copy,tier1,T1,rel,1,1,3.0,1.39,1.162,0,False,yes,600,1.77 1.99 3.33,1.2,0.78,5.45,3.0,2026-09-25T19:48:56-04:00,vv-runs/baseline/gnu_ompi_firex-36975d7/shunn3_32__sf17
shunn3_64,Scalar_Analytical_Solution/shunn3_64.fds,as committed,tier1,T1,rel,1,1,5.0,5.58,5.34,0,False,yes,600,1.79 1.99 3.32,1.19,0.76,5.44,3.0,2026-09-25T19:49:00-04:00,vv-runs/baseline/gnu_ompi_firex-36975d7/shunn3_64
shunn3_64__sf17,Scalar_Analytical_Solution/shunn3_64.fds,SIG_FIGS=17 copy,tier1,T1,rel,1,1,5.0,5.55,5.318,0,False,yes,600,1.75 1.98 3.30,1.19,0.73,5.43,3.0,2026-09-25T19:49:09-04:00,vv-runs/baseline/gnu_ompi_firex-36975d7/shunn3_64__sf17
shunn3_128,Scalar_Analytical_Solution/shunn3_128.fds,as committed,tier1,T1,rel,1,1,20.0,40.24,40.008,0,False,yes,600,1.62 1.95 3.19,1.21,0.73,5.47,69.0,2026-09-25T19:50:23-04:00,vv-runs/baseline/gnu_ompi_firex-36975d7/shunn3_128
shunn3_128__sf17,Scalar_Analytical_Solution/shunn3_128.fds,SIG_FIGS=17 copy,tier1,T1,rel,1,1,20.0,40.7,40.467,0,False,yes,600,1.93 1.99 3.15,1.15,0.67,5.42,3.0,2026-09-25T19:51:07-04:00,vv-runs/baseline/gnu_ompi_firex-36975d7/shunn3_128__sf17
shunn3_4mesh_128,Scalar_Analytical_Solution/shunn3_4mesh_128.fds,as committed,tier1,T1,rel,4,1,9.0,8.51,8.259,0,False,yes,600,1.84 1.97 3.04,1.33,0.65,5.11,36.0,2026-09-25T19:52:24-04:00,vv-runs/baseline/gnu_ompi_firex-36975d7/shunn3_4mesh_128
shunn3_4mesh_128__sf17,Scalar_Analytical_Solution/shunn3_4mesh_128.fds,SIG_FIGS=17 copy,tier1,T1,rel,4,1,9.0,8.18,7.948,0,False,yes,600,1.80 1.96 3.00,1.28,0.58,5.03,36.0,2026-09-25T19:53:08-04:00,vv-runs/baseline/gnu_ompi_firex-36975d7/shunn3_4mesh_128__sf17
shunn3_4mesh_128__sf17_glmat,Scalar_Analytical_Solution/shunn3_4mesh_128.fds,GLMAT copy (FR-002): SIG_FIGS=17 + &PRES SOLVER='GLMAT' + CHID suffix _glmat,tier1/glmat,T1,rel,4,1,9.0,11.06,10.827,0,False,yes,600,1.84 1.98 2.95,1.83,0.63,5.07,36.0,2026-09-25T19:53:52-04:00,vv-runs/baseline/gnu_ompi_firex-36975d7/shunn3_4mesh_128__sf17_glmat
energy_budget_tmix,Energy_Budget/energy_budget_tmix.fds,as committed,tier1,T1,rel,1,1,3.0,1.97,1.745,0,False,yes,600,1.68 2.02 2.86,1.32,0.9,4.8,102.0,2026-09-25T19:55:46-04:00,vv-runs/baseline/gnu_ompi_firex-36975d7/energy_budget_tmix
energy_budget_tmix__sf17,Energy_Budget/energy_budget_tmix.fds,SIG_FIGS=17 copy,tier1,T1,rel,1,1,3.0,2.02,1.788,0,False,yes,600,1.63 2.00 2.85,1.26,0.91,4.82,3.0,2026-09-25T19:55:51-04:00,vv-runs/baseline/gnu_ompi_firex-36975d7/energy_budget_tmix__sf17
species_conservation_1,Flowfields/species_conservation_1.fds,as committed,tier1,T1,rel,1,1,6.0,18.01,17.774,0,False,yes,600,1.58 1.99 2.84,1.23,0.9,4.82,3.0,2026-09-25T19:55:56-04:00,vv-runs/baseline/gnu_ompi_firex-36975d7/species_conservation_1
species_conservation_1__sf17,Flowfields/species_conservation_1.fds,SIG_FIGS=17 copy,tier1,T1,rel,1,1,6.0,17.96,17.725,0,False,yes,600,1.71 1.99 2.82,1.84,0.82,4.75,3.0,2026-09-25T19:56:17-04:00,vv-runs/baseline/gnu_ompi_firex-36975d7/species_conservation_1__sf17
species_conservation_2,Flowfields/species_conservation_2.fds,as committed,tier1,T1,rel,1,1,4.0,2.97,2.744,0,False,yes,600,1.88 2.01 2.81,1.31,0.51,4.56,3.0,2026-09-25T19:56:38-04:00,vv-runs/baseline/gnu_ompi_firex-36975d7/species_conservation_2
species_conservation_2__sf17,Flowfields/species_conservation_2.fds,SIG_FIGS=17 copy,tier1,T1,rel,1,1,4.0,2.88,2.66,0,False,yes,600,1.81 1.99 2.80,1.25,0.74,4.8,3.0,2026-09-25T19:56:44-04:00,vv-runs/baseline/gnu_ompi_firex-36975d7/species_conservation_2__sf17
1_step_2_step_compare,Species/1_step_2_step_compare.fds,as committed,tier1,T1,rel,4,1,41.0,51.06,50.827,0,False,yes,600,1.84 1.99 2.79,1.26,0.73,4.8,3.0,2026-09-25T19:56:49-04:00,vv-runs/baseline/gnu_ompi_firex-36975d7/1_step_2_step_compare
1_step_2_step_compare__sf17,Species/1_step_2_step_compare.fds,SIG_FIGS=17 copy,tier1,T1,rel,4,1,41.0,50.54,50.308,0,False,yes,600,1.92 2.22 2.78,1.38,0.5,4.61,102.0,2026-09-25T19:59:23-04:00,vv-runs/baseline/gnu_ompi_firex-36975d7/1_step_2_step_compare__sf17
1_step_2_step_compare__sf17_np1,Species/1_step_2_step_compare.fds,SIG_FIGS=17 copy at 1 rank(s): chaotic case: alternate rank count (test-plan 3.4.3/3.4.5),tier1/altranks,T1,rel,1,1,41.0,187.1,186.863,0,False,yes,600,1.80 2.30 2.74,1.22,0.71,5.02,102.0,2026-09-25T20:01:55-04:00,vv-runs/baseline/gnu_ompi_firex-36975d7/1_step_2_step_compare__sf17_np1
restart_test1a,Restart/restart_test1a.fds,as committed,tier1/restart,T1,rel,1,1,10,36.52,36.294,0,False,yes,600,1.82 2.19 2.61,1.22,0.71,5.05,36.0,2026-09-25T20:05:38-04:00,vv-runs/baseline/gnu_ompi_firex-36975d7/restart_test1a
restart_test1b,Restart/restart_test1b.fds,as committed; restart from restart_test1a outputs (CHID restart_test1a),tier1/restart,T1,rel,1,1,17,43.67,43.441,0,False,yes,600,1.64 2.08 2.54,1.17,0.46,5.03,36.0,2026-09-25T20:06:51-04:00,vv-runs/baseline/gnu_ompi_firex-36975d7/restart_test1b
restart_test1_continuous,Restart/restart_test1a.fds,"derived VV/restart_test1_continuous (copy of 1a, T_END=10, no DT_RESTART)",tier1/restart,T1,rel,1,1,17,56.83,56.608,0,False,yes,600,1.83 2.09 2.51,1.18,0.83,5.07,36.0,2026-09-25T20:08:11-04:00,vv-runs/baseline/gnu_ompi_firex-36975d7/restart_test1_continuous
restart_test1a__sf17,Restart/restart_test1a.fds,SIG_FIGS=17 copy,tier1/restart,T1,rel,1,1,10,35.63,35.395,0,False,yes,600,1.94 2.07 2.47,1.17,0.74,5.07,3.0,2026-09-25T20:09:11-04:00,vv-runs/baseline/gnu_ompi_firex-36975d7/restart_test1a__sf17
restart_test1b__sf17,Restart/restart_test1b.fds,SIG_FIGS=17 copy; restart from restart_test1a__sf17 outputs (CHID restart_test1a),tier1/restart,T1,rel,1,1,17,44.25,44.021,0,False,yes,600,1.97 2.06 2.45,2.52,0.15,4.64,3.0,2026-09-25T20:09:49-04:00,vv-runs/baseline/gnu_ompi_firex-36975d7/restart_test1b__sf17
restart_test1_continuous__sf17,Restart/restart_test1a.fds,"derived VV/restart_test1_continuous (copy of 1a, T_END=10, no DT_RESTART) + SIG_FIGS=17",tier1/restart,T1,rel,1,1,17,56.85,56.622,0,False,yes,600,1.80 2.01 2.40,1.17,0.63,5.03,36.0,2026-09-25T20:11:10-04:00,vv-runs/baseline/gnu_ompi_firex-36975d7/restart_test1_continuous__sf17
shunn3_4mesh_32,Scalar_Analytical_Solution/shunn3_4mesh_32.fds,"as committed (multi-mesh original, A-24)",A-24/multimesh,A-24,rel,4,1,20,0.6,0.366,0,False,yes,600,1.63 1.96 2.34,1.21,0.85,5.06,69.0,2026-09-25T20:13:16-04:00,vv-runs/baseline/gnu_ompi_firex-36975d7/shunn3_4mesh_32
shunn3_4mesh_32__sf17,Scalar_Analytical_Solution/shunn3_4mesh_32.fds,"SIG_FIGS=17 copy (multi-mesh original, A-24)",A-24/multimesh,A-24,rel,4,1,20,0.59,0.36,0,False,yes,600,1.98 2.03 2.36,1.18,0.81,5.02,3.0,2026-09-25T20:13:20-04:00,vv-runs/baseline/gnu_ompi_firex-36975d7/shunn3_4mesh_32__sf17
shunn3_4mesh_32__1mesh,Scalar_Analytical_Solution/shunn3_4mesh_32.fds,"derived single-mesh copy (A-24): all MESH lines merged into one mesh, same domain and cell size; CHID unchanged; 1 rank",A-24/1mesh,A-24,rel,1,1,80,1.2,0.972,0,False,yes,600,1.98 2.03 2.36,1.21,0.81,5.04,3.0,2026-09-25T20:13:23-04:00,vv-runs/baseline/gnu_ompi_firex-36975d7/shunn3_4mesh_32__1mesh
shunn3_4mesh_32__1mesh_sf17,Scalar_Analytical_Solution/shunn3_4mesh_32.fds,derived single-mesh copy (A-24) + SIG_FIGS=17,A-24/1mesh,A-24,rel,1,1,80,1.19,0.959,0,False,yes,600,1.90 2.01 2.35,1.28,0.81,5.04,3.0,2026-09-25T20:13:27-04:00,vv-runs/baseline/gnu_ompi_firex-36975d7/shunn3_4mesh_32__1mesh_sf17
dancing_eddies_default__1mesh,Pressure_Solver/dancing_eddies_default.fds,"derived single-mesh copy (A-24): all MESH lines merged into one mesh, same domain and cell size; CHID unchanged; 1 rank",A-24/1mesh,A-24,rel,1,1,72,261.54,261.299,0,False,yes,600,1.83 2.00 2.34,1.19,0.82,5.06,3.0,2026-09-25T20:13:32-04:00,vv-runs/baseline/gnu_ompi_firex-36975d7/dancing_eddies_default__1mesh
dancing_eddies_default__1mesh_sf17,Pressure_Solver/dancing_eddies_default.fds,derived single-mesh copy (A-24) + SIG_FIGS=17,A-24/1mesh,A-24,rel,1,1,72,272.42,272.187,0,False,yes,600,1.77 2.20 2.35,1.2,1.41,5.04,69.0,2026-09-25T20:19:02-04:00,vv-runs/baseline/gnu_ompi_firex-36975d7/dancing_eddies_default__1mesh_sf17
symmetry_test_mpi,Flowfields/symmetry_test_mpi.fds,"as committed (multi-mesh original, A-24)",A-24/multimesh,A-24,rel,8,1,35,36.09,35.85,0,False,yes,600,1.60 2.03 2.24,1.19,1.78,5.03,36.0,2026-09-25T20:24:11-04:00,vv-runs/baseline/gnu_ompi_firex-36975d7/symmetry_test_mpi
symmetry_test_mpi__sf17,Flowfields/symmetry_test_mpi.fds,"SIG_FIGS=17 copy (multi-mesh original, A-24)",A-24/multimesh,A-24,rel,8,1,35,42.2,41.956,0,False,yes,600,1.70 2.34 2.37,1.2,1.73,5.05,135.0,2026-09-25T20:27:02-04:00,vv-runs/baseline/gnu_ompi_firex-36975d7/symmetry_test_mpi__sf17
symmetry_test_mpi__1mesh,Flowfields/symmetry_test_mpi.fds,"derived single-mesh copy (A-24): all MESH lines merged into one mesh, same domain and cell size; CHID unchanged; 1 rank",A-24/1mesh,A-24,rel,1,1,280,15.39,15.161,0,False,yes,1260,1.98 2.68 2.53,1.21,1.64,5.03,102.0,2026-09-25T20:29:27-04:00,vv-runs/baseline/gnu_ompi_firex-36975d7/symmetry_test_mpi__1mesh
symmetry_test_mpi__1mesh_sf17,Flowfields/symmetry_test_mpi.fds,derived single-mesh copy (A-24) + SIG_FIGS=17,A-24/1mesh,A-24,rel,1,1,280,14.99,14.767,0,False,yes,1260,1.90 2.56 2.50,1.25,1.08,4.5,36.0,2026-09-25T20:30:18-04:00,vv-runs/baseline/gnu_ompi_firex-36975d7/symmetry_test_mpi__1mesh_sf17
layer_1mesh,Miscellaneous/layer_1mesh.fds,as committed (A-24 single-mesh reference used as is),A-24/1mesh,A-24,rel,1,1,56,93.99,93.757,0,False,yes,600,1.87 2.50 2.48,1.19,1.59,5.03,3.0,2026-09-25T20:30:36-04:00,vv-runs/baseline/gnu_ompi_firex-36975d7/layer_1mesh
layer_1mesh__sf17,Miscellaneous/layer_1mesh.fds,SIG_FIGS=17 copy,A-24/1mesh,A-24,rel,1,1,56,89.79,89.558,0,False,yes,600,1.93 2.37 2.43,1.18,1.57,5.04,36.0,2026-09-25T20:32:46-04:00,vv-runs/baseline/gnu_ompi_firex-36975d7/layer_1mesh__sf17
restart_test1a__sf17_rep2,Restart/restart_test1a.fds,"SIG_FIGS=17 copy, repeat (restart repeatability calibration)",calib/restart,calib,rel,1,1,10,35.07,34.832,0,False,yes,600,1.57 2.14 2.34,1.22,1.55,5.03,36.0,2026-09-25T20:35:01-04:00,vv-runs/calib/gnu_ompi_firex-36975d7/restart_test1a__sf17_rep2
restart_test1b__sf17_rep2,Restart/restart_test1b.fds,"SIG_FIGS=17 copy, repeat; restart from restart_test1a__sf17_rep2",calib/restart,calib,rel,1,1,17,44.03,43.806,0,False,yes,600,1.94 2.17 2.34,1.15,1.32,5.02,3.0,2026-09-25T20:35:39-04:00,vv-runs/calib/gnu_ompi_firex-36975d7/restart_test1b__sf17_rep2
