key,owner,status,note
routine:DIVERGENCE_PART_1,GPU Generator Engineer,claimed,DIVERGENCE_PART_1 nests and the zone sums (exact fixed-point sum switch); a rule for every open loop of the routine unless a row below names the loop
L0365,GPU Generator Engineer,in progress,partly translated; further inner nests are in the shared worktree as uncommitted sidecar entries (not counted)
L0369,GPU Generator Engineer,in progress,partly translated; further inner nests are in the shared worktree as uncommitted sidecar entries (not counted)
L0366,GPU Generator Engineer,in progress,uncommitted sidecar entry rho_d_maxloc_fix covers divg.f90:245-258 (not counted)
L0381,GPU Generator Engineer,claimed,partly translated (dp_species); callee nest open
L1375,GPU Generator Engineer,claimed,EVALUATE_RAMP callee (blocked-loop-families O1)
L1392,GPU Generator Engineer,claimed,deferred: K,I nest with J fixed (O1)
L1393,GPU Generator Engineer,claimed,deferred: K,I nest with J fixed (O1)
L1376,GPU Generator Engineer,translated,edge-table nest (vflux_fvx)
L1377,GPU Generator Engineer,translated,edge-table nest (vflux_fvy)
L1378,GPU Generator Engineer,translated,edge-table nest (vflux_fvz)
L1390,GPU Mesh Data Loops Engineer,translated,PATCH_VELOCITY_FLUX three nests (pvf_fvx pvf_fvy pvf_fvz) plus the host launch rule
L1366,GPU Mesh Data Loops Engineer,in progress,EXTERNAL_WALL(IW)%NOM designator support is committed on the s5-wall branch only (not merged); the loop is not translated
L1363,GPU Mesh Data Loops Engineer,claimed,O2 neighbour-mesh loop
L1364,GPU Mesh Data Loops Engineer,claimed,O2 neighbour-mesh loop
L1367,GPU Mesh Data Loops Engineer,claimed,O2 neighbour-mesh loop
L1399,GPU Mesh Data Loops Engineer,claimed,O2 neighbour-mesh loop
L1402,GPU Wall Loops Engineer,claimed,O3 wall-subscript stores; queued after the per-surface tables
L1359,GPU Wall Loops Engineer,claimed,SP2 ghost mirror (highest wall index wins); queued after the per-surface tables
L0375,GPU Wall Loops Engineer,claimed,SP3 accumulation through wall subscripts (CSR gather)
L1358,GPU Wall Loops Engineer,claimed,SP1 CELL_COUNTER running average (CSR gather)
L0394,GPU Wall Loops Engineer,translated,wall_bc_dp on the s5-wall branch (P3 solid-cell DP correction); Solid Phase claim released
L0405,GPU Wall Loops Engineer,translated,wall_spec_adv2 on the s5-wall branch (S3 wall accumulate); Solid Phase claim released
L0880,Legacy Mapper,in progress,S2 package: the four mass-flux wall nests are finished but not committed to s5-gen; counted in the coverage figure
L0882,Legacy Mapper,in progress,S2 package: the four mass-flux wall nests are finished but not committed to s5-gen; counted in the coverage figure
L0401,Legacy Mapper,claimed,"S2 package; wall nest with pointer scratch and array constructors; Sign-off (Species & Combustion Lead, combustion/02-signoffs-patch0003-gather-mp5.md, section ""MP5 Z_TEMP pad""): patch 0001 ACCEPT with one physics note (0 pad gives MP5 a fake far-side value; match it on the device; low priority)"
L0403,Legacy Mapper,claimed,S2 package
L0398,Legacy Mapper,claimed,"S2 package (and S3 wall accumulate); Sign-off (Species & Combustion Lead, combustion/02-signoffs-patch0003-gather-mp5.md, section ""MP5 Z_TEMP pad""): patch 0002 ACCEPT with the same physics note"
L0876,Legacy Mapper,claimed,"S1 scatter (two-pass gather); Sign-off (Species & Combustion Lead, combustion/02-signoffs-patch0003-gather-mp5.md, section ""Patch 0003"", request 2): do the same two-pass split for this density loop in a second patch; clip gather prototype conditions as for L0877"
L0877,Legacy Mapper,claimed,"S1 scatter (two-pass gather); the update nest is already translated; Sign-off (Species & Combustion Lead, combustion/02-signoffs-patch0003-gather-mp5.md, sections ""Patch 0003"" and ""Clip gather prototype""): patch 0003 ACCEPT (scatter order, rounding, flag and threading checked); non-blocking request: mesh-persistent scratch instead of a per-call ALLOCATE (about 60 bytes per cell); clip gather prototype ACCEPT as the S1 device path with conditions (a) explicit left-to-right sum over -3..3, (b) integer reductions for NCLIP/NLO/NHI, (c) time a case with many clipped cells"
L1355,Legacy Mapper,claimed,cell-loop batch (Vreman)
L1315,Legacy Mapper,claimed,cell-loop batch (TEST_FILTER)
L1316,Legacy Mapper,claimed,cell-loop batch (TEST_FILTER)
L1356,Legacy Mapper,claimed,cell-loop batch (WALE)
L1321,Legacy Mapper,claimed,cell-loop batch (VARDEN_DYNSMAG)
L0878,AMR Species & Combustion Lead,translated,translatable-now cell loop; own tests; translated on s5-gen by the species and mass cell-loop kernels (see s5_markers.toml); own bitwise tests
L0865,AMR Species & Combustion Lead,translated,translatable-now cell loop; own tests; translated on s5-gen by the species and mass cell-loop kernels (see s5_markers.toml); own bitwise tests
L0874,AMR Species & Combustion Lead,translated,translatable-now cell loop; own tests; translated on s5-gen by the species and mass cell-loop kernels (see s5_markers.toml); own bitwise tests
L0881,AMR Species & Combustion Lead,translated,translatable-now cell loop; own tests; translated on s5-gen by the species and mass cell-loop kernels (see s5_markers.toml); own bitwise tests
L0402,AMR Species & Combustion Lead,translated,translatable-now cell loop; own tests; translated on s5-gen by the species and mass cell-loop kernels (see s5_markers.toml); own bitwise tests
L0872,AMR Species & Combustion Lead,translated,translatable-now cell loop; own tests; translated on s5-gen by the species and mass cell-loop kernels (see s5_markers.toml); own bitwise tests
L0879,AMR Species & Combustion Lead,translated,translatable-now cell loop; own tests; translated on s5-gen by the species and mass cell-loop kernels (see s5_markers.toml); own bitwise tests
L0608,AMR Species & Combustion Lead,translated,idempotent B1-alias marker store; translated on s5-gen by the species and mass cell-loop kernels (see s5_markers.toml); own bitwise tests
L1488,AMR Solid Phase Lead,claimed,wall translation plan in docs/amrex/wall-bc-translation-plan.md
L1489,AMR Solid Phase Lead,claimed,wall translation plan in docs/amrex/wall-bc-translation-plan.md
L1485,AMR Solid Phase Lead,claimed,wall translation plan in docs/amrex/wall-bc-translation-plan.md
L0823,AMR Solid Phase Lead,claimed,host-side event code (REASSIGN_WALL_CELLS); the device deliverable is a table-refresh trigger (wall-bc-translation-plan.md section 11); no device kernel planned
L1486,AMR Solid Phase Lead,claimed,WALL_BC ghost values loop 1; wall-bc-translation-plan.md
L1487,AMR Solid Phase Lead,claimed,WALL_BC thin-wall loop 0; wall-bc-translation-plan.md
L1239,AMR Radiation Lead,claimed,"R1 zero of Q_RAD_IN where TMP_GAS_FRONT<=0; needs the B1_PRESENT wall-table flag (radiation 00-r1-signoff); kernel rad_wall_qin_zero is already in the committed radiation sidecar; Sign-off (Radiation Lead, radiation/00-r1-signoff.md section 2): ACCEPT; line numbers re-verified radi.f90:3887-3893"
L1243,AMR Radiation Lead,translated,"R1 open-boundary Q_RAD_IN; blocked on the ragged BR_ILW(NRA bands wall) table; per-band temporary starting at +0; Sign-off (Radiation Lead, radiation/00-r1-signoff.md section 2): ACCEPT WITH CHANGE (per-band temporary; flat chain fails bitwise); line numbers re-verified radi.f90:4965-4974; translated by kernel wall_open_qin (radi.f90:4961-4970, per-band temporary, SUM order of the verbatim loop checked bitwise) with wall_open_qin_wl; in the s5-four kernel set"
L1248,AMR Radiation Lead,claimed,"R1 INTERPOLATE_IL wall loop; low priority and host first; blocked on the ragged BR_ILW table; keep the ILW_OLD copy; Sign-off (Radiation Lead, radiation/00-r1-signoff.md section 2): ACCEPT WITH CHANGE, low priority, host acceptable (keep ILW_OLD copy); line numbers re-verified radi.f90:3651-3662"
L1245,AMR Radiation Lead,not planned (host),"R1 RADF file write; host code; Sign-off (Radiation Lead, radiation/00-r1-signoff.md section 2): ACCEPT as host code; line numbers re-verified radi.f90:5048-5063"
L1211,AMR Pressure Backend Implementer,claimed,"Poisson RHS PRHS, 3-D non-cylindrical branch for IPS 1/4/7 (pres.f90:250-260, FireX 36975d7). Plan: independent CPU reference in Source/pressure_backend (fds_loops) tested bitwise against the verbatim upstream lines compiled with gfortran; generator kernel entry (closest dp_kdtd) left to the generator owners. IPS 2,3,5,6 (L1212-L1214, transposed store) not covered: the AMR route keeps the natural layout"
L1207,AMR Pressure Backend Implementer,claimed,"P = RHOP*(HP-KRES) over the full box incl. ghost cells (pres.f90:758-764). Plan as L1211; closest kernel baro_p_rrho (velo.f90:3254-3261). Trap: bounds 0:IBP1 in every direction, RHOP is allocated -1:IBP1+1"
L1215,AMR Pressure Backend Implementer,not planned (retired),"Retired/replaced (FR-037): pressure_backend writes H (phi, valid cells) directly, so the copy of PRHS into HP after the FFT solve (IPS 1,4,7; pres.f90:394-400) has no counterpart; the driver's valid-cell copy phi to H (TimeLoop.cpp solve_level0) is a plain MultiFab copy and no generator kernel. Same reasoning applies to the transposed copies L1216-L1218 (not claimed here)"
L1220,AMR Pressure Backend Implementer,claimed,"H boundary fill in x from BXS/BXF with the LBC codes (pres.f90:450-462). Hand-written host code in Source/pressure_backend (front end takes K,J,I nests only), tagged with the loop id and line range; verbatim-Fortran bitwise test"
L1221,AMR Pressure Backend Implementer,claimed,H boundary fill in y from BYS/BYF with the MBC codes (pres.f90:466-477). Hand-written host code as L1220
L1222,AMR Pressure Backend Implementer,claimed,H boundary fill in z from BZS/BZF with the NBC codes (pres.f90:481-492). Hand-written host code as L1220
L1209,AMR Pressure Backend Implementer,claimed,Poisson boundary arrays BXS..BZF from wall data (pres.f90:65-228). Host code against the driver's ghost-exchange data: neighbour spacing and the EVALUATE_RAMP callee are passed in by the caller; NIC>1 branches are not reached in the AMR route (D-072). Consumer: the inhomogeneous boundary-data fold helper (frozen/m2-notes.md)
L1242,AMR Radiation Lead,claimed,"hand-written, FR-062, D-073: sweep kernels in s5_rad_sweep/s5rad_sweep.toml (drift check check_sweep_drift.py, 30 copy blocks, 17 omitted ranges pinned at bee11f0329); deliberately not a markers sidecar entry, so the generator holds no kernel or golden for it and it does not count in the generated-translated percentage"
L1470,AMR Solid Phase Lead,claimed,HT3D_TEMPERATURE_EXCHANGE loop 1 (wall.f90:3635-3677); blocked on neighbour-mesh data (T4) and on the HT3D deferral in the fine-level plan
L1471,AMR Solid Phase Lead,claimed,HT3D_TEMPERATURE_EXCHANGE loop 2 (wall.f90:3681-3717); blocked on neighbour-mesh data (T4) and on the HT3D deferral in the fine-level plan
L1452,AMR Solid Phase Lead,claimed,ASSIGN_GHOST_VALUE (wall.f90:319-339); blocked on neighbour-mesh data (T4)
