rank,loop_id,file_lines,routine,modelled_share_pct,domain,required_features,blocker_class,blocker,status,work_class,owner,proposed_owner,closest_kernel,what,evidence,kernels
1,L0365,divg.f90:128-235,DIVERGENCE_PART_1,7.679,other,"species loop N outermost; function callees (INTERPOLATE1D_UNIFORM, TENSOR_DIFFUSIVITY_MODEL); table column alias D_Z(:,N)",generator gap,inner nests rho_d_dzd (171-182) and wall_rho_d_dzdn (192-232) are translated; the interpolation nest 133-140 and the call at 187 are not (uncommitted sidecar entries exist),in progress,claimed,GPU Generator Engineer,,"rho_d_dzd, wall_rho_d_dzdn","DIVERGENCE_PART_1 diffusive flux: species loop N holding the interpolation nest, a wall nest and a TENSOR_DIFFUSIVITY_MODEL call","read: divg.f90:128-140, 186-196",rho_d_dzd;wall_rho_d_dzdn;d_z_max;rho_d_interp
,L0880,mass.f90:65-192,MASS_FINITE_DIFFERENCES,4.832,mass,"wall gather; pointer scratch/array constructors (U_TEMP, F_TEMP, Z_TEMP); function callees (GET_SCALAR_FACE_VALUE_PT); off-wall face writes",none,"translated: rho_z_p_mass, mass_wall_zz plus the whole-field limiter kernels gsfv_* (call-site dispatch)",translated,translated,Legacy Mapper,,gsfv_* and rho_z_p_mass (cell nest),MASS_FINITE_DIFFERENCES flux: species loop with a cell nest (translated) and a wall nest with pointer scratch,doc: blocked-loop-families S2,rho_z_p_mass;mass_wall_zz
2,L0401,divg.f90:995-1088,SPECIES_ADVECTION_PART_1_NEW,3.260,species/combustion,wall gather; pointer scratch/array constructors; function callees (GET_SCALAR_FACE_VALUE_PT); Z_TEMP pad of the fourth element,MP5 wall element (upstream patch),"kernels rho_z_p_divg and spec_wall_zz are committed; the MP5 limiter reads a fourth wall element that the upstream wall nest leaves unset, so the bitwise claim for MP5 waits for upstream patches 0001/0002",claimed,claimed,Legacy Mapper,,"gsfv_*, rho_z_p_divg",SPECIES_ADVECTION_PART_1_NEW: cell nest (translated) and wall nest with pointer scratch,doc: blocked-loop-families S2,rho_z_p_divg;spec_wall_zz
3,L1488,wall.f90:144-185,WALL_BC,2.688,wall/BC,"wall gather; function callees (SURFACE_HEAT_TRANSFER, CALCULATE_ZZ_F, ...); ragged per-wall table (BOUNDARY_ONE_D); scratch-sum reference (OBSTRUCTION%MASS, D_SOURCE)",callee flatten (T3),SP4: hand port with generator help; shared-state sums need the ordered-sum reference,claimed,claimed,AMR Solid Phase Lead,,wall_up_ghost (per-wall store),"WALL_BC: wall heat transfer, gas side",doc: blocked-loop-families SP4,
4,L0369,divg.f90:287-421,DIVERGENCE_PART_1,2.399,other,species loop N outermost; cell loop nests,generator gap,inner nest h_rho_d_dzd (298-312) is translated; the nests 390-402 and 408-416 are not committed (uncommitted sidecar entries exist),in progress,claimed,GPU Generator Engineer,,"h_rho_d_dzd, dp_kdtd",DIVERGENCE_PART_1 enthalpy flux: species loop N holding several cell nests,"read: divg.f90:287-300, 390-421",h_rho_d_dzd;dp_div_heat;del_rho_d_del_z
5,L0877,mass.f90:868-939,CHECK_MASS_DENSITY,1.967,mass,species loop N outermost; scatter into 7 cells (two-pass gather in source order); CYCLE; integer max-reduction CLIP_RHO_ZZ(N),race-uniqueness,S1: the scatter stays on the host until the two-pass gather exists,claimed,claimed,Legacy Mapper,,"rho_zz_clip_assign, delta_rho_zz_zero","CHECK_MASS_DENSITY: species loop, scatter nest into DELTA_RHO_ZZ and neighbours, update nest (translated)",doc: blocked-loop-families S1,rho_zz_clip_assign;delta_rho_zz_zero
6,L1485,wall.f90:888-947,SURFACE_HEAT_TRANSFER,1.832,solid phase,wall gather; neighbour-mesh (OMESH copies through EWC%IIO_MIN..KKO_MAX); ragged per-wall table,neighbour mesh (T4),SP4; highest churn upstream,claimed,claimed,AMR Solid Phase Lead,,none,SURFACE_HEAT_TRANSFER: convective and radiative wall heat,doc: blocked-loop-families SP4,
7,L0823,init.f90:4940-5054,REASSIGN_WALL_CELLS,1.727,solid phase,"host-side event code (burn-away, control-driven creation or removal); allocation and derived-type copies",host-side event code,"runs only when an obstruction is created or removed; the device deliverable is a table-refresh trigger (counter patch, wall-bc-translation-plan section 11)",claimed,host-side,AMR Solid Phase Lead,,none,REASSIGN_WALL_CELLS: obstruction creation and removal re-types wall cells,doc: wall-bc-translation-plan section 11,
8,L0381,divg.f90:640-660,DIVERGENCE_PART_1,1.491,other,"species loop N outermost; function callees (SPECIES_ADVECTION_PART_2, GET_SENSIBLE_ENTHALPY_Z); guarded call SET_EXIMRHOZZLIM_3D",generator gap,inner nest dp_species (646-655) is translated; the outer loop and the callee calls are host code,claimed,claimed,GPU Generator Engineer,,dp_species,"DIVERGENCE_PART_1 species term: species loop N with SPECIES_ADVECTION_PART_2 call, DP update nest, CC_IBM call",read: divg.f90:640-660,dp_species
9,L1355,velo.f90:204-252,COMPUTE_VISCOSITY,1.467,velocity,"cell loop; private local arrays A_IJ(3,3), B_IJ(3,3) with inner 3x3 loops; live-out scalars (PRIVATE list); module scalar C_VREMAN as argument",generator gap,front end rejects the scalars DUDX.. as possibly read afterwards,claimed,claimed,Legacy Mapper,,"mu_dns (private ZZ_GET), kres",Vreman eddy viscosity cell loop,read: velo.f90:204-252,
10,L1489,wall.f90:192-194,WALL_BC,1.370,wall/BC,thin-wall loop (not a wall loop); function callees (SOLID_HEAT_TRANSFER); ragged per-wall table (BOUNDARY_ONE_D); one shared event (OBSTRUCTION%MASS=-1 for a burned-through thin wall),callee flatten (T3),"SP4: translate with the 1-D solve (wall-bc-translation-plan section 8); CALC_DEPOSITION and CALC_HVAC_BC are called in L1488 (wall.f90:173, 178), not here",claimed,claimed,AMR Solid Phase Lead,,wall_up_ghost,"WALL_BC: lateral 1-D solve of thin obstructions (DO ITW=1,N_THIN_WALL_CELLS; CALL SOLID_HEAT_TRANSFER(...,THIN_WALL_INDEX=ITW))",read: wall.f90:192-194,
11,L1272,soot.f90:54-175,SETTLING_VELOCITY,1.325,species/combustion,"species loop N outermost; per-species table (SPECIES_MIXTURE(N)%...); function callees (GET_VISCOSITY, GET_CONDUCTIVITY, CUNNINGHAM); wall gather (constant stores); WORK7..WORK9 aliasing",table needed,S4: split into three kernels,open,needs-feature,,AMR Species & Combustion Lead,"mu_dns, wall_up_ghost","SETTLING_VELOCITY: species loop with face nest, wall zeroing and update nest",doc: blocked-loop-families S4,
,L1390,velo.f90:1081-1198,PATCH_VELOCITY_FLUX,1.270,pressure,face loop; box on the host; SOLID mask; launch order = device order,none,"translated: pvf_fvx, pvf_fvy, pvf_fvz plus the host launch rule",translated,translated,GPU Mesh Data Loops Engineer,,pvf_fvx,"PATCH_VELOCITY_FLUX: velocity patch forcing, three face nests",read: README_pvf.md,pvf_fvx;pvf_fvy;pvf_fvz;pvf_fvx;pvf_fvy;pvf_fvz
12,L1363,velo.f90:2891-3015,MATCH_VELOCITY_FLUX,0.994,wall/BC,wall gather; neighbour-mesh (OMESH),neighbour mesh (T4),O2,claimed,claimed,GPU Mesh Data Loops Engineer,,none,MATCH_VELOCITY_FLUX: neighbour-mesh velocity match,doc: blocked-loop-families O2,
13,L1367,velo.f90:1858-1897,VELOCITY_BC,0.795,wall/BC,wall gather; neighbour-mesh (OMESH US/VS/WS),neighbour mesh (T4),O2,claimed,claimed,GPU Mesh Data Loops Engineer,,none,VELOCITY_BC: tangential velocity from the neighbour mesh,doc: blocked-loop-families O2,
14,L1399,velo.f90:514-550,VISCOSITY_BC,0.710,wall/BC,wall gather; neighbour-mesh (OMESH MU),neighbour mesh (T4),O2,claimed,claimed,GPU Mesh Data Loops Engineer,,none,VISCOSITY_BC: wall viscosity from the neighbour mesh,doc: blocked-loop-families O2,
15,L0384,divg.f90:696-716,DIVERGENCE_PART_1,0.658,other,species inner loop; source function (VD2D_MMS_Z_SRC); pointer SM,test-only,runs only under IF (PERIODIC_TEST==7) (divg.f90:693); modelled share overstated,not planned (test-only),test-only,GPU Generator Engineer,,none,manufactured-solution source in DP (PERIODIC_TEST==7 only),read: divg.f90:693-716,
16,L0876,mass.f90:799-849,CHECK_MASS_DENSITY,0.599,mass,"K,J nest; scatter into 7 cells (two-pass gather)",race-uniqueness,S1,claimed,claimed,Legacy Mapper,,rho_zz_clip_assign,"CHECK_MASS_DENSITY: DELTA_RHO scatter, K,J-only nest",doc: blocked-loop-families S1,
17,L1305,turb.f90:1796-1861,SYNTHETIC_TURBULENCE,0.572,velocity,cell/face loop; non-perfect nest (outer loop),table needed,"loop nest ['NV'] at line 1796 is not a perfect K,J,I nest, nor an index loop (N) around one (collapse contract) (inventory)",open,needs-feature,,,zz_corr (species N outermost),,inventory,
18,L1470,wall.f90:3635-3677,HT3D_TEMPERATURE_EXCHANGE,0.500,solid phase,wall gather; ragged per-wall table (BOUNDARY_THR_D); store into TMP,neighbour mesh (T4),SP4,open,blocked,,AMR Solid Phase Lead,none,"HT3D_TEMPERATURE_EXCHANGE: 3-D conduction exchange, loop 1",doc: blocked-loop-families SP4,
19,L1471,wall.f90:3681-3717,HT3D_TEMPERATURE_EXCHANGE,0.465,solid phase,wall gather; ragged per-wall table (BOUNDARY_THR_D),neighbour mesh (T4),SP4; separate pass after the 1-D solve,open,blocked,,AMR Solid Phase Lead,none,HT3D_TEMPERATURE_EXCHANGE: loop 2 (two-sided thin wall),doc: blocked-loop-families SP4,
20,L1364,velo.f90:1376-1400,NO_FLUX,0.426,pressure,"wall gather; neighbour-mesh (OMESH(NOM)%H/HS); overlap sum in K,J,I order then divide",neighbour mesh (T4),"needs the exchange-buffer layout (ADR-001); the sum keeps its K,J,I order",claimed,claimed,GPU Mesh Data Loops Engineer,,none (new); pvf_* for the host rule,NO_FLUX: HP ghost value from the neighbour mesh (average over the overlap),read: velo.f90:1376-1400,
21,L1486,wall.f90:109-119,WALL_BC,0.407,wall/BC,"wall gather; function callees (ASSIGN_GHOST_VALUE, NEAR_SURFACE_GAS_VARIABLES)",callee flatten (T3),SP4; the per-surface tables of NEAR_SURFACE_GAS_VARIABLES are in progress elsewhere,claimed,claimed,AMR Solid Phase Lead,,wall_up_ghost,"WALL_BC: ghost values, loop 1",doc: blocked-loop-families SP4,
22,L1487,wall.f90:124-137,WALL_BC,0.354,wall/BC,wall gather; function callees,callee flatten (T3),SP4,claimed,claimed,AMR Solid Phase Lead,,wall_up_ghost,WALL_BC: wall loop 2,doc: blocked-loop-families SP4,
23,L1365,velo.f90:1404-1459,NO_FLUX,0.347,pressure,obstruction box loop (outer N over OBSTRUCTION); CELL%SOLID mask on both cells; pointer re-aim HP=>H/HS (hoist); PREDICTOR switch as argument,generator gap,"outer loop over obstructions is not a K,J,I nest; overlapping obstructions write the same bits to a face (value depends on the face only), so IDEMPOTENT fits",open,needs-feature,,AMR Pressure Solver Lead,"pvf_fvx (box and SOLID mask, host launches one kernel per box), vpred_us (HP gradient form)",NO_FLUX: FVX/FVY/FVZ driven to zero inside obstructions (three face nests per obstruction),read: velo.f90:1404-1459,
24,L1389,velo.f90:1048-1054,MMS_VELOCITY_FLUX,0.325,velocity,face loop; source function,test-only,called only if PERIODIC_TEST==7 (velo.f90:842),not planned (test-only),test-only,,,none,manufactured-solution force in FVZ (PERIODIC_TEST==7 only),"read: velo.f90:842, 1034-1056",
25,L1388,velo.f90:1040-1046,MMS_VELOCITY_FLUX,0.315,velocity,cell loop; source function,test-only,called only if PERIODIC_TEST==7 (velo.f90:842),not planned (test-only),test-only,,,none,manufactured-solution force in FVX (PERIODIC_TEST==7 only),"read: velo.f90:842, 1034-1056",
26,L0822,init.f90:4917-4936,REASSIGN_WALL_CELLS,0.310,solid phase,host-side event code; neighbour-mesh reads,host-side event code,"event-driven, same routine as L0823; host side, covered by the table-refresh trigger",open,host-side,,,none,REASSIGN_WALL_CELLS: external wall cells without an obstruction (neighbour-mesh part),doc: wall-bc-translation-plan section 11,
,L0882,mass.f90:224-320,MASS_FINITE_DIFFERENCES,0.302,mass,wall gather; pointer scratch/array constructors; whole-array assignment in the loop body; off-wall face writes,none,translated: mass_wall_rmw,translated,translated,Legacy Mapper,,gsfv_*,MASS_FINITE_DIFFERENCES wall nest for Z=0 (RMW),doc: blocked-loop-families S2,mass_wall_rmw
27,L1315,turb.f90:979-995,TEST_FILTER,0.284,velocity,cell/face loop; live-out scalars (PRIVATE list),generator gap,"scalar N is written in the loop and may be read afterwards (turb.f90:1009: DO N = - 1, 1); not in an upstream !$OMP PRIV (inventory)",claimed,claimed,Legacy Mapper,,"kres (velo.f90:285-294), vcorr_u",,inventory,
28,L1316,turb.f90:1003-1019,TEST_FILTER,0.284,velocity,cell/face loop; live-out scalars (PRIVATE list),generator gap,"scalar N is written in the loop and may be read afterwards (turb.f90:1033: DO N = - 1, 1); not in an upstream !$OMP PRIV (inventory)",claimed,claimed,Legacy Mapper,,"kres (velo.f90:285-294), vcorr_u",,inventory,
29,L1317,turb.f90:1027-1043,TEST_FILTER,0.284,velocity,cell/face loop; rank/subscript contract,generator gap,"array ORIG subscript 1 is I+L, expected I+/-constant (layout contract) (inventory)",open,needs-feature,,,"kres (velo.f90:285-294), vcorr_u",,inventory,
,L0363,divg.f90:1675-1711,CHECK_DIVERGENCE,0.272,pressure,reductions/CYCLE,none,translated: div_extrema,translated,translated,,,div_extrema,CHECK_DIVERGENCE: residual and divergence extrema with locations,read: divg.f90:1675-1711,div_extrema
30,L0398,divg.f90:835-939,ENTHALPY_ADVECTION_NEW,0.260,species/combustion,wall gather; pointer scratch/array constructors; CSR cell-to-wall gather (ascending IW); pointer remap U_TEMP=>U_WORK,pointer scratch (S2),S2 and S3: accumulate through the wall gas-cell subscript,claimed,claimed,Legacy Mapper,,"gsfv_*, CSR family (not built)",ENTHALPY_ADVECTION_NEW wall loop with accumulate into U_DOT_DEL_RHO_H_S,"doc: blocked-loop-families S2, S3",
,L1376,velo.f90:662-714,VELOCITY_FLUX,0.226,velocity,cell/face loop; wall gather; edge tables,neighbour mesh (T4),needs neighbour-mesh or ragged per-wall data (inventory),translated,translated,GPU Generator Engineer,,"wall_up_ghost, wall_us_pred",,inventory,vflux_fvx
,L1377,velo.f90:720-772,VELOCITY_FLUX,0.226,velocity,cell/face loop; wall gather; edge tables,neighbour mesh (T4),needs neighbour-mesh or ragged per-wall data (inventory),translated,translated,GPU Generator Engineer,,"wall_up_ghost, wall_us_pred",,inventory,vflux_fvy
,L1378,velo.f90:778-830,VELOCITY_FLUX,0.226,velocity,cell/face loop; wall gather; edge tables,neighbour mesh (T4),needs neighbour-mesh or ragged per-wall data (inventory),translated,translated,GPU Generator Engineer,,"wall_up_ghost, wall_us_pred",,inventory,vflux_fvz
31,L1452,wall.f90:319-339,ASSIGN_GHOST_VALUE,0.199,wall/BC,wall gather; neighbour-mesh,neighbour mesh (T4),SP4,open,blocked,,AMR Solid Phase Lead,none,ASSIGN_GHOST_VALUE: ghost values from the neighbour mesh,doc: blocked-loop-families SP4,
,L0403,divg.f90:1120-1183,SPECIES_ADVECTION_PART_1_NEW,0.193,species/combustion,wall gather; pointer scratch/array constructors; whole-array assignment in the loop body,pointer scratch (S2),S2,translated,translated,Legacy Mapper,,gsfv_*,SPECIES_ADVECTION_PART_1_NEW wall nest (second pass),doc: blocked-loop-families S2,spec_wall_rmw
32,L1356,velo.f90:256-279,COMPUTE_VISCOSITY,0.187,velocity,"cell loop; function callees (WALE_VISCOSITY, array dummy A_IJ); module scalar C_WALE as argument",generator gap,callee WALE_VISCOSITY reads module variable C_WALE,claimed,claimed,Legacy Mapper,,mu_dns (callee GET_VISCOSITY),WALE eddy viscosity cell loop,read: velo.f90:256-279,
,L0399,divg.f90:946-966,ENTHALPY_ADVECTION_NEW,0.185,species/combustion,cell loop; per-cell six-flag mask WALL_INDEX (cell_int table); POINTER result dummies,table needed,"S3: WALL_INDEX table; the s5-wall branch has the cell_int table (commit 47ae4b281d), not merged",translated,translated,,,rho_z_p_divg (cell nest),ENTHALPY_ADVECTION_NEW cell loop reading CELL%WALL_INDEX(+-n),doc: blocked-loop-families S3,cell_adv_hs
,L0406,divg.f90:1269-1289,SPECIES_ADVECTION_PART_2,0.185,species/combustion,"cell loop; per-cell six-flag mask WALL_INDEX (cell_int table); UU, VV, WW pointers set by the caller",table needed,S3: as L0399,translated,translated,,,rho_z_p_divg,SPECIES_ADVECTION_PART_2 cell loop reading CELL%WALL_INDEX(+-n),doc: blocked-loop-families S3,cell_adv_zz
33,L0861,mass.f90:484-495,DENSITY,0.171,mass,cell loop; source function,test-only,IF (PERIODIC_TEST==7) at mass.f90:483,not planned (test-only),test-only,,,none,"manufactured-solution species source, predictor (PERIODIC_TEST==7 only)",read: mass.f90:483-495,
34,L0870,mass.f90:666-677,DENSITY,0.171,mass,cell loop; source function,test-only,IF (PERIODIC_TEST==7) at mass.f90:665,not planned (test-only),test-only,,,none,"manufactured-solution species source, corrector (PERIODIC_TEST==7 only)",read: mass.f90:665-677,
,L0859,mass.f90:442-455,DENSITY,0.128,mass,cell/face loop,generator gap,flat-array cell loop; blockers (if any) are mesh-array views or loop-affine writes only (inventory),translated,translated,,,"kres (velo.f90:285-294), vcorr_u",,inventory,zzs_pred
,L0860,mass.f90:462-472,DENSITY,0.128,mass,cell/face loop,generator gap,flat-array face loop; blockers (if any) are mesh-array views or loop-affine writes only (inventory),translated,translated,,,"kres (velo.f90:285-294), vcorr_u",,inventory,adv_flux_store
,L0868,mass.f90:619-632,DENSITY,0.128,mass,cell/face loop,generator gap,flat-array cell loop; blockers (if any) are mesh-array views or loop-affine writes only (inventory),translated,translated,,,"kres (velo.f90:285-294), vcorr_u",,inventory,zz_corr
,L0869,mass.f90:650-660,DENSITY,0.128,mass,cell/face loop,generator gap,flat-array face loop; blockers (if any) are mesh-array views or loop-affine writes only (inventory),translated,translated,,,"kres (velo.f90:285-294), vcorr_u",,inventory,adv_flux_avg
,L0883,mass.f90:328-350,MASS_FINITE_DIFFERENCES,0.128,mass,cell/face loop; reductions/CYCLE,generator gap,"flagged reduction_intrinsic, write_derived_index: not provably loop-affine from the survey sites (marker assertion, chec (inventory)",translated,translated,,,"flux_mw_fix (MAXLOC), cfl_max / div_extrema (extrema)",,inventory,flux_mw_fix
,L0404,divg.f90:1191-1213,SPECIES_ADVECTION_PART_1_NEW,0.111,species/combustion,cell/face loop; reductions/CYCLE,generator gap,"flagged reduction_intrinsic, write_derived_index: not provably loop-affine from the survey sites (marker assertion, chec (inventory)",translated,translated,,,"flux_mw_fix (MAXLOC), cfl_max / div_extrema (extrema)",,inventory,flux_mw_fix_zz
35,L1321,turb.f90:501-534,VARDEN_DYNSMAG,0.105,velocity,cell/face loop; bounds: policy.arrays line,generator gap,layout = exact: no ALLOCATE(M%X(...)) in init.f90/read.f90 for UP (storage ['TURB_WORK1']); add policy.arrays.UP (inventory),claimed,claimed,Legacy Mapper,,"kres (velo.f90:285-294), vcorr_u",,inventory,
36,L0878,mass.f90:947-961,CHECK_MASS_DENSITY,0.100,mass,"cell loop; reductions (SUM, MAXLOC per cell); CYCLE on solid; array-section update",none,front end accepts; no bitwise test committed,claimed,claimed,AMR Species & Combustion Lead,,"flux_mw_fix, rho_sum",per-cell SUM/MAXLOC renormalisation of RHO_ZZ (CHECK_MASS_DENSITY),read: mass.f90:947-961,
37,L0364,divg.f90:93-95,DIVERGENCE_PART_1,0.099,other,wall loop; wall gather; function callees; module scalar as argument,callee flatten (T3),a callee reads derived-type components (inventory),claimed,claimed,GPU Generator Engineer,,"wall_up_ghost, wall_us_pred",,inventory,
38,L1360,velo.f90:413-435,COMPUTE_STRAIN_RATE,0.089,velocity,cell loop; live-out scalars (PRIVATE list),generator gap,front end rejects DUDX.. as possibly read afterwards,open,needs-feature,,,"wall_strain_rate, vflux_vort_tau",strain-rate cell loop (STRAIN_RATE),read: velo.f90:413-435,
39,L1121,pres.f90:4012-4026,CHECK_UNSUPPORTED_MESH,0.086,pressure,mesh/rank loop; MY_RANK test,blocked,mesh loop with process test; host,open,blocked,,AMR Pressure Solver Lead,none,Dirichlet-set check over meshes (set-up check),read: pres.f90:4012-4026,
,L1374,velo.f90:619-639,VELOCITY_FLUX,0.079,velocity,cell loop,none,translated: vflux_vort_tau,translated,translated,,,vflux_vort_tau,vorticity and stress tensor (VELOCITY_FLUX),read: velo.f90:619-639,vflux_vort_tau
40,L0397,divg.f90:814-822,ENTHALPY_ADVECTION_NEW,0.077,species/combustion,"cell loop; bounds -1:IBP1+1 (policy.arrays); function callees (GET_SENSIBLE_ENTHALPY); array-section copy ZZ_GET(1:N)=ZZP(I,J,K,1:N); DOT_PRODUCT over a table section",generator gap,"front end rejects the DOT_PRODUCT section H_SENS_Z(ITMP+1,1:NS)",open,needs-feature,,AMR Species & Combustion Lead,"mu_dns (ZZ_GET private, table callee)",RHO_H_S_P = RHOP*H_S over the extended box,read: divg.f90:814-822,
,L0366,divg.f90:245-258,DIVERGENCE_PART_1,0.074,other,"cell loop; reductions (MAXLOC, SUM in source order)",none,front end accepts; no bitwise test committed,translated,translated,GPU Generator Engineer,,"flux_mw_fix (mass.f90:328-350), flux_mw_fix_zz",MAXLOC fix of RHO_D_DZDX/Y/Z,read: divg.f90:245-258,rho_d_maxloc_fix
,L0374,divg.f90:512-523,DIVERGENCE_PART_1,0.074,other,cell/face loop,generator gap,flat-array face loop; blockers (if any) are mesh-array views or loop-affine writes only (inventory),translated,translated,GPU Generator Engineer,,"kres (velo.f90:285-294), vcorr_u",,inventory,kdtd
,L0656,func.f90:1414-1435,GET_SCALAR_FACE_VALUE,0.074,mass,cell/face loop; pointer alias,generator gap,"pointer U is associated outside the routine (no `U => ...` before line 1414, not set by POINT_TO_MESH, not set by a CALL (inventory)",translated,translated,,,"kres (velo.f90:285-294), vcorr_u",,inventory,gsfv_charm
,L0657,func.f90:1439-1453,GET_SCALAR_FACE_VALUE,0.074,mass,cell/face loop; pointer scratch/array constructors,generator gap,whole-array assignment inside a loop body: V (inventory),translated,translated,,,gsfv_* (func.f90:1348-1453) and wall_rho_d_dzdn (divg.f90:192-232),,inventory,gsfv_mp5
,L1347,velo.f90:3059-3080,CHECK_STABILITY,0.074,velocity,cell/face loop; reductions/CYCLE,generator gap,"flagged reduction_intrinsic: not provably loop-affine from the survey sites (marker assertion, checked by the generator' (inventory)",translated,translated,,,"flux_mw_fix (MAXLOC), cfl_max / div_extrema (extrema)",,inventory,cfl_max
,L0370,divg.f90:435-443,DIVERGENCE_PART_1,0.071,other,cell/face loop,generator gap,flat-array cell loop; blockers (if any) are mesh-array views or loop-affine writes only (inventory),translated,translated,GPU Generator Engineer,,"kres (velo.f90:285-294), vcorr_u",,inventory,cp_rhg
41,L0865,mass.f90:556-564,DENSITY,0.071,mass,cell loop; CYCLE on solid; function callees (GET_SPECIFIC_GAS_CONSTANT); array-section copy,none,front end accepts; no bitwise test committed,claimed,claimed,AMR Species & Combustion Lead,,"rsum_pred (mass.f90:527-534), mu_dns",RSUM from ZZS (corrector prep),read: mass.f90:556-564,
42,L0874,mass.f90:738-746,DENSITY,0.071,mass,"cell loop; CYCLE on solid; function callees (GET_SPECIFIC_GAS_CONSTANT); array-section copy ZZ_GET(1:N)=ZZ(I,J,K,1:N)",none,front end accepts; no bitwise test committed,claimed,claimed,AMR Species & Combustion Lead,,"rsum_pred (mass.f90:527-534), mu_dns",RSUM from ZZ for the corrector (GET_SPECIFIC_GAS_CONSTANT per cell),read: mass.f90:738-746,
43,L0881,mass.f90:201-209,MASS_FINITE_DIFFERENCES,0.071,mass,cell loop; bounds -1:IBP1+1; function callees (GET_MOLECULAR_WEIGHT); array-section copy,none,front end accepts; no bitwise test committed,claimed,claimed,AMR Species & Combustion Lead,,"mu_dns (private ZZ_GET, table callee)",RHO_RMW = RHOP/MW_G over the extended box,read: mass.f90:201-209,
44,L0371,divg.f90:463-471,DIVERGENCE_PART_1,0.068,other,cell/face loop,none,front end accepts; no bitwise test committed,claimed,claimed,GPU Generator Engineer,,"kres (velo.f90:285-294), vcorr_u",,inventory,
45,L1309,turb.f90:1323-1345,TENSOR_DIFFUSIVITY_MODEL,0.068,velocity,cell/face loop; live-out scalars (PRIVATE list); reductions/CYCLE,generator gap,"scalar RHOBAR is written in the loop and may be read afterwards (turb.f90:1350: RHOBAR = 0.5_EB * (RHOP(I, J, K) + RHOP( (inventory)",open,needs-feature,,,"flux_mw_fix (MAXLOC), cfl_max / div_extrema (extrema)",,inventory,
46,L1310,turb.f90:1347-1369,TENSOR_DIFFUSIVITY_MODEL,0.068,velocity,cell/face loop; live-out scalars (PRIVATE list); reductions/CYCLE,generator gap,"scalar RHOBAR is written in the loop and may be read afterwards (turb.f90:1374: RHOBAR = 0.5_EB * (RHOP(I, J, K) + RHOP( (inventory)",open,needs-feature,,,"flux_mw_fix (MAXLOC), cfl_max / div_extrema (extrema)",,inventory,
47,L1311,turb.f90:1371-1393,TENSOR_DIFFUSIVITY_MODEL,0.068,velocity,cell/face loop; live-out scalars (PRIVATE list); reductions/CYCLE,generator gap,"scalar DWDX is written in the loop and may be read afterwards (turb.f90:1462: DWDX = (WW(I + 1, J, K) - WW(I - 1, J, K)) (inventory)",open,needs-feature,,,"flux_mw_fix (MAXLOC), cfl_max / div_extrema (extrema)",,inventory,
48,L1312,turb.f90:1414-1434,TENSOR_DIFFUSIVITY_MODEL,0.063,velocity,cell/face loop; live-out scalars (PRIVATE list),generator gap,"scalar DTDX is written in the loop and may be read afterwards (turb.f90:1443: DTDX = 0.25_EB * RDX(I) * (TMP(I + 1, J, K (inventory)",open,needs-feature,,,"kres (velo.f90:285-294), vcorr_u",,inventory,
49,L1313,turb.f90:1436-1456,TENSOR_DIFFUSIVITY_MODEL,0.063,velocity,cell/face loop; live-out scalars (PRIVATE list),generator gap,"scalar DTDX is written in the loop and may be read afterwards (turb.f90:1466: DTDX = 0.25_EB * RDX(I) * (TMP(I + 1, J, K (inventory)",open,needs-feature,,,"kres (velo.f90:285-294), vcorr_u",,inventory,
50,L1314,turb.f90:1458-1479,TENSOR_DIFFUSIVITY_MODEL,0.063,velocity,cell/face loop,none,front end accepts; no bitwise test committed,open,translatable-now,,,"kres (velo.f90:285-294), vcorr_u",,inventory,
51,L0402,divg.f90:1097-1105,SPECIES_ADVECTION_PART_1_NEW,0.062,species/combustion,cell loop; bounds -1:IBP1+1; function callees (GET_MOLECULAR_WEIGHT); array-section copy,none,front end accepts; no bitwise test committed,claimed,claimed,AMR Species & Combustion Lead,,"mu_dns, rho_z_p_divg (divg.f90:998-1004)",RHO_RMW = RHOP/MW_G over the extended box (species advection),read: divg.f90:1097-1105,
52,L1358,velo.f90:306-351,COMPUTE_VISCOSITY,0.056,velocity,wall loop; wall gather; function callees; module scalar as argument,table needed,"callee WALE_VISCOSITY uses module variable C_WALE (Sym(C_WALE REAL(EB) [] dims= module:GLOBAL_CONSTANTS)), no rule for i (inventory)",claimed,claimed,GPU Wall Loops Engineer,,"wall_up_ghost, wall_us_pred",,inventory,
53,L1366,velo.f90:1463-1559,NO_FLUX,0.056,pressure,wall gather; face write through wall subscripts; EXTERNAL_WALL(IW)%NOM designator (EW_NOM); B1 alias U_NORMAL/U_NORMAL_S; module scalar PRES_FLAG as argument; SELECT on IOR,race-uniqueness,two wall records can name one face (a thin pair writes FVX(II) from IOR=1 and from IOR=-1 of the next cell): the last wall index would win; the owner must prove or gather,in progress,claimed,GPU Mesh Data Loops Engineer,,"wall_us_pred, wall_un_store (velo.f90:3347-3408)",NO_FLUX: FVX/FVY/FVZ at walls toward the specified normal velocity,read: velo.f90:1463-1559,
,L0654,func.f90:1372-1389,GET_SCALAR_FACE_VALUE,0.053,mass,cell/face loop; pointer alias,generator gap,"pointer U is associated outside the routine (no `U => ...` before line 1372, not set by POINT_TO_MESH, not set by a CALL (inventory)",translated,translated,,,"kres (velo.f90:285-294), vcorr_u",,inventory,gsfv_superbee
,L0655,func.f90:1393-1410,GET_SCALAR_FACE_VALUE,0.053,mass,cell/face loop; pointer alias,generator gap,"pointer U is associated outside the routine (no `U => ...` before line 1393, not set by POINT_TO_MESH, not set by a CALL (inventory)",translated,translated,,,"kres (velo.f90:285-294), vcorr_u",,inventory,gsfv_minmod
54,L1372,velo.f90:1770-1778,VELOCITY_CORRECTOR,0.049,pressure,cell loop; source function,test-only,guard is PERIODIC_TEST==7 .AND. .FALSE. (velo.f90:1769): never executes,not planned (test-only),test-only,,,none,manufactured-solution U in VELOCITY_CORRECTOR (dead code),read: velo.f90:1769-1788,
55,L1373,velo.f90:1779-1787,VELOCITY_CORRECTOR,0.049,pressure,face loop; source function,test-only,guard is PERIODIC_TEST==7 .AND. .FALSE. (velo.f90:1769): never executes,not planned (test-only),test-only,,,none,manufactured-solution W in VELOCITY_CORRECTOR (dead code),read: velo.f90:1769-1788,
56,L1397,velo.f90:1648-1656,VELOCITY_PREDICTOR,0.049,pressure,cell loop; source function,test-only,guard is PERIODIC_TEST==7 .AND. .FALSE. (velo.f90:1647): never executes,not planned (test-only),test-only,,,none,manufactured-solution U in VELOCITY_PREDICTOR (dead code),read: velo.f90:1647-1666,
57,L1398,velo.f90:1657-1665,VELOCITY_PREDICTOR,0.049,pressure,face loop; source function,test-only,guard is PERIODIC_TEST==7 .AND. .FALSE. (velo.f90:1647): never executes,not planned (test-only),test-only,,,none,manufactured-solution W in VELOCITY_PREDICTOR (dead code),read: velo.f90:1647-1666,
,L0375,divg.f90:532-554,DIVERGENCE_PART_1,0.042,other,wall loop; wall gather; wall-subscript write (UNIQUE or gather),race-uniqueness,"write through wall subscripts, no uniqueness proof (inventory)",translated,translated,GPU Wall Loops Engineer,,"wall_us_pred, wall_un_store (velo.f90:3347-3408)",,inventory,wall_corr_kdtd
,L0394,divg.f90:1574-1604,DIVERGENCE_PART_2,0.042,pressure,wall gather; CSR cell-to-wall gather (ascending IW); alias BOUNDARY_PROP1(WC%BC_INDEX) not B1_INDEX,race-uniqueness,P3: several walls add into one solid cell; CSR consumer,translated,translated,GPU Wall Loops Engineer,,wall_kp_ghost (wall store); CSR family not built,DIVERGENCE_PART_2: DP correction at solid cells from walls,doc: blocked-loop-families P3,wall_bc_dp
,L0405,divg.f90:1237-1266,SPECIES_ADVECTION_PART_2,0.042,species/combustion,wall loop; wall gather; pointer alias,table needed,"pointer UU is associated outside the routine (no `UU => ...` before line 1237, not set by POINT_TO_MESH, not set by a CA (inventory)",translated,translated,GPU Wall Loops Engineer,,"wall_up_ghost, wall_us_pred",,inventory,wall_spec_adv2
58,L0379,divg.f90:608-616,DIVERGENCE_PART_1,0.037,other,cell/face loop; rank/subscript contract,generator gap,array R_PBAR has rank 2 (inventory),claimed,claimed,GPU Generator Engineer,,"kres (velo.f90:285-294), vcorr_u",,inventory,
,L0400,divg.f90:1301-1319,MERGE_PRESSURE_ZONES,0.037,pressure,wall gather; rank-2 table CONNECTED_ZONES; idempotent flag stores,table needed,P2: rank-2 integer array has no table kind,translated,translated,,,wall_us_pred (IDEMPOTENT marker),MERGE_PRESSURE_ZONES: CONNECTED_ZONES flags,doc: blocked-loop-families P2,wall_connect_zones
59,L1275,turb.f90:819-831,CALC_VARDEN_LEONARD_TERM,0.037,velocity,cell/face loop; bounds: policy.arrays line,generator gap,layout = exact: no ALLOCATE(M%X(...)) in init.f90/read.f90 for RUU_HAT (storage ['TURB_WORK4']); add policy.arrays.RUU_H (inventory),open,needs-feature,,,"kres (velo.f90:285-294), vcorr_u",,inventory,
60,L1323,turb.f90:633-645,VARDEN_DYNSMAG,0.037,velocity,cell/face loop; bounds: policy.arrays line,generator gap,layout = exact: no ALLOCATE(M%X(...)) in init.f90/read.f90 for SSHAT (storage ['TURB_WORK10']); add policy.arrays.SSHAT (inventory),open,needs-feature,,,"kres (velo.f90:285-294), vcorr_u",,inventory,
,L1349,velo.f90:3121-3134,CHECK_STABILITY,0.037,velocity,cell/face loop,generator gap,flat-array cell loop; blockers (if any) are mesh-array views or loop-affine writes only (inventory),translated,translated,,,"kres (velo.f90:285-294), vcorr_u",,inventory,vn_max
,L1361,velo.f90:440-483,COMPUTE_STRAIN_RATE,0.035,velocity,wall loop; wall gather; wall-subscript write (UNIQUE or gather),race-uniqueness,"write through wall subscripts, no uniqueness proof (inventory)",translated,translated,,,"wall_us_pred, wall_un_store (velo.f90:3347-3408)",,inventory,wall_strain_rate
,L0867,mass.f90:595-608,DENSITY,0.031,mass,wall loop,generator gap,wall loop over WALL/BOUNDARY_COORD/BOUNDARY_PROP1/EXTERNAL_WALL scalar components only: the generator maps them to the f (inventory),translated,translated,,,"kres (velo.f90:285-294), vcorr_u",,inventory,wall_uvw_interp_corr
,L1350,velo.f90:80-88,COMPUTE_VISCOSITY,0.030,velocity,cell/face loop,generator gap,flat-array cell loop; blockers (if any) are mesh-array views or loop-affine writes only (inventory),translated,translated,,,"kres (velo.f90:285-294), vcorr_u",,inventory,mu_dns
,L0858,mass.f90:424-436,DENSITY,0.029,mass,wall loop,generator gap,wall loop over WALL/BOUNDARY_COORD/BOUNDARY_PROP1/EXTERNAL_WALL scalar components only: the generator maps them to the f (inventory),translated,translated,,,"kres (velo.f90:285-294), vcorr_u",,inventory,wall_uvw_interp
,L0862,mass.f90:505-512,DENSITY,0.029,mass,cell/face loop; reductions/CYCLE,generator gap,"flagged reduction_intrinsic: not provably loop-affine from the survey sites (marker assertion, checked by the generator' (inventory)",translated,translated,,,"flux_mw_fix (MAXLOC), cfl_max / div_extrema (extrema)",,inventory,rhos_sum
,L0863,mass.f90:527-534,DENSITY,0.029,mass,cell/face loop,generator gap,flat-array cell loop; blockers (if any) are mesh-array views or loop-affine writes only (inventory),translated,translated,,,"kres (velo.f90:285-294), vcorr_u",,inventory,rsum_pred
61,L0866,mass.f90:570-577,DENSITY,0.029,mass,"cell loop; CYCLE on solid; rank-2 gather PBAR_S(K,PRESSURE_ZONE(I,J,K))",generator gap,rank-2 array PBAR_S indexed by a cell integer array,open,needs-feature,,AMR Species & Combustion Lead,rho_sum,"TMP from PBAR_S(K,PRESSURE_ZONE)/(RSUM*RHOS) (predictor)",read: mass.f90:570-577,
,L0871,mass.f90:687-694,DENSITY,0.029,mass,cell/face loop; reductions/CYCLE,generator gap,"flagged reduction_intrinsic: not provably loop-affine from the survey sites (marker assertion, checked by the generator' (inventory)",translated,translated,,,"flux_mw_fix (MAXLOC), cfl_max / div_extrema (extrema)",,inventory,rho_sum
62,L0872,mass.f90:709-716,DENSITY,0.029,mass,"cell loop; CYCLE on solid; array-section update ZZ(I,J,K,1:NS)",none,front end accepts; no bitwise test committed,claimed,claimed,AMR Species & Combustion Lead,,"zz_corr (mass.f90:619-632), rho_sum",ZZ divided by RHO for all scalars (corrector),read: mass.f90:709-716,
63,L0875,mass.f90:752-759,DENSITY,0.029,mass,"cell loop; CYCLE on solid; rank-2 gather PBAR(K,PRESSURE_ZONE(I,J,K))",generator gap,rank-2 array PBAR indexed by a cell integer array (inventory: rank contract),open,needs-feature,,AMR Species & Combustion Lead,rho_sum,"TMP from PBAR(K,PRESSURE_ZONE)/(RSUM*RHO) (corrector end)",read: mass.f90:752-759,
64,L0879,mass.f90:980-987,CLIP_PASSIVE_SCALARS,0.029,mass,cell loop; CYCLE on solid; module integer ZETA_INDEX as argument,none,front end accepts; no bitwise test committed,claimed,claimed,AMR Species & Combustion Lead,,rho_zz_clip_assign (mass.f90:931-937),"clip ZZP(ZETA_INDEX) to [0,1]",read: mass.f90:980-987,
65,L1391,velo.f90:1243-1253,VELOCITY_FLUX_CYLINDRICAL,0.026,velocity,"cell loop; pointer aliases to WORK2, WORK5",none,front end accepts; no bitwise test committed,open,translatable-now,,,vflux_vort_tau (velo.f90:619-639),"cylindrical vorticity and stress (OMY, TXZ)",read: velo.f90:1243-1253,
,L0376,divg.f90:561-570,DIVERGENCE_PART_1,0.025,other,cell/face loop,generator gap,flat-array cell loop; blockers (if any) are mesh-array views or loop-affine writes only (inventory),translated,translated,GPU Generator Engineer,,"kres (velo.f90:285-294), vcorr_u",,inventory,dp_kdtd
66,L0377,divg.f90:573-582,DIVERGENCE_PART_1,0.025,other,cell/face loop,none,front end accepts; no bitwise test committed,claimed,claimed,GPU Generator Engineer,,"kres (velo.f90:285-294), vcorr_u",,inventory,
67,L0380,divg.f90:622-629,DIVERGENCE_PART_1,0.025,other,cell/face loop,none,front end accepts; no bitwise test committed,claimed,claimed,GPU Generator Engineer,,"kres (velo.f90:285-294), vcorr_u",,inventory,
68,L0386,divg.f90:757-767,DIVERGENCE_PART_1,0.022,other,wall loop; wall gather; live-out scalars (PRIVATE list); zone table,table needed,scalar IPZ is written in the loop and may be read afterwards (divg.f90:774: IPZ = B1 % PRESSURE_ZONE); not in an upstrea (inventory),claimed,claimed,GPU Generator Engineer,,"wall_up_ghost, wall_us_pred",,inventory,
,L1402,velo.f90:3414-3450,WALL_VELOCITY_NO_GRADH,0.022,pressure,wall gather; face write through wall subscripts,race-uniqueness,no uniqueness proof (O3),translated,translated,GPU Wall Loops Engineer,,"wall_us_pred, wall_un_store",WALL_VELOCITY_NO_GRADH: U/V/W at the wall face from the stored normal velocity,doc: blocked-loop-families O3,wall_uvw_nograd
69,L1325,turb.f90:690-710,VARDEN_DYNSMAG,0.021,velocity,cell/face loop; bounds: policy.arrays line,generator gap,layout = exact: no ALLOCATE(M%X(...)) in init.f90/read.f90 for MLHAT (storage ['TURB_WORK2']); add policy.arrays.MLHAT (inventory),open,needs-feature,,,"kres (velo.f90:285-294), vcorr_u",,inventory,
70,L1354,velo.f90:187-196,COMPUTE_VISCOSITY,0.021,velocity,cell/face loop,none,front end accepts; no bitwise test committed,open,translatable-now,,,"kres (velo.f90:285-294), vcorr_u",,inventory,
,L1357,velo.f90:285-294,COMPUTE_VISCOSITY,0.021,velocity,cell/face loop,generator gap,flat-array cell loop; blockers (if any) are mesh-array views or loop-affine writes only (inventory),translated,translated,,,"kres (velo.f90:285-294), vcorr_u",,inventory,kres
,L1401,velo.f90:3378-3408,WALL_VELOCITY_NO_GRADH,0.021,pressure,wall loop; wall gather; live-out scalars (PRIVATE list),table needed,scalar II is written in the loop and may be read afterwards (velo.f90:3421: II = BC % II); not in an upstream !$OMP PRIV (inventory),translated,translated,,,"wall_up_ghost, wall_us_pred",,inventory,wall_us_pred
71,L0630,func.f90:5509-5524,BLOCK_CELL,0.020,other,cell/face loop; wall gather; derived-type designator table,neighbour mesh (T4),needs neighbour-mesh or ragged per-wall data (inventory),open,blocked,,,"wall_up_ghost, wall_us_pred",,inventory,
72,L0817,init.f90:4878-4889,CREATE_OR_REMOVE_OBST,0.017,solid phase,cell/face loop; derived-type designator table,generator gap,derived-type designator SPECIES_MIXTURE(1 : N_TRACKED_SPECIES) % ZZ0 (inventory),open,needs-feature,,AMR Solid Phase Lead,"kres (velo.f90:285-294), vcorr_u",,inventory,
,L0653,func.f90:1358-1368,GET_SCALAR_FACE_VALUE,0.016,mass,cell/face loop; pointer alias,generator gap,"pointer A is associated outside the routine (no `A => ...` before line 1358, not set by POINT_TO_MESH, not set by a CALL (inventory)",translated,translated,,,"kres (velo.f90:285-294), vcorr_u",,inventory,gsfv_godunov
73,L0677,func.f90:5183-5201,PACK_CELL,0.016,other,cell/face loop; wall gather; non-perfect nest (outer loop),neighbour mesh (T4),needs neighbour-mesh or ragged per-wall data (inventory),open,blocked,,,"wall_up_ghost, wall_us_pred",,inventory,
,L1352,velo.f90:137-145,COMPUTE_VISCOSITY,0.016,velocity,cell/face loop,generator gap,flat-array cell loop; blockers (if any) are mesh-array views or loop-affine writes only (inventory),translated,translated,,,"kres (velo.f90:285-294), vcorr_u",,inventory,up_deardorff
74,L1379,velo.f90:970-978,CORIOLIS_FORCE,0.016,velocity,cell loop; output views WORK7..WORK9 (pointer aliases),none,front end accepts; no bitwise test committed,open,translatable-now,,,"up_deardorff, wall_coriolis_ghost","CORIOLIS_FORCE: cell-centred velocities UP,VP,WP",read: velo.f90:962-979,
75,L1381,velo.f90:992-1000,CORIOLIS_FORCE,0.016,velocity,cell loop; constant-subscript rank-1 array OVEC(n) as by-value scalars,generator gap,"rank-1 array subscript is a constant, not a loop variable",open,needs-feature,,,vcorr_u (face-loop FVX update),CORIOLIS_FORCE: FVX += 2(OVEC(2)WBAR-OVEC(3)VBAR),read: velo.f90:989-1001,
76,L1382,velo.f90:1006-1014,CORIOLIS_FORCE,0.016,velocity,cell loop; constant-subscript rank-1 array OVEC(n),generator gap,as L1381,open,needs-feature,,,vcorr_v,CORIOLIS_FORCE: FVY update,read: velo.f90:1003-1015,
77,L1383,velo.f90:1020-1028,CORIOLIS_FORCE,0.016,velocity,face loop; constant-subscript rank-1 array OVEC(n),generator gap,as L1381,open,needs-feature,,,vcorr_w,CORIOLIS_FORCE: FVZ update,read: velo.f90:1017-1029,
78,L0911,part.f90:4643-4763,PARTICLE_MOMENTUM_TRANSFER,0.015,other,wall loop; wall gather; neighbour-mesh; pointer alias,neighbour mesh (T4),needs neighbour-mesh or ragged per-wall data (inventory),open,blocked,,,none (new); pvf_* shows the host launch rule,,inventory,
,L1348,velo.f90:3093-3108,CHECK_STABILITY,0.014,velocity,wall loop; wall gather,table needed,"wall or cut-face index loop: needs flat index tables (layout rule 4, primer item 7) (inventory)",translated,translated,,,"wall_up_ghost, wall_us_pred",,inventory,cfl_wall_max
79,L1392,velo.f90:1270-1302,VELOCITY_FLUX_CYLINDRICAL,0.014,velocity,"edge tables; K,I nest with J fixed",generator gap,"front end takes K,J,I nests only (O1, deferred)",claimed,claimed,GPU Generator Engineer,,vflux_fvx,"cylindrical edge nest (K,I with J fixed)",doc: blocked-loop-families O1,
80,L1393,velo.f90:1306-1337,VELOCITY_FLUX_CYLINDRICAL,0.014,velocity,"edge tables; K,I nest with J fixed",generator gap,as L1392,claimed,claimed,GPU Generator Engineer,,vflux_fvx,"cylindrical edge nest (K,I with J fixed)",doc: blocked-loop-families O1,
,L1400,velo.f90:3347-3368,WALL_VELOCITY_NO_GRADH,0.014,pressure,wall loop; wall gather; live-out scalars (PRIVATE list),table needed,scalar IIG is written in the loop and may be read afterwards (velo.f90:3385: iig = bc % iig); not in an upstream !$OMP P (inventory),translated,translated,,,"wall_up_ghost, wall_us_pred",,inventory,wall_un_store
81,L0373,divg.f90:499-505,DIVERGENCE_PART_1,0.012,other,cell/face loop,none,front end accepts; no bitwise test committed,claimed,claimed,GPU Generator Engineer,,"kres (velo.f90:285-294), vcorr_u",,inventory,
82,L0378,divg.f90:591-597,DIVERGENCE_PART_1,0.012,other,cell/face loop,none,front end accepts; no bitwise test committed,claimed,claimed,GPU Generator Engineer,,"kres (velo.f90:285-294), vcorr_u",,inventory,
83,L0382,divg.f90:668-674,DIVERGENCE_PART_1,0.012,other,cell/face loop,none,front end accepts; no bitwise test committed,claimed,claimed,GPU Generator Engineer,,"kres (velo.f90:285-294), vcorr_u",,inventory,
84,L0383,divg.f90:681-687,DIVERGENCE_PART_1,0.012,other,cell/face loop; rank/subscript contract,generator gap,rank-1 array GVEC subscript 3 is not a loop variable +/- constant (inventory),claimed,claimed,GPU Generator Engineer,,"kres (velo.f90:285-294), vcorr_u",,inventory,
,L0395,divg.f90:1611-1618,DIVERGENCE_PART_2,0.012,pressure,cell loop,none,translated: div2_pred,translated,translated,,,div2_pred,DIVERGENCE_PART_2: DIV predictor,read: divg.f90:1611-1618,div2_pred
,L0396,divg.f90:1621-1630,DIVERGENCE_PART_2,0.012,pressure,cell loop,none,translated: div2_corr,translated,translated,,,div2_corr,DIVERGENCE_PART_2: DIV corrector,read: divg.f90:1621-1630,div2_corr
85,L1276,turb.f90:187-194,COMPRESSION_WAVE,0.011,velocity,cell/face loop,none,front end accepts; no bitwise test committed,open,translatable-now,,,"kres (velo.f90:285-294), vcorr_u",,inventory,
86,L1277,turb.f90:195-202,COMPRESSION_WAVE,0.011,velocity,cell/face loop,none,front end accepts; no bitwise test committed,open,translatable-now,,,"kres (velo.f90:285-294), vcorr_u",,inventory,
87,L1278,turb.f90:203-210,COMPRESSION_WAVE,0.011,velocity,cell/face loop,none,front end accepts; no bitwise test committed,open,translatable-now,,,"kres (velo.f90:285-294), vcorr_u",,inventory,
88,L1279,turb.f90:211-218,COMPRESSION_WAVE,0.011,velocity,cell/face loop,none,front end accepts; no bitwise test committed,open,translatable-now,,,"kres (velo.f90:285-294), vcorr_u",,inventory,
89,L1324,turb.f90:666-678,VARDEN_DYNSMAG,0.011,velocity,cell/face loop; bounds: policy.arrays line,generator gap,layout = exact: no ALLOCATE(M%X(...)) in init.f90/read.f90 for L11 (storage ['TURB_WORK4']); add policy.arrays.L11 (inventory),open,needs-feature,,,"kres (velo.f90:285-294), vcorr_u",,inventory,
,L1343,velo.f90:3254-3261,BAROCLINIC_CORRECTION,0.011,pressure,cell/face loop,generator gap,flat-array cell loop; blockers (if any) are mesh-array views or loop-affine writes only (inventory),translated,translated,,,"kres (velo.f90:285-294), vcorr_u",,inventory,baro_p_rrho
,L1344,velo.f90:3267-3275,BAROCLINIC_CORRECTION,0.011,pressure,cell/face loop,generator gap,flat-array cell loop; blockers (if any) are mesh-array views or loop-affine writes only (inventory),translated,translated,,,"kres (velo.f90:285-294), vcorr_u",,inventory,baro_fvx
,L1345,velo.f90:3282-3290,BAROCLINIC_CORRECTION,0.011,pressure,cell/face loop,generator gap,flat-array cell loop; blockers (if any) are mesh-array views or loop-affine writes only (inventory),translated,translated,,,"kres (velo.f90:285-294), vcorr_u",,inventory,baro_fvy
,L1346,velo.f90:3297-3305,BAROCLINIC_CORRECTION,0.011,pressure,cell/face loop,generator gap,flat-array face loop; blockers (if any) are mesh-array views or loop-affine writes only (inventory),translated,translated,,,"kres (velo.f90:285-294), vcorr_u",,inventory,baro_fvz
90,L1385,velo.f90:896-903,DIRECT_FORCE,0.011,velocity,face loop; constant-subscript rank-1 array FVEC(n) as by-value scalar; ramp factor computed on the host,generator gap,rank-1 array subscript is a constant,open,needs-feature,,,vcorr_u,DIRECT_FORCE: FVX -= RRHO*FVEC(1)*ramp*SIN_THETA,read: velo.f90:895-903,
91,L1386,velo.f90:917-924,DIRECT_FORCE,0.011,velocity,face loop; FVEC(2) as scalar,generator gap,as L1385,open,needs-feature,,,vcorr_v,DIRECT_FORCE: FVY update,read: velo.f90:916-924,
92,L1387,velo.f90:938-945,DIRECT_FORCE,0.011,velocity,face loop; FVEC(3) as scalar,generator gap,as L1385,open,needs-feature,,,vcorr_w,DIRECT_FORCE: FVZ update,read: velo.f90:937-945,
,L1353,velo.f90:151-164,COMPUTE_VISCOSITY,0.009,velocity,wall loop,generator gap,wall loop over WALL/BOUNDARY_COORD/BOUNDARY_PROP1/EXTERNAL_WALL scalar components only: the generator maps them to the f (inventory),translated,translated,,,"kres (velo.f90:285-294), vcorr_u",,inventory,wall_up_ghost
93,L0890,part.f90:605-607,INSERT_VENT_PARTICLES,0.008,other,wall loop; wall gather; function callees; module scalar as argument,callee flatten (T3),a callee reads derived-type components (inventory),open,blocked,,,"wall_up_ghost, wall_us_pred",,inventory,
94,L1209,pres.f90:65-228,PRESSURE_SOLVER_COMPUTE_RHS,0.008,pressure,wall gather; neighbour-mesh (MESHES(NOM)%DX); function callees (EVALUATE_RAMP); vent table (VENTS(WC%VENT_INDEX)); wall-keyed 2-D outputs,neighbour mesh (T4),"MESHES(NOM)%DX(EWC%IIO_MIN), VENTS%PRESSURE_RAMP_INDEX, EVALUATE_RAMP, synthetic-eddy arrays",open,blocked,,AMR Pressure Solver Lead,wall_us_pred (wall gather); no neighbour-mesh model yet,"Poisson boundary arrays BXS..BZF from wall data (Neumann, Dirichlet, interpolated, open)",read: pres.f90:65-228,
,L0372,divg.f90:482-486,DIVERGENCE_PART_1,0.007,other,wall loop; wall gather; wall-subscript write (UNIQUE or gather),race-uniqueness,"write through wall subscripts, no uniqueness proof (inventory)",translated,translated,GPU Generator Engineer,,"wall_us_pred, wall_un_store (velo.f90:3347-3408)",,inventory,wall_kp_ghost
95,L1224,pres.f90:544-567,TUNNEL_POISSON_SOLVER,0.007,pressure,cell/face loop; wall gather; non-perfect nest (outer loop),neighbour mesh (T4),needs neighbour-mesh or ragged per-wall data (inventory),open,blocked,,AMR Pressure Solver Lead,"wall_up_ghost, wall_us_pred",,inventory,
,L1359,velo.f90:355-363,COMPUTE_VISCOSITY,0.006,velocity,wall loop; wall gather; wall-subscript write (UNIQUE or gather),race-uniqueness,"write through wall subscripts, no uniqueness proof (inventory)",translated,translated,GPU Wall Loops Engineer,,"wall_us_pred, wall_un_store (velo.f90:3347-3408)",,inventory,wall_visc_mirror
,L0652,func.f90:1348-1354,GET_SCALAR_FACE_VALUE,0.005,mass,cell/face loop; pointer alias,generator gap,"pointer U is associated outside the routine (no `U => ...` before line 1348, not set by POINT_TO_MESH, not set by a CALL (inventory)",translated,translated,,,"kres (velo.f90:285-294), vcorr_u",,inventory,gsfv_central
96,L1280,turb.f90:221-227,COMPRESSION_WAVE,0.005,velocity,cell/face loop,none,front end accepts; no bitwise test committed,open,translatable-now,,,"kres (velo.f90:285-294), vcorr_u",,inventory,
97,L1281,turb.f90:228-234,COMPRESSION_WAVE,0.005,velocity,cell/face loop,none,front end accepts; no bitwise test committed,open,translatable-now,,,"kres (velo.f90:285-294), vcorr_u",,inventory,
98,L1282,turb.f90:235-241,COMPRESSION_WAVE,0.005,velocity,cell/face loop,none,front end accepts; no bitwise test committed,open,translatable-now,,,"kres (velo.f90:285-294), vcorr_u",,inventory,
99,L1283,turb.f90:242-248,COMPRESSION_WAVE,0.005,velocity,cell/face loop,none,front end accepts; no bitwise test committed,open,translatable-now,,,"kres (velo.f90:285-294), vcorr_u",,inventory,
100,L1284,turb.f90:250-256,COMPRESSION_WAVE,0.005,velocity,cell/face loop,none,front end accepts; no bitwise test committed,open,translatable-now,,,"kres (velo.f90:285-294), vcorr_u",,inventory,
101,L1285,turb.f90:257-263,COMPRESSION_WAVE,0.005,velocity,cell/face loop,none,front end accepts; no bitwise test committed,open,translatable-now,,,"kres (velo.f90:285-294), vcorr_u",,inventory,
102,L1286,turb.f90:264-270,COMPRESSION_WAVE,0.005,velocity,cell/face loop,none,front end accepts; no bitwise test committed,open,translatable-now,,,"kres (velo.f90:285-294), vcorr_u",,inventory,
103,L1287,turb.f90:271-277,COMPRESSION_WAVE,0.005,velocity,cell/face loop,none,front end accepts; no bitwise test committed,open,translatable-now,,,"kres (velo.f90:285-294), vcorr_u",,inventory,
104,L1322,turb.f90:570-581,VARDEN_DYNSMAG,0.005,velocity,cell/face loop; bounds: policy.arrays line,generator gap,layout = exact: no ALLOCATE(M%X(...)) in init.f90/read.f90 for SHAT11 (storage ['TURB_WORK4']); add policy.arrays.SHAT11 (inventory),open,needs-feature,,,"kres (velo.f90:285-294), vcorr_u",,inventory,
105,L1351,velo.f90:115-121,COMPUTE_VISCOSITY,0.005,velocity,cell/face loop,none,front end accepts; no bitwise test committed,open,translatable-now,,,"kres (velo.f90:285-294), vcorr_u",,inventory,
,L1369,velo.f90:1724-1730,VELOCITY_CORRECTOR,0.005,pressure,cell/face loop,generator gap,flat-array cell loop; blockers (if any) are mesh-array views or loop-affine writes only (inventory),translated,translated,,,"kres (velo.f90:285-294), vcorr_u",,inventory,vcorr_u
,L1370,velo.f90:1734-1740,VELOCITY_CORRECTOR,0.005,pressure,cell/face loop,generator gap,flat-array cell loop; blockers (if any) are mesh-array views or loop-affine writes only (inventory),translated,translated,,,"kres (velo.f90:285-294), vcorr_u",,inventory,vcorr_v
,L1371,velo.f90:1744-1750,VELOCITY_CORRECTOR,0.005,pressure,cell/face loop,generator gap,flat-array face loop; blockers (if any) are mesh-array views or loop-affine writes only (inventory),translated,translated,,,"kres (velo.f90:285-294), vcorr_u",,inventory,vcorr_w
,L1380,velo.f90:981-987,CORIOLIS_FORCE,0.005,velocity,wall gather,none,translated: wall_coriolis_ghost,translated,translated,,,wall_coriolis_ghost,CORIOLIS_FORCE: ghost velocities at external walls,read: velo.f90:981-987,wall_coriolis_ghost
,L1394,velo.f90:1603-1609,VELOCITY_PREDICTOR,0.005,pressure,cell/face loop,generator gap,flat-array cell loop; blockers (if any) are mesh-array views or loop-affine writes only (inventory),translated,translated,,,"kres (velo.f90:285-294), vcorr_u",,inventory,vpred_us
,L1395,velo.f90:1613-1619,VELOCITY_PREDICTOR,0.005,pressure,cell/face loop,generator gap,flat-array cell loop; blockers (if any) are mesh-array views or loop-affine writes only (inventory),translated,translated,,,"kres (velo.f90:285-294), vcorr_u",,inventory,vpred_vs
,L1396,velo.f90:1623-1629,VELOCITY_PREDICTOR,0.005,pressure,cell/face loop,generator gap,flat-array face loop; blockers (if any) are mesh-array views or loop-affine writes only (inventory),translated,translated,,,"kres (velo.f90:285-294), vcorr_u",,inventory,vpred_ws
106,L1204,pres.f90:1931-1994,ULMAT_SOLVE_ZONE,0.003,pressure,wall loop; wall gather; derived-type designator table; zone table,neighbour mesh (T4),needs neighbour-mesh or ragged per-wall data (inventory),open,blocked,,AMR Pressure Solver Lead,"wall_up_ghost, wall_us_pred",,inventory,
107,L0596,fire.f90:1902-1918,COMBUSTION_BC,0.002,species/combustion,wall loop; wall gather; neighbour-mesh; derived-type designator table,neighbour mesh (T4),needs neighbour-mesh or ragged per-wall data (inventory),open,blocked,,AMR Species & Combustion Lead,none (new); pvf_* shows the host launch rule,,inventory,
108,L1198,pres.f90:1837-1846,ULMAT_SOLVE_ZONE,0.002,pressure,cell/face loop; wall gather; derived-type designator table; zone table,neighbour mesh (T4),needs neighbour-mesh or ragged per-wall data (inventory),open,blocked,,AMR Pressure Solver Lead,"wall_up_ghost, wall_us_pred",,inventory,
109,L1211,pres.f90:250-260,PRESSURE_SOLVER_COMPUTE_RHS,0.002,pressure,cell loop,none,front end accepts; no bitwise test committed,open,translatable-now,,AMR Pressure Solver Lead,"dp_kdtd (divg.f90:561-570, same flux-difference form)","Poisson RHS PRHS (3-D, IPS 1/4/7)",read: pres.f90:250-260,
110,L1212,pres.f90:267-277,PRESSURE_SOLVER_COMPUTE_RHS,0.002,pressure,cell loop; transposed output subscripts,generator gap,layout contract: output subscript is not I+/-c,open,needs-feature,,AMR Pressure Solver Lead,dp_kdtd with a permuted store,"Poisson RHS PRHS transposed (IPS 2: PRHS(J,I,K))",read: pres.f90:267-277,
111,L1213,pres.f90:282-292,PRESSURE_SOLVER_COMPUTE_RHS,0.002,pressure,cell loop; transposed output subscripts,generator gap,layout contract,open,needs-feature,,AMR Pressure Solver Lead,dp_kdtd with a permuted store,"Poisson RHS PRHS transposed (IPS 3,6: PRHS(K,J,I))",read: pres.f90:282-292,
112,L1214,pres.f90:297-307,PRESSURE_SOLVER_COMPUTE_RHS,0.002,pressure,cell loop; transposed output subscripts,generator gap,layout contract,open,needs-feature,,AMR Pressure Solver Lead,dp_kdtd with a permuted store,"Poisson RHS PRHS transposed (IPS 5: PRHS(I,K,J))",read: pres.f90:297-307,
113,L1245,radi.f90:5044-5059,RADIATION_FVM,0.002,radiation,file output,host (I/O),"writes files; host (R1 sign-off: accept, host)",not planned (host),host-side,AMR Radiation Lead,,none,RADIATION_FVM: RADF file write,doc: radiation 00-r1-signoff,
114,L1273,soot.f90:412-472,SOOT_SURFACE_OXIDATION,0.002,species/combustion,wall loop; wall gather; pointer alias,neighbour mesh (T4),needs neighbour-mesh or ragged per-wall data (inventory),open,blocked,,AMR Species & Combustion Lead,"wall_up_ghost, wall_us_pred",,inventory,
115,L0680,func.f90:2845-2847,COMPUTE_WIND_COMPONENTS,0.001,other,cell/face loop; wall gather; function callees; non-perfect nest (outer loop),callee flatten (T3),a callee reads derived-type components (inventory),open,blocked,,,"wall_up_ghost, wall_us_pred",,inventory,
,L1122,pres.f90:4351-4356,COPY_CCVAR_IN_HS,0.001,pressure,wall gather,none,translated: wall_hs_bt,translated,translated,,,wall_hs_bt,HS from WALL boundary type for IS_WALLT (CC_IBM helper),read: pres.f90:4351-4356,wall_hs_bt
116,L1130,pres.f90:5580-5601,GET_H_REGFACES,0.001,pressure,wall gather; rank-4 LOGICAL table,table needed,P4: rank-4 LOGICAL array has no table kind; host acceptable,open,needs-feature,,AMR Pressure Solver Lead,wall_up_ghost,LOG_INTWC marks for internal solid faces (set-up),read: pres.f90:5580-5601,
117,L1154,pres.f90:2031-2047,ULMAT_GET_H_REGFACES,0.001,pressure,wall gather; rank-4 LOGICAL table,table needed,P4; host acceptable,open,needs-feature,,AMR Pressure Solver Lead,wall_up_ghost,"LOG_INTWC marks, ULMAT variant (set-up)",doc: blocked-loop-families P4,
118,L1190,pres.f90:1686-1694,ULMAT_SOLVE_ZONE,0.001,pressure,cell/face loop; wall gather; derived-type designator table; zone table,neighbour mesh (T4),needs neighbour-mesh or ragged per-wall data (inventory),open,blocked,,AMR Pressure Solver Lead,"wall_up_ghost, wall_us_pred",,inventory,
119,L1192,pres.f90:1713-1720,ULMAT_SOLVE_ZONE,0.001,pressure,cell/face loop; wall gather; zone table,neighbour mesh (T4),needs neighbour-mesh or ragged per-wall data (inventory),open,blocked,,AMR Pressure Solver Lead,"wall_up_ghost, wall_us_pred",,inventory,
120,L1194,pres.f90:1782-1790,ULMAT_SOLVE_ZONE,0.001,pressure,cell/face loop; wall gather; derived-type designator table; zone table,neighbour mesh (T4),needs neighbour-mesh or ragged per-wall data (inventory),open,blocked,,AMR Pressure Solver Lead,"wall_up_ghost, wall_us_pred",,inventory,
121,L1196,pres.f90:1808-1815,ULMAT_SOLVE_ZONE,0.001,pressure,cell/face loop; wall gather; zone table,neighbour mesh (T4),needs neighbour-mesh or ragged per-wall data (inventory),open,blocked,,AMR Pressure Solver Lead,"wall_up_ghost, wall_us_pred",,inventory,
122,L1206,pres.f90:729-742,PRESSURE_SOLVER_CHECK_RESIDUALS,0.001,pressure,"cell loop; bounds (WORK8 view, policy.arrays)",generator gap,"layout = exact: WORK8(1:IBAR,..) has no ALLOCATE line; diagnostic only",open,needs-feature,,AMR Pressure Solver Lead,dp_kdtd,CHECK_POISSON residual (diagnostic),read: pres.f90:729-742,
123,L1208,pres.f90:768-787,PRESSURE_SOLVER_CHECK_RESIDUALS,0.001,pressure,"cell loop; bounds (WORK8 view); reduction by the caller (MAXVAL, MAXLOC)",generator gap,layout = exact: WORK8 view; MAXVAL/MAXLOC after the loop stay on the host,open,needs-feature,,AMR Pressure Solver Lead,"baro_fvx, cfl_max (reduction)",inseparable Poisson residual (ITERATE_BAROCLINIC_TERM),read: pres.f90:768-787,
124,L1248,radi.f90:3651-3662,INTERPOLATE_IL,0.001,radiation,"wall loop; ragged per-wall table BR_ILW(NRA,bands,wall); ILW_OLD copy kept (ping-pong table or per-thread scratch); I_INTP accumulation ascending and serial per angle",table needed,"low priority, host first; blocked on the ragged BR_ILW table; runs only at a new angle cycle (R1 sign-off: accept with change)",claimed,claimed,AMR Radiation Lead,,none (new),INTERPOLATE_IL: wall loop interpolating ILW between angles,doc: radiation 00-r1-signoff,
125,L1318,turb.f90:1054-1059,TEST_FILTER,0.001,velocity,cell/face loop; non-perfect nest (outer loop),generator gap,"loop nest ['K', 'J'] at line 1054 is not a perfect K,J,I nest, nor an index loop (N) around one (collapse contract) (inventory)",open,needs-feature,,,zz_corr (species N outermost),,inventory,
126,L1319,turb.f90:1063-1068,TEST_FILTER,0.001,velocity,cell/face loop; non-perfect nest (outer loop),generator gap,"loop nest ['K', 'I'] at line 1063 is not a perfect K,J,I nest, nor an index loop (N) around one (collapse contract) (inventory)",open,needs-feature,,,zz_corr (species N outermost),,inventory,
127,L1320,turb.f90:1072-1077,TEST_FILTER,0.001,velocity,cell/face loop; non-perfect nest (outer loop),generator gap,"loop nest ['J', 'I'] at line 1072 is not a perfect K,J,I nest, nor an index loop (N) around one (collapse contract) (inventory)",open,needs-feature,,,zz_corr (species N outermost),,inventory,
128,L1375,velo.f90:649-653,VELOCITY_FLUX,0.001,velocity,1-D loop 0:IBAR; function callees (EVALUATE_RAMP on a ramp table),generator gap,callee is a function of a ramp table (O1),claimed,claimed,GPU Generator Engineer,,vflux_fvx host_inputs GX/GY/GZ,gravity components GX/GY/GZ by EVALUATE_RAMP,read: velo.f90:644-654,
129,L0608,fire.f90:1957-1961,CONDENSATION_EVAPORATION,0.000,species/combustion,wall loop; constant store through B1 alias (idempotent),none,front end accepts; no bitwise test committed,claimed,claimed,AMR Species & Combustion Lead,,wall_b2_work1 (part.f90:3654-3659),B1%Q_CONDENSE = 0 over all walls,read: fire.f90:1957-1961,
130,L0884,part.f90:4606-4617,CLIP_PARTICLE_DRAG,0.000,other,cell/face loop,none,front end accepts; no bitwise test committed,open,translatable-now,,,"kres (velo.f90:285-294), vcorr_u",,inventory,
,L0906,part.f90:3654-3659,PARTICLE_MASS_ENERGY_TRANSFER,0.000,other,wall loop,generator gap,wall loop over WALL/BOUNDARY_COORD/BOUNDARY_PROP1/EXTERNAL_WALL scalar components only: the generator maps them to the f (inventory),translated,translated,,,"kres (velo.f90:285-294), vcorr_u",,inventory,wall_b2_work1
131,L1203,pres.f90:1923-1925,ULMAT_SOLVE_ZONE,0.000,pressure,cell/face loop; non-perfect nest (outer loop),generator gap,"loop nest ['I'] at line 1923 is not a perfect K,J,I nest, nor an index loop (N) around one (collapse contract) (inventory)",open,needs-feature,,AMR Pressure Solver Lead,zz_corr (species N outermost),,inventory,
132,L1207,pres.f90:758-764,PRESSURE_SOLVER_CHECK_RESIDUALS,0.000,pressure,cell loop,none,front end accepts; no bitwise test committed,open,translatable-now,,AMR Pressure Solver Lead,"baro_p_rrho (velo.f90:3254-3261, same formula)",P = RHOP*(HP-KRES) over the full box,read: pres.f90:758-764,
133,L1210,pres.f90:238-245,PRESSURE_SOLVER_COMPUTE_RHS,0.000,pressure,"cell loop (K,I with J=1); non-perfect nest",generator gap,"front end takes K,J,I nests only (same as L1392/L1393)",open,needs-feature,,AMR Pressure Solver Lead,vflux_fvx (flux differences),"Poisson RHS, cylindrical K,I nest",read: pres.f90:238-245,
134,L1215,pres.f90:394-400,PRESSURE_SOLVER_FFT,0.000,pressure,cell loop,none,front end accepts; whether the loop survives depends on the solver driver (FR-037),open,translatable-now,,AMR Pressure Solver Lead,vcorr_u (plain cell copy form),"copy PRHS to HP after the FFT solve (IPS 1,4,7)",read: pres.f90:394-400,
135,L1216,pres.f90:404-410,PRESSURE_SOLVER_FFT,0.000,pressure,cell loop; transposed input subscripts,generator gap,layout contract,open,needs-feature,,AMR Pressure Solver Lead,as L1215,"copy PRHS to HP (IPS 2: PRHS(J,I,K))",read: pres.f90:404-410,
136,L1217,pres.f90:414-420,PRESSURE_SOLVER_FFT,0.000,pressure,cell loop; transposed input subscripts,generator gap,layout contract,open,needs-feature,,AMR Pressure Solver Lead,as L1215,"copy PRHS to HP (IPS 3,6)",read: pres.f90:414-420,
137,L1218,pres.f90:424-430,PRESSURE_SOLVER_FFT,0.000,pressure,cell loop; transposed input subscripts,generator gap,layout contract,open,needs-feature,,AMR Pressure Solver Lead,as L1215,copy PRHS to HP (IPS 5),read: pres.f90:424-430,
138,L1219,pres.f90:438-440,PRESSURE_SOLVER_FFT,0.000,pressure,non-perfect nest (section assignment); 1-D table H_BAR(I_OFFSET+I),generator gap,inside !$OMP MASTER; only with TUNNEL_PRECONDITIONER,open,needs-feature,,AMR Pressure Solver Lead,none,"tunnel preconditioner: add H_BAR to HP (loop over I, section assignment)",read: pres.f90:438-440,
139,L1220,pres.f90:450-462,PRESSURE_SOLVER_FFT,0.000,pressure,"K,J-only nest; integer BC-code scalars as arguments; reads BXS/BXF",generator gap,"front end takes K,J,I nests only",open,needs-feature,,AMR Pressure Solver Lead,wall_hs_bt (boundary store),H boundary fill in x (LBC/MBC/NBC code tests),read: pres.f90:450-462,
140,L1221,pres.f90:466-477,PRESSURE_SOLVER_FFT,0.000,pressure,"K,I-only nest; integer BC-code scalars as arguments",generator gap,"front end takes K,J,I nests only",open,needs-feature,,AMR Pressure Solver Lead,as L1220,H boundary fill in y,read: pres.f90:466-477,
141,L1222,pres.f90:481-492,PRESSURE_SOLVER_FFT,0.000,pressure,"J,I-only nest; integer BC-code scalars as arguments",generator gap,"front end takes K,J,I nests only",open,needs-feature,,AMR Pressure Solver Lead,as L1220,H boundary fill in z,read: pres.f90:481-492,
142,L1223,pres.f90:531-537,TUNNEL_POISSON_SOLVER,0.000,pressure,cell/face loop; wall gather,neighbour mesh (T4),needs neighbour-mesh or ragged per-wall data (inventory),open,blocked,,AMR Pressure Solver Lead,"wall_up_ghost, wall_us_pred",,inventory,
143,L1225,pres.f90:576-582,TUNNEL_POISSON_SOLVER,0.000,pressure,cell/face loop; wall gather; non-perfect nest (outer loop),neighbour mesh (T4),needs neighbour-mesh or ragged per-wall data (inventory),open,blocked,,AMR Pressure Solver Lead,"wall_up_ghost, wall_us_pred",,inventory,
144,L1226,pres.f90:583-589,TUNNEL_POISSON_SOLVER,0.000,pressure,cell/face loop; wall gather; non-perfect nest (outer loop),neighbour mesh (T4),needs neighbour-mesh or ragged per-wall data (inventory),open,blocked,,AMR Pressure Solver Lead,"wall_up_ghost, wall_us_pred",,inventory,
145,L1227,pres.f90:591-596,TUNNEL_POISSON_SOLVER,0.000,pressure,cell/face loop; wall gather; non-perfect nest (outer loop),neighbour mesh (T4),needs neighbour-mesh or ragged per-wall data (inventory),open,blocked,,AMR Pressure Solver Lead,"wall_up_ghost, wall_us_pred",,inventory,
,L1239,radi.f90:3886-3892,RADIATION_FVM,0.000,radiation,wall loop; wall gather (SF%TMP_GAS_FRONT through SURF_INDEX); B1_PRESENT flag in the wall table (value of B1_INDEX>0),table needed,needs the B1_PRESENT wall-table flag; each wall writes only its own B1%Q_RAD_IN (R1 sign-off: accept),translated,translated,AMR Radiation Lead,,"wall_up_ghost, wall_us_pred",RADIATION_FVM: zero Q_RAD_IN where TMP_GAS_FRONT<=0,doc: radiation 00-r1-signoff,rad_wall_qin_zero
146,L1243,radi.f90:4961-4970,RADIATION_FVM,0.000,radiation,"wall loop; ragged per-wall table BR_ILW(NRA,bands,wall); per-band temporary T=0; T=T+ILW(N); Q=Q+T (flat chain is not bitwise); OPEN_BOUNDARY and IW<=N_EXTERNAL_WALL_CELLS conditions",table needed,blocked on the ragged BR_ILW table (not on neighbour-mesh data); the generator refuses the BR pointer alias today (R1 sign-off: accept with change),claimed,claimed,AMR Radiation Lead,,"rad_wall_qin_zero (radiation sidecar, uncommitted)",RADIATION_FVM: open-boundary Q_RAD_IN = Q + per-band sum over angles of ILW,doc: radiation 00-r1-signoff,rad_uii_sum
147,L1289,turb.f90:882-884,FILL_EDGES,0.000,velocity,cell/face loop; non-perfect nest (outer loop); reductions/CYCLE,generator gap,"loop nest ['I'] at line 882 is not a perfect K,J,I nest, nor an index loop (N) around one (collapse contract) (inventory)",open,needs-feature,,,"flux_mw_fix (MAXLOC), cfl_max / div_extrema (extrema)",,inventory,
148,L1290,turb.f90:887-889,FILL_EDGES,0.000,velocity,cell/face loop; non-perfect nest (outer loop); reductions/CYCLE,generator gap,"loop nest ['I'] at line 887 is not a perfect K,J,I nest, nor an index loop (N) around one (collapse contract) (inventory)",open,needs-feature,,,"flux_mw_fix (MAXLOC), cfl_max / div_extrema (extrema)",,inventory,
149,L1291,turb.f90:892-894,FILL_EDGES,0.000,velocity,cell/face loop; non-perfect nest (outer loop); reductions/CYCLE,generator gap,"loop nest ['I'] at line 892 is not a perfect K,J,I nest, nor an index loop (N) around one (collapse contract) (inventory)",open,needs-feature,,,"flux_mw_fix (MAXLOC), cfl_max / div_extrema (extrema)",,inventory,
150,L1292,turb.f90:897-899,FILL_EDGES,0.000,velocity,cell/face loop; non-perfect nest (outer loop); reductions/CYCLE,generator gap,"loop nest ['I'] at line 897 is not a perfect K,J,I nest, nor an index loop (N) around one (collapse contract) (inventory)",open,needs-feature,,,"flux_mw_fix (MAXLOC), cfl_max / div_extrema (extrema)",,inventory,
151,L1293,turb.f90:904-906,FILL_EDGES,0.000,velocity,cell/face loop; non-perfect nest (outer loop); reductions/CYCLE,generator gap,"loop nest ['J'] at line 904 is not a perfect K,J,I nest, nor an index loop (N) around one (collapse contract) (inventory)",open,needs-feature,,,"flux_mw_fix (MAXLOC), cfl_max / div_extrema (extrema)",,inventory,
152,L1294,turb.f90:909-911,FILL_EDGES,0.000,velocity,cell/face loop; non-perfect nest (outer loop); reductions/CYCLE,generator gap,"loop nest ['J'] at line 909 is not a perfect K,J,I nest, nor an index loop (N) around one (collapse contract) (inventory)",open,needs-feature,,,"flux_mw_fix (MAXLOC), cfl_max / div_extrema (extrema)",,inventory,
153,L1295,turb.f90:914-916,FILL_EDGES,0.000,velocity,cell/face loop; non-perfect nest (outer loop); reductions/CYCLE,generator gap,"loop nest ['J'] at line 914 is not a perfect K,J,I nest, nor an index loop (N) around one (collapse contract) (inventory)",open,needs-feature,,,"flux_mw_fix (MAXLOC), cfl_max / div_extrema (extrema)",,inventory,
154,L1296,turb.f90:919-921,FILL_EDGES,0.000,velocity,cell/face loop; non-perfect nest (outer loop); reductions/CYCLE,generator gap,"loop nest ['J'] at line 919 is not a perfect K,J,I nest, nor an index loop (N) around one (collapse contract) (inventory)",open,needs-feature,,,"flux_mw_fix (MAXLOC), cfl_max / div_extrema (extrema)",,inventory,
155,L1297,turb.f90:926-928,FILL_EDGES,0.000,velocity,cell/face loop; non-perfect nest (outer loop); reductions/CYCLE,generator gap,"loop nest ['K'] at line 926 is not a perfect K,J,I nest, nor an index loop (N) around one (collapse contract) (inventory)",open,needs-feature,,,"flux_mw_fix (MAXLOC), cfl_max / div_extrema (extrema)",,inventory,
156,L1298,turb.f90:931-933,FILL_EDGES,0.000,velocity,cell/face loop; non-perfect nest (outer loop); reductions/CYCLE,generator gap,"loop nest ['K'] at line 931 is not a perfect K,J,I nest, nor an index loop (N) around one (collapse contract) (inventory)",open,needs-feature,,,"flux_mw_fix (MAXLOC), cfl_max / div_extrema (extrema)",,inventory,
157,L1299,turb.f90:936-938,FILL_EDGES,0.000,velocity,cell/face loop; non-perfect nest (outer loop); reductions/CYCLE,generator gap,"loop nest ['K'] at line 936 is not a perfect K,J,I nest, nor an index loop (N) around one (collapse contract) (inventory)",open,needs-feature,,,"flux_mw_fix (MAXLOC), cfl_max / div_extrema (extrema)",,inventory,
158,L1300,turb.f90:941-943,FILL_EDGES,0.000,velocity,cell/face loop; non-perfect nest (outer loop); reductions/CYCLE,generator gap,"loop nest ['K'] at line 941 is not a perfect K,J,I nest, nor an index loop (N) around one (collapse contract) (inventory)",open,needs-feature,,,"flux_mw_fix (MAXLOC), cfl_max / div_extrema (extrema)",,inventory,
159,L1330,vege.f90:618-623,GET_BOUNDARY_VALUES,0.000,solid phase,cell/face loop; wall gather; function callees; non-perfect nest (outer loop),callee flatten (T3),a callee reads derived-type components (inventory),open,blocked,,AMR Solid Phase Lead,"wall_up_ghost, wall_us_pred",,inventory,
160,L1331,vege.f90:624-629,GET_BOUNDARY_VALUES,0.000,solid phase,cell/face loop; wall gather; function callees; non-perfect nest (outer loop),callee flatten (T3),a callee reads derived-type components (inventory),open,blocked,,AMR Solid Phase Lead,"wall_up_ghost, wall_us_pred",,inventory,
161,L1332,vege.f90:630-639,GET_BOUNDARY_VALUES,0.000,solid phase,cell/face loop; wall gather; function callees; non-perfect nest (outer loop),callee flatten (T3),a callee reads derived-type components (inventory),open,blocked,,AMR Solid Phase Lead,"wall_up_ghost, wall_us_pred",,inventory,
162,L1333,vege.f90:678-699,FILL_BOUNDARY_VALUES,0.000,solid phase,cell/face loop; wall gather; neighbour-mesh; non-perfect nest (outer loop),neighbour mesh (T4),needs neighbour-mesh or ragged per-wall data (inventory),open,blocked,,AMR Solid Phase Lead,none (new); pvf_* shows the host launch rule,,inventory,
163,L1334,vege.f90:885-894,LEVEL_SET_ADVECT_FLUX,0.000,solid phase,cell/face loop; non-perfect nest (outer loop),generator gap,"loop nest ['J', 'I'] at line 885 is not a perfect K,J,I nest, nor an index loop (N) around one (collapse contract) (inventory)",open,needs-feature,,AMR Solid Phase Lead,zz_corr (species N outermost),,inventory,
164,L1335,vege.f90:896-905,LEVEL_SET_ADVECT_FLUX,0.000,solid phase,cell/face loop; non-perfect nest (outer loop),generator gap,"loop nest ['J', 'I'] at line 896 is not a perfect K,J,I nest, nor an index loop (N) around one (collapse contract) (inventory)",open,needs-feature,,AMR Solid Phase Lead,zz_corr (species N outermost),,inventory,
165,L1336,vege.f90:907-914,LEVEL_SET_ADVECT_FLUX,0.000,solid phase,cell/face loop; non-perfect nest (outer loop),generator gap,"loop nest ['J', 'I'] at line 907 is not a perfect K,J,I nest, nor an index loop (N) around one (collapse contract) (inventory)",open,needs-feature,,AMR Solid Phase Lead,zz_corr (species N outermost),,inventory,
166,L1340,vege.f90:763-857,LEVEL_SET_SPREAD_RATE,0.000,solid phase,cell/face loop; non-perfect nest (outer loop),generator gap,"loop nest ['J'] at line 763 is not a perfect K,J,I nest, nor an index loop (N) around one (collapse contract) (inventory)",open,needs-feature,,AMR Solid Phase Lead,zz_corr (species N outermost),,inventory,
